authorMeta/avatar,webVideoUrl,authorMeta/bioLink,authorMeta/createTime,authorMeta/digg,authorMeta/fans,authorMeta/followDatasetUrl,authorMeta/following,authorMeta/friends,authorMeta/heart,authorMeta/id,authorMeta/name,authorMeta/nickName,authorMeta/originalAvatarUrl,authorMeta/privateAccount,authorMeta/profileUrl,authorMeta/signature,authorMeta/verified,authorMeta/video,collectCount,commentCount,commentsDatasetUrl,createTime,createTimeISO,detailedMentions/0/id,detailedMentions/0/name,detailedMentions/0/nickName,detailedMentions/0/postUrl,detailedMentions/0/profileUrl,diggCount,effectStickers/0/ID,effectStickers/0/name,effectStickers/0/stickerStats/useCount,effectStickers/1/ID,effectStickers/1/name,effectStickers/1/stickerStats/useCount,effectStickers/2/ID,effectStickers/2/name,effectStickers/2/stickerStats/useCount,hashtags/0/name,hashtags/1/name,hashtags/2/name,hashtags/3/name,hashtags/4/name,hashtags/5/name,hashtags/6/name,hashtags/7/name,hashtags/8/name,hashtags/9/name,hashtags/10/name,hashtags/11/name,id,input,isAd,isPinned,isSlideshow,isSponsored,locationMeta/address,locationMeta/city,locationMeta/cityCode,locationMeta/countryCode,locationMeta/locationId,locationMeta/locationName,mentions/0,musicMeta/coverMediumUrl,musicMeta/musicAlbum,musicMeta/musicAuthor,musicMeta/musicId,musicMeta/musicName,musicMeta/musicOriginal,musicMeta/originalCoverMediumUrl,musicMeta/playUrl,playCount,repostCount,searchHashtag/name,searchHashtag/views,shareCount,shortDramaSeriesInfo,text,textLanguage,videoMeta/coverUrl,videoMeta/definition,videoMeta/duration,videoMeta/format,videoMeta/height,videoMeta/originalCoverUrl,videoMeta/subtitleLinks,videoMeta/subtitleLinks/0/downloadLink,videoMeta/subtitleLinks/0/language,videoMeta/subtitleLinks/0/source,videoMeta/subtitleLinks/0/sourceUnabbreviated,videoMeta/subtitleLinks/0/tiktokLink,videoMeta/subtitleLinks/0/version,videoMeta/subtitleLinks/1/downloadLink,videoMeta/subtitleLinks/1/language,videoMeta/subtitleLinks/1/source,videoMeta/subtitleLinks/1/sourceUnabbreviated,videoMeta/subtitleLinks/1/tiktokLink,videoMeta/subtitleLinks/1/version,videoMeta/transcriptionLink,videoMeta/width
https://p16-common-sign.tiktokcdn-eu.com/tos-no1a-avt-0068c001-no/f5b5e1684d86890d219ced34ac17204d~tplv-tiktokx-cropcenter:720:720.jpeg?dr=10399&refresh_token=bcae36ed&x-expires=1785031200&x-signature=wNKQpiHdiamo0POudIBOOzlOybY%3D&t=4d5b0474&ps=13740610&shp=a5d48078&shcp=81f88b70&idc=no1a,https://www.tiktok.com/@soul_lena0/video/7663181804635032854,,,94,194,,9,0,17100,7654558285324485664,soul_lena0,soul_lena💔,https://p16-common-sign.tiktokcdn-eu.com/tos-no1a-avt-0068c001-no/f5b5e1684d86890d219ced34ac17204d~tplv-tiktokx-cropcenter:720:720.jpeg?dr=10399&refresh_token=bcae36ed&x-expires=1785031200&x-signature=wNKQpiHdiamo0POudIBOOzlOybY%3D&t=4d5b0474&ps=13740610&shp=a5d48078&shcp=81f88b70&idc=no1a,FALSE,https://www.tiktok.com/@soul_lena0,тут все о нежной любви к себе...💔,FALSE,59,150,42,,1784223557,2026-07-16T17:39:17.000Z,,,,,,571,1228226069,No Filter Slim-soft touch,0,457414,Green Screen Video,0,277644917,Pretty Natural Face,0,ww465373,шампунь,моюголову,длинныеволосы,густыеволосы,,,,,,,,7663181804635032854,Shampoo,FALSE,FALSE,FALSE,FALSE,,,,,,,,https://p16-common-sign.tiktokcdn-eu.com/tos-no1a-avt-0068c001-no/f5b5e1684d86890d219ced34ac17204d~tplv-tiktokx-cropcenter:720:720.jpeg?dr=10399&refresh_token=bcae36ed&x-expires=1785031200&x-signature=wNKQpiHdiamo0POudIBOOzlOybY%3D&t=4d5b0474&ps=13740610&shp=a5d48078&shcp=81f88b70&idc=no1a,,soul_lena💔,7663181821315697430,оригинальный звук,TRUE,https://p16-common-sign.tiktokcdn-eu.com/tos-no1a-avt-0068c001-no/f5b5e1684d86890d219ced34ac17204d~tplv-tiktokx-cropcenter:720:720.jpeg?dr=10399&refresh_token=bcae36ed&x-expires=1785031200&x-signature=wNKQpiHdiamo0POudIBOOzlOybY%3D&t=4d5b0474&ps=13740610&shp=a5d48078&shcp=81f88b70&idc=no1a,https://v16m.tiktokcdn-eu.com/e77c25fb18960fb211583d517a4328d9/6a641eb4/video/tos/no1a/tos-no1a-v-2370-no/oE0eeKAYIRGEsIQLixDmiUW6yrFLToKWQGgVeX/?a=1233&bti=ODszNWYuMDE6&&bt=125&ft=.NpOcInz7ThILT8GXq8Zmo&mime_type=audio_mpeg&rc=OjQ8PDo5NDxlNDxlPDU5M0Bpam9kcHY5cmxrPDMzbzU8NUBjNGEvYF9eNjMxMGExXzBgYSNjX2BkMmQ0YmBhLS1kMTFzcw%3D%3D&vvpl=1&l=2026072402253572CEEAE7FE344CEEBA7B&btag=e00070000,29900,0,shampoo,41700000000,15,,"ЭТО реально изменило качество моих волос…🙏

Мой 💞 шампунь/бальзам арт. #WW465373

#шампунь#моюголову#длинныеволосы#густыеволосы",ru,https://p16-common-sign.tiktokcdn-eu.com/tos-no1a-p-0037-no/o8fq18RBELDW0ZxEQFFdEEA0FfArIgCwREAkKA~tplv-tiktokx-origin.image?dr=10395&x-expires=1785031200&x-signature=3%2BXdXlwRGHENNqTq%2BT9XR4%2B2oIo%3D&t=4d5b0474&ps=13740610&shp=81f88b70&shcp=43f4a2f9&idc=no1a,540p,21,mp4,1024,https://p16-common-sign.tiktokcdn-eu.com/tos-no1a-p-0037-no/o8fq18RBELDW0ZxEQFFdEEA0FfArIgCwREAkKA~tplv-tiktokx-origin.image?dr=10395&x-expires=1785031200&x-signature=3%2BXdXlwRGHENNqTq%2BT9XR4%2B2oIo%3D&t=4d5b0474&ps=13740610&shp=81f88b70&shcp=43f4a2f9&idc=no1a,,https://v16-webapp.tiktokcdn-eu.com/6913466ba6d4a91b29b47aeaa9285af5/6a657034/video/tos/no1a/tos-no1a-v-0037-no/8f9acaeb7f6b4aafa1478d4380534b36/?a=1988&bti=ODszNWYuMDE6&&bt=9732&ft=_sO_C~0rM12NvjDhvf7nRf.NYHcI6IxVvYzpiX&mime_type=video_mp4&rc=M21neXU5cnRrPDMzbzczNUBpM21neXU5cnRrPDMzbzczNUAxM2ZpMmRrX2BhLS1kMTFzYSMxM2ZpMmRrX2BhLS1kMTFzcw%3D%3D&l=2026072402253572CEEAE7FE344CEEBA7B&btag=e00078000,eng-US,MT,machine translation,https://v16-webapp.tiktokcdn-eu.com/6913466ba6d4a91b29b47aeaa9285af5/6a657034/video/tos/no1a/tos-no1a-v-0037-no/8f9acaeb7f6b4aafa1478d4380534b36/?a=1988&bti=ODszNWYuMDE6&&bt=9732&ft=_sO_C~0rM12NvjDhvf7nRf.NYHcI6IxVvYzpiX&mime_type=video_mp4&rc=M21neXU5cnRrPDMzbzczNUBpM21neXU5cnRrPDMzbzczNUAxM2ZpMmRrX2BhLS1kMTFzYSMxM2ZpMmRrX2BhLS1kMTFzcw%3D%3D&l=2026072402253572CEEAE7FE344CEEBA7B&btag=e00078000,4,https://v16-webapp.tiktokcdn-eu.com/0f1a8f1c9531731bf90e142252c57767/6a657034/video/tos/no1a/tos-no1a-v-0037-no/bfd7c301ac9b4fc79bad5fe21523a5ac/?a=1988&bti=ODszNWYuMDE6&&bt=9732&ft=_sO_C~0rM12NvjDhvf7nRf.NYHcI6IxVvYzpiX&mime_type=video_mp4&rc=M21neXU5cnRrPDMzbzczNUBpM21neXU5cnRrPDMzbzczNUAxM2ZpMmRrX2BhLS1kMTFzYSMxM2ZpMmRrX2BhLS1kMTFzcw%3D%3D&l=2026072402253572CEEAE7FE344CEEBA7B&btag=e00078000,rus-RU,ASR,automatic speech recognition,https://v16-webapp.tiktokcdn-eu.com/0f1a8f1c9531731bf90e142252c57767/6a657034/video/tos/no1a/tos-no1a-v-0037-no/bfd7c301ac9b4fc79bad5fe21523a5ac/?a=1988&bti=ODszNWYuMDE6&&bt=9732&ft=_sO_C~0rM12NvjDhvf7nRf.NYHcI6IxVvYzpiX&mime_type=video_mp4&rc=M21neXU5cnRrPDMzbzczNUBpM21neXU5cnRrPDMzbzczNUAxM2ZpMmRrX2BhLS1kMTFzYSMxM2ZpMmRrX2BhLS1kMTFzcw%3D%3D&l=2026072402253572CEEAE7FE344CEEBA7B&btag=e00078000,1:whisper_lid,https://api.apify.com/v2/key-value-stores/0Lnl6a9zwT52Tcm1j/records/transcription-soul_lena0-20260716173917-7663181804635032854.txt,576
https://p16-common-sign.tiktokcdn-eu.com/tos-no1a-avt-0068c001-no/41886fe83195ecbcfcd443fa5c471337~tplv-tiktokx-cropcenter:720:720.jpeg?dr=10399&refresh_token=54044d01&x-expires=1785031200&x-signature=YFJyjMPKLyjOg9K2fQnoKaSudJM%3D&t=4d5b0474&ps=13740610&shp=a5d48078&shcp=81f88b70&idc=no1a,https://www.tiktok.com/@the.og.cats.pyjamas/video/7565961220092644630,,,580,826,,287,0,59500,7561911799390979104,the.og.cats.pyjamas,The Cat’s Pyjamas,https://p16-common-sign.tiktokcdn-eu.com/tos-no1a-avt-0068c001-no/41886fe83195ecbcfcd443fa5c471337~tplv-tiktokx-cropcenter:720:720.jpeg?dr=10399&refresh_token=54044d01&x-expires=1785031200&x-signature=YFJyjMPKLyjOg9K2fQnoKaSudJM%3D&t=4d5b0474&ps=13740610&shp=a5d48078&shcp=81f88b70&idc=no1a,FALSE,https://www.tiktok.com/@the.og.cats.pyjamas,The cats pyjamas,FALSE,134,2872,151,,1761587624,2025-10-27T17:53:44.000Z,,,,,,10600,277644917,Pretty Natural Face,0,1228226069,No Filter Slim-soft touch,0,457414,Green Screen Video,0,shampoo,memestiktok,fyp,funnytiktok,tiktokviral,,,,,,,,7565961220092644630,Shampoo,FALSE,FALSE,FALSE,FALSE,,,,,,,,https://p16-common-sign.tiktokcdn-eu.com/tos-no1a-avt-0068c001-no/41886fe83195ecbcfcd443fa5c471337~tplv-tiktokx-cropcenter:720:720.jpeg?dr=10399&refresh_token=54044d01&x-expires=1785031200&x-signature=YFJyjMPKLyjOg9K2fQnoKaSudJM%3D&t=4d5b0474&ps=13740610&shp=a5d48078&shcp=81f88b70&idc=no1a,,The Cat’s Pyjamas,7565961223477463831,original sound,TRUE,https://p16-common-sign.tiktokcdn-eu.com/tos-no1a-avt-0068c001-no/41886fe83195ecbcfcd443fa5c471337~tplv-tiktokx-cropcenter:720:720.jpeg?dr=10399&refresh_token=54044d01&x-expires=1785031200&x-signature=YFJyjMPKLyjOg9K2fQnoKaSudJM%3D&t=4d5b0474&ps=13740610&shp=a5d48078&shcp=81f88b70&idc=no1a,https://v16m.tiktokcdn-eu.com/c9508ffd5872b9902429f301c1e6a69f/6a641ea5/video/tos/no1a/tos-no1a-v-2370-no/o8ejeWmPQLGfkf6IWYLNVQA1WAAIQAGK2SAQ5J/?a=1233&bti=ODszNWYuMDE6&&bt=125&ft=.NpOcInz7ThILT8GXq8Zmo&mime_type=audio_mpeg&rc=Mzc3N2w5cmR1NjMzbzU8NUBpMzc3N2w5cmR1NjMzbzU8NUBkX2VrMmRrMHNhLS1kMTFzYSNkX2VrMmRrMHNhLS1kMTFzcw%3D%3D&vvpl=1&l=2026072402253572CEEAE7FE344CEEBA7B&btag=e00070000,425200,0,shampoo,41700000000,17300,,Hahah shampoo meme #shampoo #memestiktok #fyp #funnytiktok #tiktokviral ,en,https://p16-common-sign.tiktokcdn-eu.com/tos-no1a-p-0037-no/oQfEzAfxQfQCqsG3REApQDFEktth5jfaDuW1Gb~tplv-tiktokx-origin.image?dr=10395&x-expires=1785031200&x-signature=w%2FojlasihOismVc8oVM%2Bx%2BazsA4%3D&t=4d5b0474&ps=13740610&shp=81f88b70&shcp=43f4a2f9&idc=no1a,540p,6,mp4,1024,https://p16-common-sign.tiktokcdn-eu.com/tos-no1a-p-0037-no/oQfEzAfxQfQCqsG3REApQDFEktth5jfaDuW1Gb~tplv-tiktokx-origin.image?dr=10395&x-expires=1785031200&x-signature=w%2FojlasihOismVc8oVM%2Bx%2BazsA4%3D&t=4d5b0474&ps=13740610&shp=81f88b70&shcp=43f4a2f9&idc=no1a,,,,,,,,,,,,,,https://api.apify.com/v2/key-value-stores/0Lnl6a9zwT52Tcm1j/records/transcription-theogcatsp-20251027175344-7565961220092644630.txt,576
https://p16-common-sign.tiktokcdn-eu.com/tos-no1a-avt-0068c001-no/9c1487836338d58ca28049feb4640036~tplv-tiktokx-cropcenter:720:720.jpeg?dr=10399&refresh_token=dc51968c&x-expires=1785031200&x-signature=rYelTihQCvoi8LhbKeQOwQyQorM%3D&t=4d5b0474&ps=13740610&shp=a5d48078&shcp=81f88b70&idc=no1a,https://www.tiktok.com/@alexandre.trelcat/video/7662424732825947425,,,1346,135400,,102,0,2600000,7105495071202673669,alexandre.trelcat,Alexandre Trelcat,https://p16-common-sign.tiktokcdn-eu.com/tos-no1a-avt-0068c001-no/9c1487836338d58ca28049feb4640036~tplv-tiktokx-cropcenter:720:720.jpeg?dr=10399&refresh_token=dc51968c&x-expires=1785031200&x-signature=rYelTihQCvoi8LhbKeQOwQyQorM%3D&t=4d5b0474&ps=13740610&shp=a5d48078&shcp=81f88b70&idc=no1a,FALSE,https://www.tiktok.com/@alexandre.trelcat,"J’aide les gens à devenir plus beaux 
et améliorer leur santé. 
 
Clique ici  
⬇️",FALSE,382,3073,200,,1784047287,2026-07-14T16:41:27.000Z,,,,,,11500,1228226069,No Filter Slim-soft touch,0,457414,Green Screen Video,0,277644917,Pretty Natural Face,0,eggshampoo,haircare,curlyhair,curlyhairroutin,ancestral,,,,,,,,7662424732825947425,Shampoo,FALSE,FALSE,FALSE,FALSE,,,,,,,,https://p16-common-sign.tiktokcdn-eu.com/tos-useast2a-avt-0068-euttp/2dd937b35a2c46dc3996c36e73d047ad~tplv-tiktokx-cropcenter:720:720.jpeg?dr=10399&refresh_token=67f35f60&x-expires=1785031200&x-signature=agAPnbMcDw%2F9ZZ13eMKqV9wLY3U%3D&t=4d5b0474&ps=13740610&shp=a5d48078&shcp=81f88b70&idc=no1a,,tina.lee.vietnam,7653412648557628193,original sound,TRUE,https://p16-common-sign.tiktokcdn-eu.com/tos-useast2a-avt-0068-euttp/2dd937b35a2c46dc3996c36e73d047ad~tplv-tiktokx-cropcenter:720:720.jpeg?dr=10399&refresh_token=67f35f60&x-expires=1785031200&x-signature=agAPnbMcDw%2F9ZZ13eMKqV9wLY3U%3D&t=4d5b0474&ps=13740610&shp=a5d48078&shcp=81f88b70&idc=no1a,https://v16m.tiktokcdn-eu.com/41362c1167e35d2dd091f2d52e767fea/6a641ec5/video/tos/useast2a/tos-useast2a-v-2370-euttp/o4MAEakMPZojiAPiYlB3ig0QEJZU2sYtCOXxI/?a=1233&bti=ODszNWYuMDE6&&bt=125&ft=.NpOcInz7ThILT8GXq8Zmo&mime_type=audio_mpeg&rc=aGZmaWQ6aGVlM2hpZDY0OkBpM2tyNHE5cmo5OzMzZjU8NUAyMi0vNmAvNTIxNi4xXzIzYSNoNi4tMmQ0MW9hLS1kMTNzcw%3D%3D&vvpl=1&l=2026072402253572CEEAE7FE344CEEBA7B&btag=e00048000,718900,0,shampoo,41700000000,1007,,"Suis-moi 

Mes cheveux n’ont jamais été aussi doux, brillants et texturés. 🥚🥥

Mon secret ? Un shampoing maison à base d’œuf, d’huile de coco et d’huile d’olive.

🥚 L’œuf est riche en protéines, il aide à renforcer la fibre capillaire et apporte de la brillance.

🥥 L’huile de coco nourrit les cheveux en profondeur, aide à limiter la casse et les laisse ultra doux.

🫒 L’huile d’olive hydrate, réduit les frisottis et apporte de la souplesse.

Je laisse poser quelques minutes, je rince abondamment, puis je sèche mes cheveux au diffuseur… ou je les laisse sécher naturellement au soleil. ☀️

Franchement, c’est un vrai game changer.

#eggshampoo #haircare #curlyhair #curlyhairroutin #ancestral ",fr,https://p16-common-sign.tiktokcdn-eu.com/tos-useast2a-p-0037-euttp/ooz1AWvai7riltZAYotIKzkVIMZmBBEyCfvIMz~tplv-tiktokx-origin.image?dr=10395&x-expires=1785031200&x-signature=9WyxYo2GNHb7Q1GYPwpJnNaVzW8%3D&t=4d5b0474&ps=13740610&shp=81f88b70&shcp=43f4a2f9&idc=no1a,540p,31,mp4,1024,https://p16-common-sign.tiktokcdn-eu.com/tos-useast2a-p-0037-euttp/ooz1AWvai7riltZAYotIKzkVIMZmBBEyCfvIMz~tplv-tiktokx-origin.image?dr=10395&x-expires=1785031200&x-signature=9WyxYo2GNHb7Q1GYPwpJnNaVzW8%3D&t=4d5b0474&ps=13740610&shp=81f88b70&shcp=43f4a2f9&idc=no1a,,,,,,,,,,,,,,https://api.apify.com/v2/key-value-stores/0Lnl6a9zwT52Tcm1j/records/transcription-alexandret-20260714164127-7662424732825947425.txt,576
https://p16-common-sign.tiktokcdn-eu.com/tos-maliva-avt-0068/b39325c45d9b76f6db0e35f5d4254561~tplv-tiktokx-cropcenter:720:720.jpeg?dr=10399&refresh_token=41bc6e95&x-expires=1785031200&x-signature=W5yOrUMH3OYRdszkN%2B1bWp7mk6w%3D&t=4d5b0474&ps=13740610&shp=a5d48078&shcp=81f88b70&idc=no1a,https://www.tiktok.com/@patriciagarciax/video/7659172098941750559,,,1219,189500,,83,0,4200000,7007963320473453573,patriciagarciax,Patricia Garcia,https://p16-common-sign.tiktokcdn-eu.com/tos-maliva-avt-0068/b39325c45d9b76f6db0e35f5d4254561~tplv-tiktokx-cropcenter:720:720.jpeg?dr=10399&refresh_token=41bc6e95&x-expires=1785031200&x-signature=W5yOrUMH3OYRdszkN%2B1bWp7mk6w%3D&t=4d5b0474&ps=13740610&shp=a5d48078&shcp=81f88b70&idc=no1a,FALSE,https://www.tiktok.com/@patriciagarciax,"SWFL | Fitness | Haircare
💌patriciagxrcia@gmail.com
For collabs & promos → DM me✨",FALSE,91,224260,2875,,1783289989,2026-07-05T22:19:49.000Z,,,,,,558400,277644917,Pretty Natural Face,0,1228226069,No Filter Slim-soft touch,0,457414,Green Screen Video,0,hairgrow,hairtok,longhair,haircareroutine,recipe,,,,,,,,7659172098941750559,Shampoo,TRUE,FALSE,FALSE,FALSE,,,,,,,,https://p77-sg.tiktokcdn.com/aweme/200x200/tos-alisg-v-2774/592a25e405024ebbbfcc93036ccc1b25.jpeg,"Fórmula, Vol. 3",Romeo Santos,7137796046498826242,Ayúdame,FALSE,https://p77-sg.tiktokcdn.com/aweme/200x200/tos-alisg-v-2774/592a25e405024ebbbfcc93036ccc1b25.jpeg,https://sf16-ies-music-sg.tiktokcdn.com/obj/tos-alisg-ve-2774/5a9c05e4300741ceb8e2ed9289818dea,7000000,0,shampoo,41700000000,52300,,"Hair growth shampoo recipe🌿🪾

#hairgrow #hairtok #longhair #haircareroutine #recipe ",en,https://p16-common-sign.tiktokcdn-eu.com/tos-useast8-p-0068-tx2/osfIECxVrzB4BApKv9BMI762AAiIi1AWJ4BKAi~tplv-tiktokx-origin.image?dr=10395&x-expires=1785031200&x-signature=VSyDl8W%2BBQed7TVlNbOEhZgq4l4%3D&t=4d5b0474&ps=13740610&shp=81f88b70&shcp=43f4a2f9&idc=no1a,720p,23,mp4,1280,https://p16-common-sign.tiktokcdn-eu.com/tos-useast8-p-0068-tx2/osfIECxVrzB4BApKv9BMI762AAiIi1AWJ4BKAi~tplv-tiktokx-origin.image?dr=10395&x-expires=1785031200&x-signature=VSyDl8W%2BBQed7TVlNbOEhZgq4l4%3D&t=4d5b0474&ps=13740610&shp=81f88b70&shcp=43f4a2f9&idc=no1a,,,,,,,,,,,,,,https://api.apify.com/v2/key-value-stores/0Lnl6a9zwT52Tcm1j/records/transcription-patriciaga-20260705221949-7659172098941750559.txt,720
https://p16-common-sign.tiktokcdn-eu.com/tos-alisg-avt-0068/9d120952141fc5db45c952f57ca8275d~tplv-tiktokx-cropcenter:720:720.jpeg?dr=10399&refresh_token=8174a010&x-expires=1785031200&x-signature=q9CFf6%2FNFg5qno1ueeIBFo%2FAnJQ%3D&t=4d5b0474&ps=13740610&shp=a5d48078&shcp=81f88b70&idc=no1a,https://www.tiktok.com/@jeemani_/video/7626755672675388692,,,4958,14300,,22,0,9800000,7248270337968047105,jeemani_,jeemani_,https://p16-common-sign.tiktokcdn-eu.com/tos-alisg-avt-0068/9d120952141fc5db45c952f57ca8275d~tplv-tiktokx-cropcenter:720:720.jpeg?dr=10399&refresh_token=8174a010&x-expires=1785031200&x-signature=q9CFf6%2FNFg5qno1ueeIBFo%2FAnJQ%3D&t=4d5b0474&ps=13740610&shp=a5d48078&shcp=81f88b70&idc=no1a,FALSE,https://www.tiktok.com/@jeemani_,izna bang jeemin,FALSE,1322,102968,745,,1775742437,2026-04-09T13:47:17.000Z,,,,,,635300,1228226069,No Filter Slim-soft touch,0,457414,Green Screen Video,0,277644917,Pretty Natural Face,0,izna,jeemin,bangjeemin,viral,fyp,,,,,,,,7626755672675388692,Shampoo,FALSE,FALSE,FALSE,FALSE,,,,,,,,https://p16-common-sign.tiktokcdn-eu.com/musically-maliva-obj/1594805258216454~tplv-tiktokx-cropcenter:720:720.jpeg?dr=10399&refresh_token=415fe40f&x-expires=1785031200&x-signature=klWinkOqusLl%2B1cL%2Fr1SfxI7JiI%3D&t=4d5b0474&ps=13740610&shp=a5d48078&shcp=81f88b70&idc=no1a,,user38486846332,7440653107769428767,original sound - Neyftbl4,TRUE,https://p16-common-sign.tiktokcdn-eu.com/musically-maliva-obj/1594805258216454~tplv-tiktokx-cropcenter:720:720.jpeg?dr=10399&refresh_token=415fe40f&x-expires=1785031200&x-signature=klWinkOqusLl%2B1cL%2Fr1SfxI7JiI%3D&t=4d5b0474&ps=13740610&shp=a5d48078&shcp=81f88b70&idc=no1a,https://v16m.tiktokcdn-eu.com/d8f88641e53c52a89ea3b12571d59156/6a641ecd/video/tos/maliva/tos-maliva-ve-27dcd7c799-us/ooid6C0iTCBsIv72qZLgRrAciiANiMVKHXAvl/?a=1233&bti=ODszNWYuMDE6&&bt=125&ft=.NpOcInz7ThILT8GXq8Zmo&mime_type=audio_mpeg&rc=OWY7ZjU6ZWlpNjw4aDM4NkBpanRqZXU5cmY7dzMzaTU8NEAzNWE0XjJfNWAxNS4xNGFfYSNfLm9pMmRrMi5gLS1kMTJzcw%3D%3D&vvpl=1&l=2026072402253572CEEAE7FE344CEEBA7B&btag=e00088000,5200000,0,shampoo,41700000000,15100,,i’m definitely going out to buy it asap #izna #jeemin #bangjeemin #viral #fyp ,en,https://p16-common-sign.tiktokcdn-eu.com/tos-alisg-p-0037/o8eFpDeIiAr9T5Y4zgCVjxAqe2gBLTIpGGO1Wv~tplv-tiktokx-origin.image?dr=10395&x-expires=1785031200&x-signature=jBteBymIzWkV%2B2Wg7HUDmR8iK8k%3D&t=4d5b0474&ps=13740610&shp=81f88b70&shcp=43f4a2f9&idc=no1a,540p,23,mp4,1024,https://p16-common-sign.tiktokcdn-eu.com/tos-alisg-p-0037/o8eFpDeIiAr9T5Y4zgCVjxAqe2gBLTIpGGO1Wv~tplv-tiktokx-origin.image?dr=10395&x-expires=1785031200&x-signature=jBteBymIzWkV%2B2Wg7HUDmR8iK8k%3D&t=4d5b0474&ps=13740610&shp=81f88b70&shcp=43f4a2f9&idc=no1a,,https://v16-webapp.tiktokcdn-eu.com/c20db45088c08d9e4affc6791bf85346/6a657036/video/tos/alisg/tos-alisg-pv-0037/9fa3c64aed7f4f07a71fa810feb956bb/?a=1988&bti=ODszNWYuMDE6&&bt=1126&ft=_sO_C~0rM12NvjDhvf7nRf.NYHcI6IxVvYzpiX&mime_type=video_mp4&rc=M3RtaWs5cml0OjMzODczNEBpM3RtaWs5cml0OjMzODczNEBfbGBqMmQ0aV9hLS1kMWBzYSNfbGBqMmQ0aV9hLS1kMWBzcw%3D%3D&l=2026072402253572CEEAE7FE344CEEBA7B&btag=e00078000,eng-US,MT,machine translation,https://v16-webapp.tiktokcdn-eu.com/c20db45088c08d9e4affc6791bf85346/6a657036/video/tos/alisg/tos-alisg-pv-0037/9fa3c64aed7f4f07a71fa810feb956bb/?a=1988&bti=ODszNWYuMDE6&&bt=1126&ft=_sO_C~0rM12NvjDhvf7nRf.NYHcI6IxVvYzpiX&mime_type=video_mp4&rc=M3RtaWs5cml0OjMzODczNEBpM3RtaWs5cml0OjMzODczNEBfbGBqMmQ0aV9hLS1kMWBzYSNfbGBqMmQ0aV9hLS1kMWBzcw%3D%3D&l=2026072402253572CEEAE7FE344CEEBA7B&btag=e00078000,4,https://v16-webapp.tiktokcdn-eu.com/f351efd9b81f791793a24e15d8eb39ab/6a657036/video/tos/alisg/tos-alisg-pv-0037/973a42df551149ae9e8c9e59d7cf4178/?a=1988&bti=ODszNWYuMDE6&&bt=1126&ft=_sO_C~0rM12NvjDhvf7nRf.NYHcI6IxVvYzpiX&mime_type=video_mp4&rc=M3RtaWs5cml0OjMzODczNEBpM3RtaWs5cml0OjMzODczNEBfbGBqMmQ0aV9hLS1kMWBzYSNfbGBqMmQ0aV9hLS1kMWBzcw%3D%3D&l=2026072402253572CEEAE7FE344CEEBA7B&btag=e00078000,kor-KR,ASR,automatic speech recognition,https://v16-webapp.tiktokcdn-eu.com/f351efd9b81f791793a24e15d8eb39ab/6a657036/video/tos/alisg/tos-alisg-pv-0037/973a42df551149ae9e8c9e59d7cf4178/?a=1988&bti=ODszNWYuMDE6&&bt=1126&ft=_sO_C~0rM12NvjDhvf7nRf.NYHcI6IxVvYzpiX&mime_type=video_mp4&rc=M3RtaWs5cml0OjMzODczNEBpM3RtaWs5cml0OjMzODczNEBfbGBqMmQ0aV9hLS1kMWBzYSNfbGBqMmQ0aV9hLS1kMWBzcw%3D%3D&l=2026072402253572CEEAE7FE344CEEBA7B&btag=e00078000,1:whisper_lid,https://api.apify.com/v2/key-value-stores/0Lnl6a9zwT52Tcm1j/records/transcription-jeemani_-20260409134717-7626755672675388692.txt,576
https://p16-common-sign.tiktokcdn-eu.com/tos-maliva-avt-0068/bcc59848b87d5133992277266313b26a~tplv-tiktokx-cropcenter:720:720.jpeg?dr=10399&refresh_token=f9cc8af8&x-expires=1785031200&x-signature=PxV%2FN0kQj%2BKG8aBtdASJDJ2Ncu8%3D&t=4d5b0474&ps=13740610&shp=a5d48078&shcp=81f88b70&idc=no1a,https://www.tiktok.com/@k.jocelynnn/video/7597038821359897887,,,1525,65200,,0,0,4100000,7373889759993054254,k.jocelynnn,👑,https://p16-common-sign.tiktokcdn-eu.com/tos-maliva-avt-0068/bcc59848b87d5133992277266313b26a~tplv-tiktokx-cropcenter:720:720.jpeg?dr=10399&refresh_token=f9cc8af8&x-expires=1785031200&x-signature=PxV%2FN0kQj%2BKG8aBtdASJDJ2Ncu8%3D&t=4d5b0474&ps=13740610&shp=a5d48078&shcp=81f88b70&idc=no1a,FALSE,https://www.tiktok.com/@k.jocelynnn,"Insta: @keissyjlopezz
💌: keissyjoce@gmail.com",FALSE,133,10498,102,,1768823522,2026-01-19T11:52:02.000Z,,,,,,88200,277644917,Pretty Natural Face,0,1228226069,No Filter Slim-soft touch,0,457414,Green Screen Video,0,longhair,,,,,,,,,,,,7597038821359897887,Shampoo,FALSE,FALSE,FALSE,TRUE,,,,,,,,https://p16-common-sign.tiktokcdn-eu.com/tos-maliva-avt-0068/960010712da127cd4bdff51987ab2a7e~tplv-tiktokx-cropcenter:720:720.jpeg?dr=10399&refresh_token=8cd9abe9&x-expires=1785031200&x-signature=jGnnUQV2FvEdjWPGqSufYX0So5c%3D&t=4d5b0474&ps=13740610&shp=a5d48078&shcp=81f88b70&idc=no1a,,Sunghoons#1fan,7568209960425868045,original sound,TRUE,https://p16-common-sign.tiktokcdn-eu.com/tos-maliva-avt-0068/960010712da127cd4bdff51987ab2a7e~tplv-tiktokx-cropcenter:720:720.jpeg?dr=10399&refresh_token=8cd9abe9&x-expires=1785031200&x-signature=jGnnUQV2FvEdjWPGqSufYX0So5c%3D&t=4d5b0474&ps=13740610&shp=a5d48078&shcp=81f88b70&idc=no1a,https://v16m.tiktokcdn-eu.com/7cd1fd5ee9d02ebdd7b1eb4c41d08cbd/6a641ead/video/tos/maliva/tos-maliva-ve-27dcd7c799-us/oAwJyBEkYIvAQbSCUy7oEfgQDfCTFDH8nBap6Y/?a=1233&bti=ODszNWYuMDE6&&bt=125&ft=.NpOcInz7ThILT8GXq8Zmo&mime_type=audio_mpeg&rc=aWk7NDU0PGQ8N2ZkO2U6N0BpM3hreHM5cnR0NzMzZzU8NEAzY18vYjNgNjUxMmAyYTQtYSNgNDZfMmQ0cTBhLS1kMS9zcw%3D%3D&vvpl=1&l=2026072402253572CEEAE7FE344CEEBA7B&btag=e000b8000,1100000,0,shampoo,41700000000,3852,,#longhair,un,https://p16-common-sign.tiktokcdn-eu.com/tos-useast8-p-0068-tx2/ogCyowEAKUAi0iwGBFIt6tfLA1BviBAIgAu0Zu~tplv-tiktokx-origin.image?dr=10395&x-expires=1785031200&x-signature=tOe5rja1JYgKdRa080dmKrUmidk%3D&t=4d5b0474&ps=13740610&shp=81f88b70&shcp=43f4a2f9&idc=no1a,720p,12,mp4,1280,https://p16-common-sign.tiktokcdn-eu.com/tos-useast8-p-0068-tx2/ogCyowEAKUAi0iwGBFIt6tfLA1BviBAIgAu0Zu~tplv-tiktokx-origin.image?dr=10395&x-expires=1785031200&x-signature=tOe5rja1JYgKdRa080dmKrUmidk%3D&t=4d5b0474&ps=13740610&shp=81f88b70&shcp=43f4a2f9&idc=no1a,,https://v16-webapp.tiktokcdn-eu.com/92d524e82e0b66cfe2d06db09571f5e5/6a65702b/video/tos/maliva/tos-maliva-v-0068c799-us/e043756de60b49eabc7f0d87fb3622ec/?a=1988&bti=ODszNWYuMDE6&&bt=9566&ft=_sO_C~0rM12NvjDhvf7nRf.NYHcI6IxVvYzpiX&mime_type=video_mp4&rc=amtlNHI5cm80ODMzaTczNEBpamtlNHI5cm80ODMzaTczNEBtMHBsMmRraWthLS1kMTJzYSNtMHBsMmRraWthLS1kMTJzcw%3D%3D&l=2026072402253572CEEAE7FE344CEEBA7B&btag=e00070000,eng-US,ASR,automatic speech recognition,https://v16-webapp.tiktokcdn-eu.com/92d524e82e0b66cfe2d06db09571f5e5/6a65702b/video/tos/maliva/tos-maliva-v-0068c799-us/e043756de60b49eabc7f0d87fb3622ec/?a=1988&bti=ODszNWYuMDE6&&bt=9566&ft=_sO_C~0rM12NvjDhvf7nRf.NYHcI6IxVvYzpiX&mime_type=video_mp4&rc=amtlNHI5cm80ODMzaTczNEBpamtlNHI5cm80ODMzaTczNEBtMHBsMmRraWthLS1kMTJzYSNtMHBsMmRraWthLS1kMTJzcw%3D%3D&l=2026072402253572CEEAE7FE344CEEBA7B&btag=e00070000,1:big_caption,,,,,,,https://api.apify.com/v2/key-value-stores/0Lnl6a9zwT52Tcm1j/records/transcription-kjocelynnn-20260119115202-7597038821359897887.txt,720
https://p16-common-sign.tiktokcdn-eu.com/tos-maliva-avt-0068/c600acfd1b2bf1c325710da77ea6609f~tplv-tiktokx-cropcenter:720:720.jpeg?dr=10399&refresh_token=bc8a9765&x-expires=1785031200&x-signature=JI%2FOtki%2FfWx%2FF%2Bm3%2FVtKT08h%2FWw%3D&t=4d5b0474&ps=13740610&shp=a5d48078&shcp=81f88b70&idc=no1a,https://www.tiktok.com/@jennypopacheyess/video/7661016042893888799,,,1959,82700,,65,0,5600000,7556160826446185485,jennypopacheyess,Jenny ❤️ benny,https://p16-common-sign.tiktokcdn-eu.com/tos-maliva-avt-0068/c600acfd1b2bf1c325710da77ea6609f~tplv-tiktokx-cropcenter:720:720.jpeg?dr=10399&refresh_token=bc8a9765&x-expires=1785031200&x-signature=JI%2FOtki%2FfWx%2FF%2Bm3%2FVtKT08h%2FWw%3D&t=4d5b0474&ps=13740610&shp=a5d48078&shcp=81f88b70&idc=no1a,FALSE,https://www.tiktok.com/@jennypopacheyess,"Spam acccount fan
Roselie@sditalent.com",FALSE,392,6189,844,,1783719318,2026-07-10T21:35:18.000Z,,,,,,420000,1228226069,No Filter Slim-soft touch,0,457414,Green Screen Video,0,277644917,Pretty Natural Face,0,fyp,xybcza,,,,,,,,,,,7661016042893888799,Shampoo,FALSE,FALSE,FALSE,FALSE,,,,,,,,https://p16-common-sign.tiktokcdn-eu.com/tos-maliva-avt-0068/8a47f822d7a3609733d6ca4dc919bfe9~tplv-tiktokx-cropcenter:720:720.jpeg?dr=10399&refresh_token=00e017b3&x-expires=1785031200&x-signature=ZIlrZENNFB%2Bbr6wrS8W55PUl53Y%3D&t=4d5b0474&ps=13740610&shp=a5d48078&shcp=81f88b70&idc=no1a,,Robert Tolppi,7274045759346101038,Wedding March to Circus Music,TRUE,https://p16-common-sign.tiktokcdn-eu.com/tos-maliva-avt-0068/8a47f822d7a3609733d6ca4dc919bfe9~tplv-tiktokx-cropcenter:720:720.jpeg?dr=10399&refresh_token=00e017b3&x-expires=1785031200&x-signature=ZIlrZENNFB%2Bbr6wrS8W55PUl53Y%3D&t=4d5b0474&ps=13740610&shp=a5d48078&shcp=81f88b70&idc=no1a,https://v16m.tiktokcdn-eu.com/eb8a2a156ca90ad3064d7c557d58e4a5/6a641eb0/video/tos/maliva/tos-maliva-ve-27dcd7c799-us/okloQSsranCCGfjSBp8vDJkIsUSgmBf8YbbFbD/?a=1233&bti=ODszNWYuMDE6&&bt=125&ft=.NpOcInz7ThILT8GXq8Zmo&mime_type=audio_mpeg&rc=ZzdoZjhpO2lkNDxlZmU3PEBpM21waWU6Zjk8bTMzZzU8NEA1My4tXjQyNWMxY2ItNTNjYSNfZnFxcjRnaG1gLS1kMS9zcw%3D%3D&vvpl=1&l=2026072402253572CEEAE7FE344CEEBA7B&btag=e000b8000,6100000,0,shampoo,41700000000,817,,wet hair vs greasy not hard to distinguish #fyp #xybcza ,en,https://p16-common-sign.tiktokcdn-eu.com/tos-useast8-p-0068-tx2/oYfqqIRZENDUsRsEZZFQ1EHZEtzKIABeWWBVyA~tplv-tiktokx-origin.image?dr=10395&x-expires=1785031200&x-signature=lR4nNkigR92DThviK23hPGF0qnY%3D&t=4d5b0474&ps=13740610&shp=81f88b70&shcp=43f4a2f9&idc=no1a,720p,11,mp4,1280,https://p16-common-sign.tiktokcdn-eu.com/tos-useast8-p-0068-tx2/oYfqqIRZENDUsRsEZZFQ1EHZEtzKIABeWWBVyA~tplv-tiktokx-origin.image?dr=10395&x-expires=1785031200&x-signature=lR4nNkigR92DThviK23hPGF0qnY%3D&t=4d5b0474&ps=13740610&shp=81f88b70&shcp=43f4a2f9&idc=no1a,,,,,,,,,,,,,,https://api.apify.com/v2/key-value-stores/0Lnl6a9zwT52Tcm1j/records/transcription-jennypopac-20260710213518-7661016042893888799.txt,720
https://p16-common-sign.tiktokcdn-eu.com/tos-useast2a-avt-0068-euttp/8f61bc3bf90527adb7ef8cb543e762df~tplv-tiktokx-cropcenter:720:720.jpeg?dr=10399&refresh_token=fb6520af&x-expires=1785031200&x-signature=%2Bg8HyfsfMqfNh8XP5eximtPE8jo%3D&t=4d5b0474&ps=13740610&shp=a5d48078&shcp=81f88b70&idc=no1a,https://www.tiktok.com/@anett.leto/video/7608948326498585878,,,2077,6493,,1989,0,110100,7422276241321411616,anett.leto,Anett Leto,https://p16-common-sign.tiktokcdn-eu.com/tos-useast2a-avt-0068-euttp/8f61bc3bf90527adb7ef8cb543e762df~tplv-tiktokx-cropcenter:720:720.jpeg?dr=10399&refresh_token=fb6520af&x-expires=1785031200&x-signature=%2Bg8HyfsfMqfNh8XP5eximtPE8jo%3D&t=4d5b0474&ps=13740610&shp=a5d48078&shcp=81f88b70&idc=no1a,FALSE,https://www.tiktok.com/@anett.leto,"🌸instagram anettleto🌸
➡️➡️CZ-10955771 ⬅️⬅️
👇❤️ZDE MÁŠ SLEVU ❤️👇",FALSE,712,61,23,,1771596341,2026-02-20T14:05:41.000Z,,,,,,145,277644917,Pretty Natural Face,0,1228226069,No Filter Slim-soft touch,0,457414,Green Screen Video,0,shampoo,šampon,vlasy,hair,fyp,,,,,,,,7608948326498585878,Shampoo,FALSE,FALSE,FALSE,FALSE,,,,,,,,https://p77-sg.tiktokcdn.com/aweme/200x200/tiktok-obj/8e57001370f7881a60b60.jpeg,,Radio Músic Old,7258973126944230149,sonido original,TRUE,https://p77-sg.tiktokcdn.com/aweme/200x200/tiktok-obj/8e57001370f7881a60b60.jpeg,https://v16m.tiktokcdn-eu.com/e6325672b74b2c8b442bc11c583a4e2e/6a641ed5/video/tos/useast2a/tos-useast2a-v-27dcd7/osbfI0ESFANMFSmkQDVLbNlJLf8neeFshk9T1Q/?a=1233&bti=ODszNWYuMDE6&&bt=125&ft=.NpOcInz7ThILT8GXq8Zmo&mime_type=audio_mpeg&rc=ZDw1PDlkPDc1Nzo1NWZpZkBpMzhxeTU6ZjpqbDMzNzU8M0BjLy4wLTQ0NS8xMjFgYzQyYSNmb3JqcjRvb3JgLS1kMTZzcw%3D%3D&vvpl=1&l=2026072402253572CEEAE7FE344CEEBA7B&btag=e00048000,13400,0,shampoo,41700000000,39,,"odkaz se slevou 23% najdeš u mě v biu🥰

#shampoo #šampon #vlasy #hair #fyp ",cs,https://p16-common-sign.tiktokcdn-eu.com/tos-no1a-p-0037-no/o4iErfGYugrRD5AIAsnEAqCkaFmFEr7ipLoeAC~tplv-tiktokx-dmt-logom:tos-no1a-i-0068-no/oUAfGFo0AizRqDwEIqaFqFAeCIEEmpWkgACYEH.image?dr=10393&x-expires=1785031200&x-signature=xWrvATcGbCp87WcUMHmHYU0ikEQ%3D&t=4d5b0474&ps=13740610&shp=81f88b70&shcp=43f4a2f9&idc=no1a,540p,30,mp4,1024,https://p16-common-sign.tiktokcdn-eu.com/tos-no1a-p-0037-no/o4iErfGYugrRD5AIAsnEAqCkaFmFEr7ipLoeAC~tplv-tiktokx-dmt-logom:tos-no1a-i-0068-no/oUAfGFo0AizRqDwEIqaFqFAeCIEEmpWkgACYEH.image?dr=10393&x-expires=1785031200&x-signature=xWrvATcGbCp87WcUMHmHYU0ikEQ%3D&t=4d5b0474&ps=13740610&shp=81f88b70&shcp=43f4a2f9&idc=no1a,,https://v16-webapp.tiktokcdn-eu.com/617eb679d53baf298d0decb6ce48af38/6a65703d/video/tos/no1a/tos-no1a-v-0037-no/7f57e19a4d5a4da0b87e7d4dcfafbd8e/?a=1988&bti=ODszNWYuMDE6&&bt=1264&ft=_sO_C~0rM12NvjDhvf7nRf.NYHcI6IxVvYzpiX&mime_type=video_mp4&rc=amVxbHE5cmc5OTMzbzczNUBpamVxbHE5cmc5OTMzbzczNUBoYGktMmRjZGBhLS1kMTFzYSNoYGktMmRjZGBhLS1kMTFzcw%3D%3D&l=2026072402253572CEEAE7FE344CEEBA7B&btag=e00048000,eng-US,MT,machine translation,https://v16-webapp.tiktokcdn-eu.com/617eb679d53baf298d0decb6ce48af38/6a65703d/video/tos/no1a/tos-no1a-v-0037-no/7f57e19a4d5a4da0b87e7d4dcfafbd8e/?a=1988&bti=ODszNWYuMDE6&&bt=1264&ft=_sO_C~0rM12NvjDhvf7nRf.NYHcI6IxVvYzpiX&mime_type=video_mp4&rc=amVxbHE5cmc5OTMzbzczNUBpamVxbHE5cmc5OTMzbzczNUBoYGktMmRjZGBhLS1kMTFzYSNoYGktMmRjZGBhLS1kMTFzcw%3D%3D&l=2026072402253572CEEAE7FE344CEEBA7B&btag=e00048000,4,https://v16-webapp.tiktokcdn-eu.com/b3ed5d430d9b39873156467422f243c9/6a65703d/video/tos/no1a/tos-no1a-v-0037-no/1efe8f1fa9d24a61a8a596da306158cd/?a=1988&bti=ODszNWYuMDE6&&bt=1264&ft=_sO_C~0rM12NvjDhvf7nRf.NYHcI6IxVvYzpiX&mime_type=video_mp4&rc=amVxbHE5cmc5OTMzbzczNUBpamVxbHE5cmc5OTMzbzczNUBoYGktMmRjZGBhLS1kMTFzYSNoYGktMmRjZGBhLS1kMTFzcw%3D%3D&l=2026072402253572CEEAE7FE344CEEBA7B&btag=e00048000,ces-CZ,MT,machine translation,https://v16-webapp.tiktokcdn-eu.com/b3ed5d430d9b39873156467422f243c9/6a65703d/video/tos/no1a/tos-no1a-v-0037-no/1efe8f1fa9d24a61a8a596da306158cd/?a=1988&bti=ODszNWYuMDE6&&bt=1264&ft=_sO_C~0rM12NvjDhvf7nRf.NYHcI6IxVvYzpiX&mime_type=video_mp4&rc=amVxbHE5cmc5OTMzbzczNUBpamVxbHE5cmc5OTMzbzczNUBoYGktMmRjZGBhLS1kMTFzYSNoYGktMmRjZGBhLS1kMTFzcw%3D%3D&l=2026072402253572CEEAE7FE344CEEBA7B&btag=e00048000,8:whisper_lid,https://api.apify.com/v2/key-value-stores/0Lnl6a9zwT52Tcm1j/records/transcription-anettleto-20260220140541-7608948326498585878.txt,576
https://p16-common-sign.tiktokcdn-eu.com/tos-maliva-avt-0068/87188b91b484b638da92ea1a4039a6aa~tplv-tiktokx-cropcenter:720:720.jpeg?dr=10399&refresh_token=d0f4b11f&x-expires=1785031200&x-signature=RA2R4pKrBu%2B6%2FdwRPR4cOa%2BhwJk%3D&t=4d5b0474&ps=13740610&shp=a5d48078&shcp=81f88b70&idc=no1a,https://www.tiktok.com/@white_shampooo/video/7532528265077017861,,,441,1876,,0,0,34600,7197161929352332294,white_shampooo,𝙒𝙝𝙞𝙩𝙚 𝙎𝙝𝙖𝙢𝙥𝙤𝙤𝙤,https://p16-common-sign.tiktokcdn-eu.com/tos-maliva-avt-0068/87188b91b484b638da92ea1a4039a6aa~tplv-tiktokx-cropcenter:720:720.jpeg?dr=10399&refresh_token=d0f4b11f&x-expires=1785031200&x-signature=RA2R4pKrBu%2B6%2FdwRPR4cOa%2BhwJk%3D&t=4d5b0474&ps=13740610&shp=a5d48078&shcp=81f88b70&idc=no1a,FALSE,https://www.tiktok.com/@white_shampooo,Your daily dose of laughter & entertainment. Get ready for the next viral video!,FALSE,236,27,2,,1753803410,2025-07-29T15:36:50.000Z,,,,,,147,1228226069,No Filter Slim-soft touch,0,457414,Green Screen Video,0,277644917,Pretty Natural Face,0,white,shampoo,,,,,,,,,,,7532528265077017861,Shampoo,FALSE,FALSE,FALSE,FALSE,,,,,,,,https://p16-common-sign.tiktokcdn-eu.com/tos-no1a-avt-0068c001-no/4130b38a0aad191a9e7241cae8b7a65e~tplv-tiktokx-cropcenter:720:720.jpeg?dr=10399&refresh_token=de4c6926&x-expires=1785031200&x-signature=241LAFh3pzF3TbQqucR0Edy7W54%3D&t=4d5b0474&ps=13740610&shp=a5d48078&shcp=81f88b70&idc=no1a,,Crazy Auntie Ann,7530210338339736342,We are the People Hook Remix,TRUE,https://p16-common-sign.tiktokcdn-eu.com/tos-no1a-avt-0068c001-no/4130b38a0aad191a9e7241cae8b7a65e~tplv-tiktokx-cropcenter:720:720.jpeg?dr=10399&refresh_token=de4c6926&x-expires=1785031200&x-signature=241LAFh3pzF3TbQqucR0Edy7W54%3D&t=4d5b0474&ps=13740610&shp=a5d48078&shcp=81f88b70&idc=no1a,https://v16m.tiktokcdn-eu.com/97939d9e4b1eee9e72baef62c69b9f5b/6a641eaf/video/tos/no1a/tos-no1a-v-2370-no/oE12HfALDF8oFTXU2OEzKZQfgBkYca6gk0Jx5C/?a=1233&bti=ODszNWYuMDE6&&bt=125&ft=.NpOcInz7ThILT8GXq8Zmo&mime_type=audio_mpeg&rc=ZjdpPGU8NTgzOzw2OGc0N0BpajNpNGw5cndkNTMzbzU8NUBiMzYyLzE2XjMxMzMtLzUxYSMzbmE0MmRrcC1hLS1kMTFzcw%3D%3D&vvpl=1&l=2026072402253572CEEAE7FE344CEEBA7B&btag=e00070000,288600,0,shampoo,41700000000,11,,#white #shampoo ,un,https://p16-common-sign.tiktokcdn-eu.com/tos-maliva-p-0068/oMf0lBImCpBRJIqi46iUTEHngyD1IoA3HUBkkA~tplv-tiktokx-origin.image?dr=10395&x-expires=1785031200&x-signature=BRdiWQKVGt109kx%2B%2ByECClaCxAc%3D&t=4d5b0474&ps=13740610&shp=81f88b70&shcp=43f4a2f9&idc=no1a,480p,15,mp4,854,https://p16-common-sign.tiktokcdn-eu.com/tos-maliva-p-0068/oMf0lBImCpBRJIqi46iUTEHngyD1IoA3HUBkkA~tplv-tiktokx-origin.image?dr=10395&x-expires=1785031200&x-signature=BRdiWQKVGt109kx%2B%2ByECClaCxAc%3D&t=4d5b0474&ps=13740610&shp=81f88b70&shcp=43f4a2f9&idc=no1a,,,,,,,,,,,,,,https://api.apify.com/v2/key-value-stores/0Lnl6a9zwT52Tcm1j/records/transcription-white_sham-20250729153650-7532528265077017861.txt,480
https://p16-common-sign.tiktokcdn-eu.com/tos-alisg-avt-0068/b122397163957986208e033a798b67ce~tplv-tiktokx-cropcenter:720:720.jpeg?dr=10399&refresh_token=4da73818&x-expires=1785031200&x-signature=pdXizJvvgMFO9jhuDOD1WxYr%2FAk%3D&t=4d5b0474&ps=13740610&shp=a5d48078&shcp=81f88b70&idc=no1a,https://www.tiktok.com/@simka_beauty/video/7655405568286362901,,,14600,149700,,39,0,5200000,6926857733745394693,simka_beauty,Тг: Бьютиблогер на связи ❤️,https://p16-common-sign.tiktokcdn-eu.com/tos-alisg-avt-0068/b122397163957986208e033a798b67ce~tplv-tiktokx-cropcenter:720:720.jpeg?dr=10399&refresh_token=4da73818&x-expires=1785031200&x-signature=pdXizJvvgMFO9jhuDOD1WxYr%2FAk%3D&t=4d5b0474&ps=13740610&shp=a5d48078&shcp=81f88b70&idc=no1a,FALSE,https://www.tiktok.com/@simka_beauty,Все ссылки/артикулы у меня в Тгк: БЬЮТИБЛОГЕР НА СВЯЗИ ❤️,FALSE,1355,11506,249,,1782413015,2026-06-25T18:43:35.000Z,,,,,,18100,277644917,Pretty Natural Face,0,1228226069,No Filter Slim-soft touch,0,457414,Green Screen Video,0,шампуньдляволос,жирнаякожа,уходзаволосами,маскадляволос,перхоть,,,,,,,,7655405568286362901,Shampoo,FALSE,FALSE,FALSE,FALSE,,,,,,,,https://p77-sg.tiktokcdn.com/aweme/200x200/tos-alisg-v-2774/f5dd3b7cb33543d0bff9404f0d114d4a.jpeg,,Kohrogi,6817164721070802946,"Beethoven Symphony No. 5 ""Fate""",FALSE,https://p77-sg.tiktokcdn.com/aweme/200x200/tos-alisg-v-2774/f5dd3b7cb33543d0bff9404f0d114d4a.jpeg,https://sf16-ies-music-sg.tiktokcdn.com/obj/tos-alisg-ve-2774/99958379ed614569b05bac4eef59a327,499400,0,shampoo,41700000000,1818,,"На видео я мыла голову 4 дня назад ! 😳 ненавижу мыть голову каждый день, поэтому мне не жалко показать вам эти банки 🫶🏻

#шампуньдляволос #жирнаякожа #уходзаволосами #маскадляволос #перхоть ",ru,https://p16-common-sign.tiktokcdn-eu.com/tos-alisg-p-0037/owAilCV0AsBEjB3uiAdFla9gA2IYKtEPAA13S~tplv-tiktokx-origin.image?dr=10395&x-expires=1785031200&x-signature=BSbBEMX0m0DtdshT2n%2BYFVHFIcw%3D&t=4d5b0474&ps=13740610&shp=81f88b70&shcp=43f4a2f9&idc=no1a,540p,38,mp4,1024,https://p16-common-sign.tiktokcdn-eu.com/tos-alisg-p-0037/owAilCV0AsBEjB3uiAdFla9gA2IYKtEPAA13S~tplv-tiktokx-origin.image?dr=10395&x-expires=1785031200&x-signature=BSbBEMX0m0DtdshT2n%2BYFVHFIcw%3D&t=4d5b0474&ps=13740610&shp=81f88b70&shcp=43f4a2f9&idc=no1a,,https://v16-webapp.tiktokcdn-eu.com/c6050c93f5b5d6b8d1c1a5aafad1dca2/6a657045/video/tos/alisg/tos-alisg-pv-0037/a3e2d2e239774e3899953199a6710336/?a=1988&bti=ODszNWYuMDE6&&bt=7964&ft=_sO_C~0rM12NvjDhvf7nRf.NYHcI6IxVvYzpiX&mime_type=video_mp4&rc=amd0cHQ5cjRxOzMzODczNEBpamd0cHQ5cjRxOzMzODczNEBsa2gyMmRjX3JhLS1kMTFzYSNsa2gyMmRjX3JhLS1kMTFzcw%3D%3D&l=2026072402253572CEEAE7FE344CEEBA7B&btag=e00048000,rus-RU,ASR,automatic speech recognition,https://v16-webapp.tiktokcdn-eu.com/c6050c93f5b5d6b8d1c1a5aafad1dca2/6a657045/video/tos/alisg/tos-alisg-pv-0037/a3e2d2e239774e3899953199a6710336/?a=1988&bti=ODszNWYuMDE6&&bt=7964&ft=_sO_C~0rM12NvjDhvf7nRf.NYHcI6IxVvYzpiX&mime_type=video_mp4&rc=amd0cHQ5cjRxOzMzODczNEBpamd0cHQ5cjRxOzMzODczNEBsa2gyMmRjX3JhLS1kMTFzYSNsa2gyMmRjX3JhLS1kMTFzcw%3D%3D&l=2026072402253572CEEAE7FE344CEEBA7B&btag=e00048000,1:whisper_lid,https://v16-webapp.tiktokcdn-eu.com/5a2fddf5319ed5a81403f0043ca16ba8/6a657045/video/tos/alisg/tos-alisg-pv-0037/4803d632b8244a189d502c5b8e964e01/?a=1988&bti=ODszNWYuMDE6&&bt=7964&ft=_sO_C~0rM12NvjDhvf7nRf.NYHcI6IxVvYzpiX&mime_type=video_mp4&rc=amd0cHQ5cjRxOzMzODczNEBpamd0cHQ5cjRxOzMzODczNEBsa2gyMmRjX3JhLS1kMTFzYSNsa2gyMmRjX3JhLS1kMTFzcw%3D%3D&l=2026072402253572CEEAE7FE344CEEBA7B&btag=e00048000,eng-US,MT,machine translation,https://v16-webapp.tiktokcdn-eu.com/5a2fddf5319ed5a81403f0043ca16ba8/6a657045/video/tos/alisg/tos-alisg-pv-0037/4803d632b8244a189d502c5b8e964e01/?a=1988&bti=ODszNWYuMDE6&&bt=7964&ft=_sO_C~0rM12NvjDhvf7nRf.NYHcI6IxVvYzpiX&mime_type=video_mp4&rc=amd0cHQ5cjRxOzMzODczNEBpamd0cHQ5cjRxOzMzODczNEBsa2gyMmRjX3JhLS1kMTFzYSNsa2gyMmRjX3JhLS1kMTFzcw%3D%3D&l=2026072402253572CEEAE7FE344CEEBA7B&btag=e00048000,4,https://api.apify.com/v2/key-value-stores/0Lnl6a9zwT52Tcm1j/records/transcription-simka_beau-20260625184335-7655405568286362901.txt,576
https://p19-common-sign.tiktokcdn-eu.com/tos-no1a-avt-0068c001-no/2e6a39bbe5ddf373b634ba781557b0da~tplv-tiktokx-cropcenter:720:720.jpeg?dr=10399&refresh_token=0198856a&x-expires=1785031200&x-signature=qz3wu4gaVY3Ifp9%2B6KnK7YXqhU8%3D&t=4d5b0474&ps=13740610&shp=a5d48078&shcp=81f88b70&idc=no1a,https://www.tiktok.com/@sup123a0/video/7531082410864282902,,,876,81,,437,0,2105,7423172913266000929,sup123a0,Cameron,https://p19-common-sign.tiktokcdn-eu.com/tos-no1a-avt-0068c001-no/2e6a39bbe5ddf373b634ba781557b0da~tplv-tiktokx-cropcenter:720:720.jpeg?dr=10399&refresh_token=0198856a&x-expires=1785031200&x-signature=qz3wu4gaVY3Ifp9%2B6KnK7YXqhU8%3D&t=4d5b0474&ps=13740610&shp=a5d48078&shcp=81f88b70&idc=no1a,FALSE,https://www.tiktok.com/@sup123a0,I have a new main account @Cameron,FALSE,157,290,102,,1753466770,2025-07-25T18:06:10.000Z,,,,,,1676,1228226069,No Filter Slim-soft touch,0,457414,Green Screen Video,0,277644917,Pretty Natural Face,0,,,,,,,,,,,,,7531082410864282902,Shampoo,FALSE,FALSE,FALSE,FALSE,,,,,,,,https://p19-common-sign.tiktokcdn-eu.com/tos-no1a-avt-0068c001-no/2e6a39bbe5ddf373b634ba781557b0da~tplv-tiktokx-cropcenter:720:720.jpeg?dr=10399&refresh_token=0198856a&x-expires=1785031200&x-signature=qz3wu4gaVY3Ifp9%2B6KnK7YXqhU8%3D&t=4d5b0474&ps=13740610&shp=a5d48078&shcp=81f88b70&idc=no1a,,Cameron,7531082996876757782,original sound,TRUE,https://p19-common-sign.tiktokcdn-eu.com/tos-no1a-avt-0068c001-no/2e6a39bbe5ddf373b634ba781557b0da~tplv-tiktokx-cropcenter:720:720.jpeg?dr=10399&refresh_token=0198856a&x-expires=1785031200&x-signature=qz3wu4gaVY3Ifp9%2B6KnK7YXqhU8%3D&t=4d5b0474&ps=13740610&shp=a5d48078&shcp=81f88b70&idc=no1a,https://v16m.tiktokcdn-eu.com/bb700b46a5a6f5cdbd13185c96ba828f/6a641ebd/video/tos/no1a/tos-no1a-v-2370-no/oY2JwgEukzP8MrknUYgbfLgQDfC3FFOsJBBo8Y/?a=1233&bti=ODszNWYuMDE6&&bt=125&ft=.NpOcInz7ThILT8GXq8Zmo&mime_type=audio_mpeg&rc=NjloaTc7ODY2ZTVlZWloM0BpanA7dXI5cjl2NTMzbzU8NUBhYWA2YGItNi4xMzRjLTEyYSNhNi8wMmRzZC5hLS1kMTFzcw%3D%3D&vvpl=1&l=2026072402253572CEEAE7FE344CEEBA7B&btag=e00058000,1100000,0,shampoo,41700000000,322,,,un,https://p16-common-sign.tiktokcdn-eu.com/tos-no1a-p-0037-no/oY545DB7IAIEzbBIfLxESKeEGEmjA4FqRDDXPf~tplv-tiktokx-origin.image?dr=10395&x-expires=1785031200&x-signature=T%2BjxKwPMDsk6mEwXR3KD6jDHFUM%3D&t=4d5b0474&ps=13740610&shp=81f88b70&shcp=43f4a2f9&idc=no1a,540p,30,mp4,1024,https://p16-common-sign.tiktokcdn-eu.com/tos-no1a-p-0037-no/oY545DB7IAIEzbBIfLxESKeEGEmjA4FqRDDXPf~tplv-tiktokx-origin.image?dr=10395&x-expires=1785031200&x-signature=T%2BjxKwPMDsk6mEwXR3KD6jDHFUM%3D&t=4d5b0474&ps=13740610&shp=81f88b70&shcp=43f4a2f9&idc=no1a,,https://v16-webapp.tiktokcdn-eu.com/b7a3e32f55178a9f54628b6b480523db/6a65703d/video/tos/no1a/tos-no1a-v-0037-no/a071f8ee9c6e4aa8a93cd1df32db008a/?a=1988&bti=ODszNWYuMDE6&&bt=1118&ft=_sO_C~0rM12NvjDhvf7nRf.NYHcI6IxVvYzpiX&mime_type=video_mp4&rc=cnF8b2hsc2d3SkBwaHIxaDFybndmanU7b3k5cjR2NTMzbzczNUBpanU7b3k5cjR2NTMzbzczNUBjRl5Nc3FePmJKYSNvYF90aHFmOiM0aHFtMmQ0Yy5hLS1kMTFzYSM0aHFtMmQ0Yy5hLS1kMTFzcw%3D%3D&l=2026072402253572CEEAE7FE344CEEBA7B&btag=e00048000,eng-US,ASR,automatic speech recognition,https://v16-webapp.tiktokcdn-eu.com/b7a3e32f55178a9f54628b6b480523db/6a65703d/video/tos/no1a/tos-no1a-v-0037-no/a071f8ee9c6e4aa8a93cd1df32db008a/?a=1988&bti=ODszNWYuMDE6&&bt=1118&ft=_sO_C~0rM12NvjDhvf7nRf.NYHcI6IxVvYzpiX&mime_type=video_mp4&rc=cnF8b2hsc2d3SkBwaHIxaDFybndmanU7b3k5cjR2NTMzbzczNUBpanU7b3k5cjR2NTMzbzczNUBjRl5Nc3FePmJKYSNvYF90aHFmOiM0aHFtMmQ0Yy5hLS1kMTFzYSM0aHFtMmQ0Yy5hLS1kMTFzcw%3D%3D&l=2026072402253572CEEAE7FE344CEEBA7B&btag=e00048000,1:big_caption,,,,,,,https://api.apify.com/v2/key-value-stores/0Lnl6a9zwT52Tcm1j/records/transcription-sup123a0-20250725180610-7531082410864282902.txt,576
https://p16-common-sign.tiktokcdn-eu.com/tos-no1a-avt-0068c001-no/22422480205f8f0c8393f4e0307dce75~tplv-tiktokx-cropcenter:720:720.jpeg?dr=10399&refresh_token=838ae695&x-expires=1785031200&x-signature=KlJNqceGQZbfSPiLViEaXswVzFw%3D&t=4d5b0474&ps=13740610&shp=a5d48078&shcp=81f88b70&idc=no1a,https://www.tiktok.com/@ellie_pembs/video/7591586177841450243,,,33000,298900,,700,0,33700000,6784023667622986757,ellie_pembs,greasyhair_queen,https://p16-common-sign.tiktokcdn-eu.com/tos-no1a-avt-0068c001-no/22422480205f8f0c8393f4e0307dce75~tplv-tiktokx-cropcenter:720:720.jpeg?dr=10399&refresh_token=838ae695&x-expires=1785031200&x-signature=KlJNqceGQZbfSPiLViEaXswVzFw%3D&t=4d5b0474&ps=13740610&shp=a5d48078&shcp=81f88b70&idc=no1a,FALSE,https://www.tiktok.com/@ellie_pembs,"Bleach damaged to healthy brunette✨
📧 hollie@theaqcagency.com",FALSE,1040,26544,1172,,1767553904,2026-01-04T19:11:44.000Z,153768841389416448,mallakelsayed,Malak Elsayed,,https://www.tiktok.com/@153768841389416448,1100000,457414,Green Screen Video,0,277644917,Pretty Natural Face,0,1228226069,No Filter Slim-soft touch,0,,hair,greasyhair,hairwash,healthyhair,haircare,damagedhair,hairgrowth,hairtips,hairhacks,hairgrowth,hairwash,7591586177841450243,Shampoo,FALSE,FALSE,FALSE,FALSE,,,,,,,@Malak Elsayed,https://p16-common-sign.tiktokcdn-eu.com/tos-maliva-avt-0068/ecb1b5b0c7e606920aa702cea55e4c80~tplv-tiktokx-cropcenter:720:720.jpeg?dr=10399&refresh_token=ce12bf98&x-expires=1785031200&x-signature=9L8rSezclfUY14XWg6siXUBH0nk%3D&t=4d5b0474&ps=13740610&shp=a5d48078&shcp=81f88b70&idc=no1a,,Gianlukas,7391257646457719583,original sound,TRUE,https://p16-common-sign.tiktokcdn-eu.com/tos-maliva-avt-0068/ecb1b5b0c7e606920aa702cea55e4c80~tplv-tiktokx-cropcenter:720:720.jpeg?dr=10399&refresh_token=ce12bf98&x-expires=1785031200&x-signature=9L8rSezclfUY14XWg6siXUBH0nk%3D&t=4d5b0474&ps=13740610&shp=a5d48078&shcp=81f88b70&idc=no1a,https://v16m.tiktokcdn-eu.com/dfe91ae29048408f58d728cbdeea9438/6a641edf/video/tos/maliva/tos-maliva-ve-27dcd7c799-us/oAlAKJGjEHtogGqNToACIsj3BIwfgfLbiUSJeG/?a=1233&bti=ODszNWYuMDE6&&bt=125&ft=.NpOcInz7ThILT8GXq8Zmo&mime_type=audio_mpeg&rc=M2k7ZWYzPDw6NTxlO2Y1NkBpMzU2dms5cmZqdDMzaTU8NEAzNGAtLi40XzYxNl82YC4wYSM1amlkMmRjXzZgLS1kMTJzcw%3D%3D&vvpl=1&l=2026072402253572CEEAE7FE344CEEBA7B&btag=e00088000,17200000,0,shampoo,41700000000,13700,,"Replying to @Malak Elsayed Double shampooing my hair *scalp only* completely transformed it, how you wash your hair is SO important!!! Try it and thank me later🙂‍↔️🤭 #hair #greasyhair #hairwash #healthyhair #haircare #damagedhair #hairgrowth #hairtips #hairhacks #hairgrowth #hairwash ",en,https://p16-common-sign.tiktokcdn-eu.com/tos-no1a-p-0037-no/oIWPEFAFXQe3xRHg1LEW0sQrFQurDfsBk3ypka~tplv-tiktokx-origin.image?dr=10395&x-expires=1785031200&x-signature=g7bF1qzYn4G0XDGJRIslsmjt%2B0U%3D&t=4d5b0474&ps=13740610&shp=81f88b70&shcp=43f4a2f9&idc=no1a,540p,12,mp4,1024,https://p16-common-sign.tiktokcdn-eu.com/tos-no1a-p-0037-no/oIWPEFAFXQe3xRHg1LEW0sQrFQurDfsBk3ypka~tplv-tiktokx-origin.image?dr=10395&x-expires=1785031200&x-signature=g7bF1qzYn4G0XDGJRIslsmjt%2B0U%3D&t=4d5b0474&ps=13740610&shp=81f88b70&shcp=43f4a2f9&idc=no1a,,https://v16-webapp.tiktokcdn-eu.com/1e1f7e9ffe2aa953c8944cc71bce8fbb/6a65702b/video/tos/no1a/tos-no1a-v-0037-no/ccdb117dd97b45a5b989f6d77bbb3667/?a=1988&bti=ODszNWYuMDE6&&bt=7753&ft=_sO_C~0rM12NvjDhvf7nRf.NYHcI6IxVvYzpiX&mime_type=video_mp4&rc=M3RmZnU5cmRlODMzbzczNUBpM3RmZnU5cmRlODMzbzczNUAxa2VxMmRzamFhLS1kMTFzYSMxa2VxMmRzamFhLS1kMTFzcw%3D%3D&l=2026072402253572CEEAE7FE344CEEBA7B&btag=e00078000,eng-US,ASR,automatic speech recognition,https://v16-webapp.tiktokcdn-eu.com/1e1f7e9ffe2aa953c8944cc71bce8fbb/6a65702b/video/tos/no1a/tos-no1a-v-0037-no/ccdb117dd97b45a5b989f6d77bbb3667/?a=1988&bti=ODszNWYuMDE6&&bt=7753&ft=_sO_C~0rM12NvjDhvf7nRf.NYHcI6IxVvYzpiX&mime_type=video_mp4&rc=M3RmZnU5cmRlODMzbzczNUBpM3RmZnU5cmRlODMzbzczNUAxa2VxMmRzamFhLS1kMTFzYSMxa2VxMmRzamFhLS1kMTFzcw%3D%3D&l=2026072402253572CEEAE7FE344CEEBA7B&btag=e00078000,1:big_caption,,,,,,,https://api.apify.com/v2/key-value-stores/0Lnl6a9zwT52Tcm1j/records/transcription-ellie_pemb-20260104191144-7591586177841450243.txt,576
https://p16-common-sign.tiktokcdn-eu.com/tos-maliva-avt-0068/d411c9fdf84d43429693f1cd7dbe87ac~tplv-tiktokx-cropcenter:720:720.jpeg?dr=10399&refresh_token=c5a0e8cc&x-expires=1785031200&x-signature=Q41z5sGB%2FJVFxHp%2FSkInBm7Q1fI%3D&t=4d5b0474&ps=13740610&shp=a5d48078&shcp=81f88b70&idc=no1a,https://www.tiktok.com/@rileyjvv/video/7632788501746027806,,,253,10600,,3,0,3400000,7298100048524936235,rileyjvv,ri,https://p16-common-sign.tiktokcdn-eu.com/tos-maliva-avt-0068/d411c9fdf84d43429693f1cd7dbe87ac~tplv-tiktokx-cropcenter:720:720.jpeg?dr=10399&refresh_token=c5a0e8cc&x-expires=1785031200&x-signature=Q41z5sGB%2FJVFxHp%2FSkInBm7Q1fI%3D&t=4d5b0474&ps=13740610&shp=a5d48078&shcp=81f88b70&idc=no1a,FALSE,https://www.tiktok.com/@rileyjvv,"follow my insta- rileyjansenvanvuren
reach me at jansenvanvurenriley@gmail.com",FALSE,791,730,63,,1777147083,2026-04-25T19:58:03.000Z,,,,,,10200,1228226069,No Filter Slim-soft touch,0,457414,Green Screen Video,0,277644917,Pretty Natural Face,0,trend,blonde,purpleshampoo,relatable,fyp,,,,,,,,7632788501746027806,Shampoo,FALSE,FALSE,FALSE,FALSE,,,,,,,,https://p16-common-sign.tiktokcdn-eu.com/tos-maliva-avt-0068/076ad893b86cb014d090799fbd1b626c~tplv-tiktokx-cropcenter:720:720.jpeg?dr=10399&refresh_token=91a3b19e&x-expires=1785031200&x-signature=iwbKcJHdgeFGY1JPbk%2BQNTu3aeU%3D&t=4d5b0474&ps=13740610&shp=a5d48078&shcp=81f88b70&idc=no1a,,𝐁rooklyn,7477573334945041158,sonido original,TRUE,https://p16-common-sign.tiktokcdn-eu.com/tos-maliva-avt-0068/076ad893b86cb014d090799fbd1b626c~tplv-tiktokx-cropcenter:720:720.jpeg?dr=10399&refresh_token=91a3b19e&x-expires=1785031200&x-signature=iwbKcJHdgeFGY1JPbk%2BQNTu3aeU%3D&t=4d5b0474&ps=13740610&shp=a5d48078&shcp=81f88b70&idc=no1a,https://v16m.tiktokcdn-eu.com/dada67a712c1e8bd4290bd2d7424a390/6a641eb7/video/tos/useast2a/tos-useast2a-v-27dcd7/ocSCi6QEk1lG0tpeMLrTmxeqofCLWLIPgQKYFx/?a=1233&bti=ODszNWYuMDE6&&bt=125&ft=.NpOcInz7ThILT8GXq8Zmo&mime_type=audio_mpeg&rc=MztmPGY0OTtlNzxnNzg1Z0Bpank4b3Q5cnB0eTMzNzU8M0AuL2MwNV9eXi0xMGMtMzIuYSNmLy5hMmQ0bi9gLS1kMTZzcw%3D%3D&vvpl=1&l=2026072402253572CEEAE7FE344CEEBA7B&btag=e00078000,203800,0,shampoo,41700000000,191,,#trend #blonde #purpleshampoo #relatable #fyp ,un,https://p19-common-sign.tiktokcdn-eu.com/tos-useast8-p-0068-tx2/osItyPciAOI3AIqE6Bi0AHDBA9KDAi7Mv0eCMx~tplv-tiktokx-origin.image?dr=10395&x-expires=1785031200&x-signature=BlNYpiLRKIofyzvMYbu%2B8JuaOPM%3D&t=4d5b0474&ps=13740610&shp=81f88b70&shcp=43f4a2f9&idc=no1a,720p,10,mp4,1280,https://p19-common-sign.tiktokcdn-eu.com/tos-useast8-p-0068-tx2/osItyPciAOI3AIqE6Bi0AHDBA9KDAi7Mv0eCMx~tplv-tiktokx-origin.image?dr=10395&x-expires=1785031200&x-signature=BlNYpiLRKIofyzvMYbu%2B8JuaOPM%3D&t=4d5b0474&ps=13740610&shp=81f88b70&shcp=43f4a2f9&idc=no1a,,,,,,,,,,,,,,https://api.apify.com/v2/key-value-stores/0Lnl6a9zwT52Tcm1j/records/transcription-rileyjvv-20260425195803-7632788501746027806.txt,720
https://p16-common-sign.tiktokcdn-eu.com/tos-maliva-avt-0068/34588c5158afe3cb43790cb63c9d6c08~tplv-tiktokx-cropcenter:720:720.jpeg?dr=10399&refresh_token=a70023d3&x-expires=1785031200&x-signature=3H%2Bfecd8mKLsZDNQNhZwNU6buNs%3D&t=4d5b0474&ps=13740610&shp=a5d48078&shcp=81f88b70&idc=no1a,https://www.tiktok.com/@bbxndxx/video/7631938577332522254,,,939,1225,,26,0,220800,7563098040350917646,bbxndxx,Bbxndxx,https://p16-common-sign.tiktokcdn-eu.com/tos-maliva-avt-0068/34588c5158afe3cb43790cb63c9d6c08~tplv-tiktokx-cropcenter:720:720.jpeg?dr=10399&refresh_token=a70023d3&x-expires=1785031200&x-signature=3H%2Bfecd8mKLsZDNQNhZwNU6buNs%3D&t=4d5b0474&ps=13740610&shp=a5d48078&shcp=81f88b70&idc=no1a,FALSE,https://www.tiktok.com/@bbxndxx,"lifestyle, LA🇺🇸📍

my prоmo соde for NMN, NAD, CORTISOL support prоducts from REGENIX LAB on Amаzon: 
LAB20SAVE 🚨❤️",FALSE,1,11452,1870,,1776949186,2026-04-23T12:59:46.000Z,,,,,,202400,277644917,Pretty Natural Face,0,1228226069,No Filter Slim-soft touch,0,457414,Green Screen Video,0,brunette,purpleshampoo,haircare,glowup,hairtok,,,,,,,,7631938577332522254,Shampoo,FALSE,FALSE,FALSE,FALSE,"10777 Santa Monica Blvd, Los Angeles, CA, 90025, United States",East Los Angeles,116023605,6252001,20442395500433212,Los Angeles California Temple,,https://p16-common-sign.tiktokcdn-eu.com/tos-no1a-avt-0068c001-no/8674e7040be213624e99d94f6f22f7a4~tplv-tiktokx-cropcenter:720:720.jpeg?dr=10399&refresh_token=1133f1c0&x-expires=1785031200&x-signature=a6U%2FEl3gLUxfxHNLWA8o0vcmvxk%3D&t=4d5b0474&ps=13740610&shp=a5d48078&shcp=81f88b70&idc=no1a,,Quentin,7404540122257296161,Originalton,TRUE,https://p16-common-sign.tiktokcdn-eu.com/tos-no1a-avt-0068c001-no/8674e7040be213624e99d94f6f22f7a4~tplv-tiktokx-cropcenter:720:720.jpeg?dr=10399&refresh_token=1133f1c0&x-expires=1785031200&x-signature=a6U%2FEl3gLUxfxHNLWA8o0vcmvxk%3D&t=4d5b0474&ps=13740610&shp=a5d48078&shcp=81f88b70&idc=no1a,https://v16m.tiktokcdn-eu.com/22afc554908af4c55e9c91498025fbe7/6a641eac/video/tos/no1a/tos-no1a-ve-2370c710-no/ocQxIgFltqPGRFuHDDDCMYw4J3mQcB6ULjEefS/?a=1233&bti=ODszNWYuMDE6&&bt=125&ft=.NpOcInz7ThILT8GXq8Zmo&mime_type=audio_mpeg&rc=ZTZnNzQ5ZTU7Mzk3NTM4aUBpMzh1d3Y5cjQ2dTMzZjU8M0AwLjMwYC5eXjExMWJfMzI1YSNkL19hMmRrYC5gLS1kMWNzcw%3D%3D&vvpl=1&l=2026072402253572CEEAE7FE344CEEBA7B&btag=e000b8000,10700000,0,shampoo,41700000000,2560,,Brunette glow unlocked 💜#brunette #purpleshampoo #haircare #glowup #hairtok | 00426,en,https://p16-common-sign.tiktokcdn-eu.com/tos-useast5-p-0068-tx/oAjGLCKzCIUeSH7UgFq4Ie0DkL1yTgAueHbjAh~tplv-tiktokx-origin.image?dr=10395&x-expires=1785031200&x-signature=Pp5PN3qT1c%2B2UOs8UyUMvPfy2rk%3D&t=4d5b0474&ps=13740610&shp=81f88b70&shcp=43f4a2f9&idc=no1a,540p,5,mp4,1034,https://p16-common-sign.tiktokcdn-eu.com/tos-useast5-p-0068-tx/oAjGLCKzCIUeSH7UgFq4Ie0DkL1yTgAueHbjAh~tplv-tiktokx-origin.image?dr=10395&x-expires=1785031200&x-signature=Pp5PN3qT1c%2B2UOs8UyUMvPfy2rk%3D&t=4d5b0474&ps=13740610&shp=81f88b70&shcp=43f4a2f9&idc=no1a,,,,,,,,,,,,,,https://api.apify.com/v2/key-value-stores/0Lnl6a9zwT52Tcm1j/records/transcription-bbxndxx-20260423125946-7631938577332522254.txt,576
https://p16-common-sign.tiktokcdn-us.com/tos-useast5-avt-0068-tx/48e9c67e538198eecc4195107de9fc1d~tplv-tiktokx-cropcenter:720:720.jpeg?dr=9640&refresh_token=db3c2b64&x-expires=1785031200&x-signature=SMFbbdoB3LWPUNbWVl%2FaDBPL734%3D&t=4d5b0474&ps=13740610&shp=a5d48078&shcp=81f88b70&idc=useast8,https://www.tiktok.com/@tgideas_sp_673/video/7663427029202701581,,,32,1991,,15,0,7399,7538649807137915959,tgideas_sp_673,tgideas_sp_673,https://p16-common-sign.tiktokcdn-us.com/tos-useast5-avt-0068-tx/48e9c67e538198eecc4195107de9fc1d~tplv-tiktokx-cropcenter:720:720.jpeg?dr=9640&refresh_token=db3c2b64&x-expires=1785031200&x-signature=SMFbbdoB3LWPUNbWVl%2FaDBPL734%3D&t=4d5b0474&ps=13740610&shp=a5d48078&shcp=81f88b70&idc=useast8,FALSE,https://www.tiktok.com/@tgideas_sp_673,,FALSE,117,34,15,,1784280698,2026-07-17T09:31:38.000Z,,,,,,164,,,,,,,,,,,,,,,,,,,,,,7663427029202701581,shampooTreatment,TRUE,FALSE,FALSE,FALSE,,,,,,,,https://p16-common-sign.tiktokcdn-us.com/tos-useast5-avt-0068-tx/48e9c67e538198eecc4195107de9fc1d~tplv-tiktokx-cropcenter:720:720.jpeg?dr=9640&refresh_token=db3c2b64&x-expires=1785031200&x-signature=SMFbbdoB3LWPUNbWVl%2FaDBPL734%3D&t=4d5b0474&ps=13740610&shp=a5d48078&shcp=81f88b70&idc=useast8,,tgideas_sp_673,7663427236963420942,原聲 - tgideas_sp_673,TRUE,https://p16-common-sign.tiktokcdn-us.com/tos-useast5-avt-0068-tx/48e9c67e538198eecc4195107de9fc1d~tplv-tiktokx-cropcenter:720:720.jpeg?dr=9640&refresh_token=db3c2b64&x-expires=1785031200&x-signature=SMFbbdoB3LWPUNbWVl%2FaDBPL734%3D&t=4d5b0474&ps=13740610&shp=a5d48078&shcp=81f88b70&idc=useast8,https://v16m.tiktokcdn-us.com/844c89f4480dd0bd1810ce90548e4a9c/6a632199/video/tos/useast5/tos-useast5-v-27dcd7-tx/oM9ZIkiBLyfHk94G9UfZoPOMnhitpTEsieC2hA/?a=1233&bti=ODszNWYuMDE6&&bt=125&ft=GSDrKInz7ThILT8GXq8Zmo&mime_type=audio_mpeg&rc=ZDY0ZDc2OmkzOWhmOjM4ZEBpM2lkZHc5cnl5PDMzZzU8NEBeLl9fX2ExNTQxMDEuMmAyYSM0NWBtMmRjYGBhLS1kMS9zcw%3D%3D&vvpl=1&l=2026072402253501CC076F7FCF615223C8&btag=e000f8000,10300,0,shampootreatment,20700000,47,,"Healthy scalp, healthy growth. That’s the natural way 🌿#tgideasahair treatment shampoo#tgideas. shampoo .rosemary hydrolyzed#SummerWins #DealsForYouDays#TikTokShopDealsforYouDays",en,https://p19-common-sign.tiktokcdn-us.com/tos-useast5-p-0068-tx/ooBET96jE48EkbsEaZrDfHerY6AFAAfAAaIUIs~tplv-tiktokx-origin.image?dr=9636&x-expires=1785031200&x-signature=OhaKxhs9VzY%2BDhpsm2anMVzlf5A%3D&t=4d5b0474&ps=13740610&shp=81f88b70&shcp=43f4a2f9&idc=useast8,720p,26,mp4,1280,https://p19-common-sign.tiktokcdn-us.com/tos-useast5-p-0068-tx/ooBET96jE48EkbsEaZrDfHerY6AFAAfAAaIUIs~tplv-tiktokx-origin.image?dr=9636&x-expires=1785031200&x-signature=OhaKxhs9VzY%2BDhpsm2anMVzlf5A%3D&t=4d5b0474&ps=13740610&shp=81f88b70&shcp=43f4a2f9&idc=useast8,,https://v16m-webapp.tiktokcdn-us.com/2029f7a575863d1e187253599e9db6c8/6a657039/video/tos/useast5/tos-useast5-v-0068-tx/83dedcbf6123407e81c96c575422e3c4/?a=1988&bti=ODszNWYuMDE6&&bt=7729&ft=4KLMeMzm8Zmo0q3oVa4jV1BjQpWrKsd.&mime_type=video_mp4&rc=amtycnI5cmZ5PDMzZzgzNEBpamtycnI5cmZ5PDMzZzgzNEAybXNpMmRrYGBhLS1kLy9zYSMybXNpMmRrYGBhLS1kLy9zcw%3D%3D&l=2026072402253501CC076F7FCF615223C8&btag=e00078000,eng-US,ASR,automatic speech recognition,https://v16m-webapp.tiktokcdn-us.com/2029f7a575863d1e187253599e9db6c8/6a657039/video/tos/useast5/tos-useast5-v-0068-tx/83dedcbf6123407e81c96c575422e3c4/?a=1988&bti=ODszNWYuMDE6&&bt=7729&ft=4KLMeMzm8Zmo0q3oVa4jV1BjQpWrKsd.&mime_type=video_mp4&rc=amtycnI5cmZ5PDMzZzgzNEBpamtycnI5cmZ5PDMzZzgzNEAybXNpMmRrYGBhLS1kLy9zYSMybXNpMmRrYGBhLS1kLy9zcw%3D%3D&l=2026072402253501CC076F7FCF615223C8&btag=e00078000,1:big_caption,,,,,,,https://api.apify.com/v2/key-value-stores/0Lnl6a9zwT52Tcm1j/records/transcription-tgideas_sp-20260717093138-7663427029202701581.txt,720
https://p19-common-sign.tiktokcdn-us.com/tos-useast5-avt-0068-tx/295d8c35c2335bff938b6d9a2a1b2042~tplv-tiktokx-cropcenter:720:720.jpeg?dr=9640&refresh_token=3856802b&x-expires=1785031200&x-signature=pMVYcxnNYGTX6XyB3%2BnqDXN8cQA%3D&t=4d5b0474&ps=13740610&shp=a5d48078&shcp=81f88b70&idc=useast8,https://www.tiktok.com/@dt.strategy65/video/7656695139275902222,,,12,1077,,1,0,4337,7540282112512312375,dt.strategy65,ddfj,https://p19-common-sign.tiktokcdn-us.com/tos-useast5-avt-0068-tx/295d8c35c2335bff938b6d9a2a1b2042~tplv-tiktokx-cropcenter:720:720.jpeg?dr=9640&refresh_token=3856802b&x-expires=1785031200&x-signature=pMVYcxnNYGTX6XyB3%2BnqDXN8cQA%3D&t=4d5b0474&ps=13740610&shp=a5d48078&shcp=81f88b70&idc=useast8,FALSE,https://www.tiktok.com/@dt.strategy65,,FALSE,62,0,0,,1782713286,2026-06-29T06:08:06.000Z,,,,,,2,,,,,,,,,,dermatologist,medicineshampoo,severedandruff,scalptreatment,haircare,,,,,,,,7656695139275902222,shampooTreatment,FALSE,FALSE,FALSE,FALSE,,,,,,,,https://p19-common-sign.tiktokcdn-us.com/tos-useast5-avt-0068-tx/295d8c35c2335bff938b6d9a2a1b2042~tplv-tiktokx-cropcenter:720:720.jpeg?dr=9640&refresh_token=3856802b&x-expires=1785031200&x-signature=pMVYcxnNYGTX6XyB3%2BnqDXN8cQA%3D&t=4d5b0474&ps=13740610&shp=a5d48078&shcp=81f88b70&idc=useast8,,ddfj,7656695216803564301,original sound,TRUE,https://p19-common-sign.tiktokcdn-us.com/tos-useast5-avt-0068-tx/295d8c35c2335bff938b6d9a2a1b2042~tplv-tiktokx-cropcenter:720:720.jpeg?dr=9640&refresh_token=3856802b&x-expires=1785031200&x-signature=pMVYcxnNYGTX6XyB3%2BnqDXN8cQA%3D&t=4d5b0474&ps=13740610&shp=a5d48078&shcp=81f88b70&idc=useast8,https://v16m.tiktokcdn-us.com/56d73e26a897dde099ab482695ce127d/6a632187/video/tos/useast5/tos-useast5-v-27dcd7-tx/o4EfgFvuC8CJlDeTMlCDHPSQdhEUQq4SgCBCIh/?a=1233&bti=ODszNWYuMDE6&&bt=125&ft=GSDrKInz7ThILT8GXq8Zmo&mime_type=audio_mpeg&rc=aWllPGc6OmRoOjhoaWU8ZkBpam0zcng5cmszPDMzZzU8NEA1MWBeXl9fXi0xNl81MTBjYSNmMV40MmRzay5hLS1kMS9zcw%3D%3D&vvpl=1&l=2026072402253501CC076F7FCF615223C8&btag=e000f8000,347,0,shampootreatment,20700000,0,,"Dermatologist recommended for SEVERE dandruff 🩺 Finally something that actually works
#dermatologist #medicineshampoo #severedandruff #scalptreatment #haircare     ",en,https://p19-common-sign.tiktokcdn-us.com/tos-useast5-p-0068-tx/o8oCZmXiz2IvBInIjAi1ACVBwtpO0Br8fQICS1~tplv-tiktokx-origin.image?dr=9636&x-expires=1785031200&x-signature=ZOkj72EouH%2FzfpYqzo2f5QgicQ8%3D&t=4d5b0474&ps=13740610&shp=81f88b70&shcp=43f4a2f9&idc=useast8,540p,8,mp4,1024,https://p19-common-sign.tiktokcdn-us.com/tos-useast5-p-0068-tx/o8oCZmXiz2IvBInIjAi1ACVBwtpO0Br8fQICS1~tplv-tiktokx-origin.image?dr=9636&x-expires=1785031200&x-signature=ZOkj72EouH%2FzfpYqzo2f5QgicQ8%3D&t=4d5b0474&ps=13740610&shp=81f88b70&shcp=43f4a2f9&idc=useast8,,,,,,,,,,,,,,https://api.apify.com/v2/key-value-stores/0Lnl6a9zwT52Tcm1j/records/transcription-dtstrategy-20260629060806-7656695139275902222.txt,576
https://p16-common-sign.tiktokcdn-us.com/tos-useast8-avt-0068-tx2/ff65d812fe5a384aa193401e11b58c36~tplv-tiktokx-cropcenter:720:720.jpeg?dr=9640&refresh_token=e1403748&x-expires=1785031200&x-signature=2oi61FwnWv0slYj0H0WEfBm1ExI%3D&t=4d5b0474&ps=13740610&shp=a5d48078&shcp=81f88b70&idc=useast8,https://www.tiktok.com/@desasmrspa/video/7621015639955754271,,,22700,201400,,832,0,8100000,6660666037333426182,desasmrspa,desasmrspa,https://p16-common-sign.tiktokcdn-us.com/tos-useast8-avt-0068-tx2/ff65d812fe5a384aa193401e11b58c36~tplv-tiktokx-cropcenter:720:720.jpeg?dr=9640&refresh_token=e1403748&x-expires=1785031200&x-signature=2oi61FwnWv0slYj0H0WEfBm1ExI%3D&t=4d5b0474&ps=13740610&shp=a5d48078&shcp=81f88b70&idc=useast8,FALSE,https://www.tiktok.com/@desasmrspa,"East Tennessee Cosmetologist 🌿🤍
Dgrace286@gmail.com",FALSE,959,1210,49,,1774405992,2026-03-25T02:33:12.000Z,,,,,,11400,,,,,,,,,,asmr,asmrspa,headspatreatment,headspa,asmrheadspa,,,,,,,,7621015639955754271,shampooTreatment,FALSE,FALSE,FALSE,FALSE,"102 E Old Andrew Johnson Hwy suite b, Jefferson City, TN 37760, United States",Jefferson City,4632959,6252001,42203860970495842,Golden salon & spa,,https://p16-common-sign.tiktokcdn-us.com/tos-useast8-avt-0068-tx2/ff65d812fe5a384aa193401e11b58c36~tplv-tiktokx-cropcenter:720:720.jpeg?dr=9640&refresh_token=e1403748&x-expires=1785031200&x-signature=2oi61FwnWv0slYj0H0WEfBm1ExI%3D&t=4d5b0474&ps=13740610&shp=a5d48078&shcp=81f88b70&idc=useast8,,desasmrspa,7621020823797304095,original sound,TRUE,https://p16-common-sign.tiktokcdn-us.com/tos-useast8-avt-0068-tx2/ff65d812fe5a384aa193401e11b58c36~tplv-tiktokx-cropcenter:720:720.jpeg?dr=9640&refresh_token=e1403748&x-expires=1785031200&x-signature=2oi61FwnWv0slYj0H0WEfBm1ExI%3D&t=4d5b0474&ps=13740610&shp=a5d48078&shcp=81f88b70&idc=useast8,https://v16m.tiktokcdn-us.com/c3b05f0c5d70eb2349fe670f8cdc9548/6a6322c8/video/tos/useast8/tos-useast8-v-27dcd7-tx2/ochoffpDPA5TDLAEAX9EEeCqTIhFENPrT8wVAD/?a=1233&bti=ODszNWYuMDE6&&bt=125&ft=GSDrKInz7ThILT8GXq8Zmo&mime_type=audio_mpeg&rc=anhoZ3g5cjpuOjMzaTU8NEBpanhoZ3g5cjpuOjMzaTU8NEBjY2FpMmRrcC5hLS1kMTJzYSNjY2FpMmRrcC5hLS1kMTJzcw%3D%3D&vvpl=1&l=2026072402253501CC076F7FCF615223C8&btag=e00060000,267300,0,shampootreatment,20700000,239,,A shampoo from heaven 🤍🌿 #asmr #asmrspa #headspatreatment #headspa #asmrheadspa ,en,https://p19-common-sign.tiktokcdn-us.com/tos-useast8-p-0068-tx2/osqZDfM7BE7piRFEfDiS0MIWwBVI606A02R1hA~tplv-tiktokx-origin.image?dr=9636&x-expires=1785031200&x-signature=EOfiebj955Ki9bsVZOGyc2X3b3c%3D&t=4d5b0474&ps=13740610&shp=81f88b70&shcp=43f4a2f9&idc=useast8,720p,329,mp4,1280,https://p19-common-sign.tiktokcdn-us.com/tos-useast8-p-0068-tx2/osqZDfM7BE7piRFEfDiS0MIWwBVI606A02R1hA~tplv-tiktokx-origin.image?dr=9636&x-expires=1785031200&x-signature=EOfiebj955Ki9bsVZOGyc2X3b3c%3D&t=4d5b0474&ps=13740610&shp=81f88b70&shcp=43f4a2f9&idc=useast8,,,,,,,,,,,,,,https://api.apify.com/v2/key-value-stores/0Lnl6a9zwT52Tcm1j/records/transcription-desasmrspa-20260325023312-7621015639955754271.txt,720
https://p19-common-sign.tiktokcdn-us.com/tos-useast5-avt-0068-tx/a4e526e642ab90f96dc90ed3c26ba395~tplv-tiktokx-cropcenter:720:720.jpeg?dr=9640&refresh_token=1c1424cb&x-expires=1785031200&x-signature=jo%2F0rUyihigNdvP1CBBL34W7Krc%3D&t=4d5b0474&ps=13740610&shp=a5d48078&shcp=81f88b70&idc=useast8,https://www.tiktok.com/@tgideas25/video/7632264899439152397,,,103,18100,,0,0,76400,7516224561597137966,tgideas25,tgideas25,https://p19-common-sign.tiktokcdn-us.com/tos-useast5-avt-0068-tx/a4e526e642ab90f96dc90ed3c26ba395~tplv-tiktokx-cropcenter:720:720.jpeg?dr=9640&refresh_token=1c1424cb&x-expires=1785031200&x-signature=jo%2F0rUyihigNdvP1CBBL34W7Krc%3D&t=4d5b0474&ps=13740610&shp=a5d48078&shcp=81f88b70&idc=useast8,FALSE,https://www.tiktok.com/@tgideas25,Click the link below to purchase.,FALSE,185,33,3,,1777025230,2026-04-24T10:07:10.000Z,,,,,,101,,,,,,,,,,gypsophila,tgideasa,hair,treatment,shampoo,,,,,,,,7632264899439152397,shampooTreatment,TRUE,FALSE,FALSE,FALSE,,,,,,,,https://p19-common-sign.tiktokcdn-us.com/tos-useast5-avt-0068-tx/a4e526e642ab90f96dc90ed3c26ba395~tplv-tiktokx-cropcenter:720:720.jpeg?dr=9640&refresh_token=1c1424cb&x-expires=1785031200&x-signature=jo%2F0rUyihigNdvP1CBBL34W7Krc%3D&t=4d5b0474&ps=13740610&shp=a5d48078&shcp=81f88b70&idc=useast8,,tgideas25,7632265158575999758,原創音樂,TRUE,https://p19-common-sign.tiktokcdn-us.com/tos-useast5-avt-0068-tx/a4e526e642ab90f96dc90ed3c26ba395~tplv-tiktokx-cropcenter:720:720.jpeg?dr=9640&refresh_token=1c1424cb&x-expires=1785031200&x-signature=jo%2F0rUyihigNdvP1CBBL34W7Krc%3D&t=4d5b0474&ps=13740610&shp=a5d48078&shcp=81f88b70&idc=useast8,https://v16m.tiktokcdn-us.com/b5b417b3822e3143a5e3120383217119/6a63218e/video/tos/useast5/tos-useast5-v-27dcd7-tx/ocjASDfEMg6ZpPSSgIBDJYC5A0IfFsUADnH0gW/?a=1233&bti=ODszNWYuMDE6&&bt=125&ft=GSDrKInz7ThILT8GXq8Zmo&mime_type=audio_mpeg&rc=ajxyOW05cm1uOjMzZzU8NEBpajxyOW05cm1uOjMzZzU8NEAxbGZsMmRzLmlhLS1kMS9zYSMxbGZsMmRzLmlhLS1kMS9zcw%3D%3D&vvpl=1&l=2026072402253501CC076F7FCF615223C8&btag=e000f8000,12400,0,shampootreatment,20700000,37,,Hair loss?you must try this shampoo!!#gypsophila #tgideasa #hair #treatment shampoo、#shampoo ,en,https://p16-common-sign.tiktokcdn-us.com/tos-useast5-p-0068-tx/oMIdr0mCZAt2hwIRwnIAPiiBAQBvqeCDqPHZNp~tplv-tiktokx-origin.image?dr=9636&x-expires=1785031200&x-signature=EBZN7LK6zXYr8yYo0XubmBo3Y0c%3D&t=4d5b0474&ps=13740610&shp=81f88b70&shcp=43f4a2f9&idc=useast8,720p,15,mp4,1280,https://p16-common-sign.tiktokcdn-us.com/tos-useast5-p-0068-tx/oMIdr0mCZAt2hwIRwnIAPiiBAQBvqeCDqPHZNp~tplv-tiktokx-origin.image?dr=9636&x-expires=1785031200&x-signature=EBZN7LK6zXYr8yYo0XubmBo3Y0c%3D&t=4d5b0474&ps=13740610&shp=81f88b70&shcp=43f4a2f9&idc=useast8,,,,,,,,,,,,,,https://api.apify.com/v2/key-value-stores/0Lnl6a9zwT52Tcm1j/records/transcription-tgideas25-20260424100710-7632264899439152397.txt,720
https://p16-common-sign.tiktokcdn-us.com/tos-useast5-avt-0068-tx/4033ed2af15d9f7e9c0409d217606857~tplv-tiktokx-cropcenter:720:720.jpeg?dr=9640&refresh_token=df18cdb4&x-expires=1785031200&x-signature=ssgpY8uiSmCIaY7VwYxXAOtJ%2F6c%3D&t=4d5b0474&ps=13740610&shp=a5d48078&shcp=81f88b70&idc=useast8,https://www.tiktok.com/@anaze_us/video/7659342209879166221,,,594,9091,,2,0,492800,7586887528083555383,anaze_us,ANAZE US,https://p16-common-sign.tiktokcdn-us.com/tos-useast5-avt-0068-tx/4033ed2af15d9f7e9c0409d217606857~tplv-tiktokx-cropcenter:720:720.jpeg?dr=9640&refresh_token=df18cdb4&x-expires=1785031200&x-signature=ssgpY8uiSmCIaY7VwYxXAOtJ%2F6c%3D&t=4d5b0474&ps=13740610&shp=a5d48078&shcp=81f88b70&idc=useast8,FALSE,https://www.tiktok.com/@anaze_us,"professional haircare for at-home use.
directed by @kiussem",FALSE,78,28,2,,1783329594,2026-07-06T09:19:54.000Z,,,,,,166,,,,,,,,,,koreanhaircare,washday,shampooconditioner,salonshampoo,anaze,,,,,,,,7659342209879166221,shampooTreatment,FALSE,FALSE,FALSE,FALSE,,,,,,,,https://p16-common-sign.tiktokcdn-us.com/tos-useast5-avt-0068-tx/4033ed2af15d9f7e9c0409d217606857~tplv-tiktokx-cropcenter:720:720.jpeg?dr=9640&refresh_token=df18cdb4&x-expires=1785031200&x-signature=ssgpY8uiSmCIaY7VwYxXAOtJ%2F6c%3D&t=4d5b0474&ps=13740610&shp=a5d48078&shcp=81f88b70&idc=useast8,,ANAZE US,7659342280574126862,오리지널 사운드 - ANAZE US,TRUE,https://p16-common-sign.tiktokcdn-us.com/tos-useast5-avt-0068-tx/4033ed2af15d9f7e9c0409d217606857~tplv-tiktokx-cropcenter:720:720.jpeg?dr=9640&refresh_token=df18cdb4&x-expires=1785031200&x-signature=ssgpY8uiSmCIaY7VwYxXAOtJ%2F6c%3D&t=4d5b0474&ps=13740610&shp=a5d48078&shcp=81f88b70&idc=useast8,https://v16m.tiktokcdn-us.com/7619cba93fd260337ef6d257782c4e43/6a6321a2/video/tos/useast5/tos-useast5-v-27dcd7-tx/oEPq41MsqCveIJFigIF1ScSD8fhxjz3EDUBNLM/?a=1233&bti=ODszNWYuMDE6&&bt=125&ft=GSDrKInz7ThILT8GXq8Zmo&mime_type=audio_mpeg&rc=ZTk4PGgzZTs6NjQ7aWQ5Z0Bpamtscng5cmlxPDMzZzU8NEBhMzIvNjJiXi4xNF8xMl80YSNuNGE0MmQ0MzJhLS1kMS9zcw%3D%3D&vvpl=1&l=2026072402253501CC076F7FCF615223C8&btag=e000d0000,8012,0,shampootreatment,20700000,3,,"🔊 The sound of a proper scalp cleanse 🔊

Kiu’s salon shampoo method for that fresh, clean, salon-wash feeling at home — with natural root volume.

- ANAZE Professional Root & Scalp Shampoo

- ANAZE Shampoo Brush

- ANAZE Volume Active Treatment

#koreanhaircare #washday #shampooconditioner #salonshampoo #anaze",en,https://p16-common-sign.tiktokcdn-us.com/tos-useast5-p-0068-tx/oUeK7ASDqCc9309FEAA3YAEhCDELfSPguVIqBj~tplv-tiktokx-origin.image?dr=9636&x-expires=1785031200&x-signature=SmsEHsDkofF5kTZlVrzyAW1W2TQ%3D&t=4d5b0474&ps=13740610&shp=81f88b70&shcp=43f4a2f9&idc=useast8,720p,35,mp4,1280,https://p16-common-sign.tiktokcdn-us.com/tos-useast5-p-0068-tx/oUeK7ASDqCc9309FEAA3YAEhCDELfSPguVIqBj~tplv-tiktokx-origin.image?dr=9636&x-expires=1785031200&x-signature=SmsEHsDkofF5kTZlVrzyAW1W2TQ%3D&t=4d5b0474&ps=13740610&shp=81f88b70&shcp=43f4a2f9&idc=useast8,,,,,,,,,,,,,,https://api.apify.com/v2/key-value-stores/0Lnl6a9zwT52Tcm1j/records/transcription-anaze_us-20260706091954-7659342209879166221.txt,720
https://p19-common-sign.tiktokcdn-us.com/tos-useast8-avt-0068-tx2/a64f8d384b9ef9464f21d4f88ecb836a~tplv-tiktokx-cropcenter:720:720.jpeg?dr=9640&refresh_token=501afbce&x-expires=1785031200&x-signature=oOaJIJhAkQvLqgOjapVhyeiNx2E%3D&t=4d5b0474&ps=13740610&shp=a5d48078&shcp=81f88b70&idc=useast8,https://www.tiktok.com/@trendytreasures4202/video/7603599594747874590,,,1017,80000,,49,0,2700000,7371977768737719342,trendytreasures4202,TrendyTreasures,https://p19-common-sign.tiktokcdn-us.com/tos-useast8-avt-0068-tx2/a64f8d384b9ef9464f21d4f88ecb836a~tplv-tiktokx-cropcenter:720:720.jpeg?dr=9640&refresh_token=501afbce&x-expires=1785031200&x-signature=oOaJIJhAkQvLqgOjapVhyeiNx2E%3D&t=4d5b0474&ps=13740610&shp=a5d48078&shcp=81f88b70&idc=useast8,FALSE,https://www.tiktok.com/@trendytreasures4202,"""🌟 Discover Your Next Fave! 🌟
Trendy finds, exclusive deals.
✨ #Trendy",FALSE,3378,799,24,,1770351007,2026-02-06T04:10:07.000Z,,,,,,2751,,,,,,,,,,haircareroutine,mensgrooming,healthyhair,confidenceboost,tiktokshopfinds,,,,,,,,7603599594747874590,shampooTreatment,TRUE,FALSE,FALSE,TRUE,,,,,,,,https://p16-common.tiktokcdn-us.com/tos-alisg-v-2774/o8KltA4iZQuv3lDO0gAGrEAfECjou6BzAevBiB~tplv-tiktokx-cropcenter:200:200.jpeg?dr=9584&t=4d5b0474&ps=933b5bde&shp=08d74b56&shcp=81f88b70&idc=useast8,Storytelling,Adriel,7031101555747080194,Storytelling,FALSE,https://p16-common.tiktokcdn-us.com/tos-alisg-v-2774/o8KltA4iZQuv3lDO0gAGrEAfECjou6BzAevBiB~tplv-tiktokx-cropcenter:200:200.jpeg?dr=9584&t=4d5b0474&ps=933b5bde&shp=08d74b56&shcp=81f88b70&idc=useast8,https://sf16.tiktokcdn-us.com/obj/tos-alisg-ve-2774/oM0GoBMylQBagjCeI5PtBAv4oQivZfxiEC5hvr,1500000,0,shampootreatment,20700000,302,,"Real talk — your hair and scalp deserve better. I started using this rosemary shampoo and the difference is crazy: cleaner scalp, hydrated hair, less flakes, and that fresh confident look every day. If you care about looking sharp, smelling good, and keeping your hair strong, this one’s definitely worth trying. #HairCareRoutine #MensGrooming #HealthyHair #ConfidenceBoost #TikTokShopFinds",en,https://p16-common-sign.tiktokcdn-us.com/tos-useast8-p-0068-tx2/ocCBYBAA83iADIxdE4RhnArKaFEvgApZVailt~tplv-tiktokx-dmt-logom:tos-useast8-i-0068-tx2/ooCRDEAeE8pAXNEZICFAGVFAbhmxaEfWgrA1md.image?dr=9634&x-expires=1785031200&x-signature=J7KQPri3k%2BcMmQtrbOr9UHaAric%3D&t=4d5b0474&ps=13740610&shp=81f88b70&shcp=43f4a2f9&idc=useast8,720p,66,mp4,1280,https://p16-common-sign.tiktokcdn-us.com/tos-useast8-p-0068-tx2/ocCBYBAA83iADIxdE4RhnArKaFEvgApZVailt~tplv-tiktokx-dmt-logom:tos-useast8-i-0068-tx2/ooCRDEAeE8pAXNEZICFAGVFAbhmxaEfWgrA1md.image?dr=9634&x-expires=1785031200&x-signature=J7KQPri3k%2BcMmQtrbOr9UHaAric%3D&t=4d5b0474&ps=13740610&shp=81f88b70&shcp=43f4a2f9&idc=useast8,,https://v16m-webapp.tiktokcdn-us.com/ec0a9c01680b50f7a4e4a88e1af40031/6a657061/video/tos/useast8/tos-useast8-v-0068-tx2/beddda106860468dae8bc7cf1b4fcae4/?a=1988&bti=ODszNWYuMDE6&&bt=9583&ft=4KLMeMzm8Zmo0q3oVa4jV1BjQpWrKsd.&mime_type=video_mp4&rc=M3VwNHA5cjRwOTMzaTczNEBpM3VwNHA5cjRwOTMzaTczNEBeMGgvMmRjZy9hLS1kMTJzYSNeMGgvMmRjZy9hLS1kMTJzcw%3D%3D&l=2026072402253501CC076F7FCF615223C8&btag=e00050000,eng-US,MT,machine translation,https://v16m-webapp.tiktokcdn-us.com/ec0a9c01680b50f7a4e4a88e1af40031/6a657061/video/tos/useast8/tos-useast8-v-0068-tx2/beddda106860468dae8bc7cf1b4fcae4/?a=1988&bti=ODszNWYuMDE6&&bt=9583&ft=4KLMeMzm8Zmo0q3oVa4jV1BjQpWrKsd.&mime_type=video_mp4&rc=M3VwNHA5cjRwOTMzaTczNEBpM3VwNHA5cjRwOTMzaTczNEBeMGgvMmRjZy9hLS1kMTJzYSNeMGgvMmRjZy9hLS1kMTJzcw%3D%3D&l=2026072402253501CC076F7FCF615223C8&btag=e00050000,8:big_caption,,,,,,,https://api.apify.com/v2/key-value-stores/0Lnl6a9zwT52Tcm1j/records/transcription-trendytrea-20260206041007-7603599594747874590.txt,720
https://p19-common-sign.tiktokcdn-us.com/tos-useast5-avt-0068-tx/a4e526e642ab90f96dc90ed3c26ba395~tplv-tiktokx-cropcenter:720:720.jpeg?dr=9640&refresh_token=1c1424cb&x-expires=1785031200&x-signature=jo%2F0rUyihigNdvP1CBBL34W7Krc%3D&t=4d5b0474&ps=13740610&shp=a5d48078&shcp=81f88b70&idc=useast8,https://www.tiktok.com/@tgideas25/video/7631866468396813582,,,103,18100,,0,0,76400,7516224561597137966,tgideas25,tgideas25,https://p19-common-sign.tiktokcdn-us.com/tos-useast5-avt-0068-tx/a4e526e642ab90f96dc90ed3c26ba395~tplv-tiktokx-cropcenter:720:720.jpeg?dr=9640&refresh_token=1c1424cb&x-expires=1785031200&x-signature=jo%2F0rUyihigNdvP1CBBL34W7Krc%3D&t=4d5b0474&ps=13740610&shp=a5d48078&shcp=81f88b70&idc=useast8,FALSE,https://www.tiktok.com/@tgideas25,Click the link below to purchase.,FALSE,185,829,86,,1776932402,2026-04-23T08:20:02.000Z,,,,,,3543,,,,,,,,,,gypsophila,tgideasa,hair,treatment,shampoo,,,,,,,,7631866468396813582,shampooTreatment,TRUE,FALSE,FALSE,FALSE,,,,,,,,https://p19-common-sign.tiktokcdn-us.com/tos-useast5-avt-0068-tx/a4e526e642ab90f96dc90ed3c26ba395~tplv-tiktokx-cropcenter:720:720.jpeg?dr=9640&refresh_token=1c1424cb&x-expires=1785031200&x-signature=jo%2F0rUyihigNdvP1CBBL34W7Krc%3D&t=4d5b0474&ps=13740610&shp=a5d48078&shcp=81f88b70&idc=useast8,,tgideas25,7631866462092774158,原創音樂,TRUE,https://p19-common-sign.tiktokcdn-us.com/tos-useast5-avt-0068-tx/a4e526e642ab90f96dc90ed3c26ba395~tplv-tiktokx-cropcenter:720:720.jpeg?dr=9640&refresh_token=1c1424cb&x-expires=1785031200&x-signature=jo%2F0rUyihigNdvP1CBBL34W7Krc%3D&t=4d5b0474&ps=13740610&shp=a5d48078&shcp=81f88b70&idc=useast8,https://v16m.tiktokcdn-us.com/bfd1983de730ba921bb9efe24dcbc637/6a63218e/video/tos/useast5/tos-useast5-v-27dcd7-tx/oEwpN1wePBESuWDuABE01jAb1iBpiKA6SnAEBy/?a=1233&bti=ODszNWYuMDE6&&bt=125&ft=GSDrKInz7ThILT8GXq8Zmo&mime_type=audio_mpeg&rc=am82Z2w5cmd3OjMzZzU8NEBpam82Z2w5cmd3OjMzZzU8NEBhaWI2MmQ0YGhhLS1kMS9zYSNhaWI2MmQ0YGhhLS1kMS9zcw%3D%3D&vvpl=1&l=2026072402253501CC076F7FCF615223C8&btag=e000f8000,479100,0,shampootreatment,20700000,1035,,Hair loss?you must try this shampoo!!#gypsophila #tgideasa #hair #treatment shampoo、#shampoo ,en,https://p16-common-sign.tiktokcdn-us.com/tos-useast5-p-0068-tx/o4Kps0zmiSXOAiQbwCpI8wB1DJw9AmB1CIjfIW~tplv-tiktokx-origin.image?dr=9636&x-expires=1785031200&x-signature=IYWh1QEMRdhuN9MTSaa9YxaOTMQ%3D&t=4d5b0474&ps=13740610&shp=81f88b70&shcp=43f4a2f9&idc=useast8,720p,15,mp4,1280,https://p16-common-sign.tiktokcdn-us.com/tos-useast5-p-0068-tx/o4Kps0zmiSXOAiQbwCpI8wB1DJw9AmB1CIjfIW~tplv-tiktokx-origin.image?dr=9636&x-expires=1785031200&x-signature=IYWh1QEMRdhuN9MTSaa9YxaOTMQ%3D&t=4d5b0474&ps=13740610&shp=81f88b70&shcp=43f4a2f9&idc=useast8,,,,,,,,,,,,,,https://api.apify.com/v2/key-value-stores/0Lnl6a9zwT52Tcm1j/records/transcription-tgideas25-20260423082002-7631866468396813582.txt,720
https://p16-common-sign.tiktokcdn-us.com/tos-useast8-avt-0068-tx2/84e3264ac973ce840be8aff9b8efa17d~tplv-tiktokx-cropcenter:720:720.jpeg?dr=9640&refresh_token=aa96e225&x-expires=1785031200&x-signature=JL692Tu5%2F4MsBmJV2ThyH9GTGFo%3D&t=4d5b0474&ps=13740610&shp=a5d48078&shcp=81f88b70&idc=useast8,https://www.tiktok.com/@kalikabastola/video/7656120666655165726,,,160700,14100,,9874,0,489200,6822072916630225922,kalikabastola,Kalika Bastola,https://p16-common-sign.tiktokcdn-us.com/tos-useast8-avt-0068-tx2/84e3264ac973ce840be8aff9b8efa17d~tplv-tiktokx-cropcenter:720:720.jpeg?dr=9640&refresh_token=aa96e225&x-expires=1785031200&x-signature=JL692Tu5%2F4MsBmJV2ThyH9GTGFo%3D&t=4d5b0474&ps=13740610&shp=a5d48078&shcp=81f88b70&idc=useast8,FALSE,https://www.tiktok.com/@kalikabastola,thanku for visit my id❣️♥️,FALSE,3038,61,120,,1782579524,2026-06-27T16:58:44.000Z,,,,,,121,,,,,,,,,,drgroot,colorsafehair,hairthickening,healthyhair,haircareroutine,,,,,,,,7656120666655165726,shampooTreatment,TRUE,FALSE,FALSE,TRUE,,,,,,,,https://p16-common-sign.tiktokcdn-us.com/tos-useast8-avt-0068-tx2/84e3264ac973ce840be8aff9b8efa17d~tplv-tiktokx-cropcenter:720:720.jpeg?dr=9640&refresh_token=aa96e225&x-expires=1785031200&x-signature=JL692Tu5%2F4MsBmJV2ThyH9GTGFo%3D&t=4d5b0474&ps=13740610&shp=a5d48078&shcp=81f88b70&idc=useast8,,Kalika Bastola,7656120701799172895,original sound,TRUE,https://p16-common-sign.tiktokcdn-us.com/tos-useast8-avt-0068-tx2/84e3264ac973ce840be8aff9b8efa17d~tplv-tiktokx-cropcenter:720:720.jpeg?dr=9640&refresh_token=aa96e225&x-expires=1785031200&x-signature=JL692Tu5%2F4MsBmJV2ThyH9GTGFo%3D&t=4d5b0474&ps=13740610&shp=a5d48078&shcp=81f88b70&idc=useast8,https://v16m.tiktokcdn-us.com/dbf70dbfeff1e832160b7cd30e718d03/6a63218f/video/tos/useast8/tos-useast8-v-27dcd7-tx2/o4cFVUBVEiJVBFALufiqAEAfqUAA0DttQAEACE/?a=1233&bti=ODszNWYuMDE6&&bt=125&ft=GSDrKInz7ThILT8GXq8Zmo&mime_type=audio_mpeg&rc=anZ3cGs5cmwzPDMzaTU8NEBpanZ3cGs5cmwzPDMzaTU8NEBeXmdeMmRzLy1hLS1kMTJzYSNeXmdeMmRzLy1hLS1kMTJzcw%3D%3D&vvpl=1&l=2026072402253501CC076F7FCF615223C8&btag=e00078000,1246,0,shampootreatment,20700000,150,,"Dr. Groot 3-Step Color Safe for Permanent Hair Color Haircare Bundle, Scalp Revitalizing Solution Shampoo, Conditioner & Miracle In Shower Treatment, Hair Thickening #DrGroot #ColorSafeHair #HairThickening #HealthyHair #HairCareRoutine",en,https://p16-common-sign.tiktokcdn-us.com/tos-useast8-p-0068-tx2/owTEaBFQ5EDpCeAAFWAAfqEcqAILRmHEVAUAAC~tplv-tiktokx-origin.image?dr=9636&x-expires=1785031200&x-signature=FCAlvY4XwB7pRE%2BnL1WlG%2BoSBHI%3D&t=4d5b0474&ps=13740610&shp=81f88b70&shcp=43f4a2f9&idc=useast8,720p,16,mp4,1280,https://p16-common-sign.tiktokcdn-us.com/tos-useast8-p-0068-tx2/owTEaBFQ5EDpCeAAFWAAfqEcqAILRmHEVAUAAC~tplv-tiktokx-origin.image?dr=9636&x-expires=1785031200&x-signature=FCAlvY4XwB7pRE%2BnL1WlG%2BoSBHI%3D&t=4d5b0474&ps=13740610&shp=81f88b70&shcp=43f4a2f9&idc=useast8,,https://v16m-webapp.tiktokcdn-us.com/fbb71020d84c44f1917935e2aad14250/6a65702f/video/tos/useast8/tos-useast8-v-0068-tx2/138e680244d1401895ac63481b41013c/?a=1988&bti=ODszNWYuMDE6&&bt=7887&ft=4KLMeMzm8Zmo0q3oVa4jV1BjQpWrKsd.&mime_type=video_mp4&rc=MzRlcW85cngzPDMzaTczNEBpMzRlcW85cngzPDMzaTczNEBxNW1xMmRrLS1hLS1kMTJzYSNxNW1xMmRrLS1hLS1kMTJzcw%3D%3D&l=2026072402253501CC076F7FCF615223C8&btag=e00078000,eng-US,ASR,automatic speech recognition,https://v16m-webapp.tiktokcdn-us.com/fbb71020d84c44f1917935e2aad14250/6a65702f/video/tos/useast8/tos-useast8-v-0068-tx2/138e680244d1401895ac63481b41013c/?a=1988&bti=ODszNWYuMDE6&&bt=7887&ft=4KLMeMzm8Zmo0q3oVa4jV1BjQpWrKsd.&mime_type=video_mp4&rc=MzRlcW85cngzPDMzaTczNEBpMzRlcW85cngzPDMzaTczNEBxNW1xMmRrLS1hLS1kMTJzYSNxNW1xMmRrLS1hLS1kMTJzcw%3D%3D&l=2026072402253501CC076F7FCF615223C8&btag=e00078000,1:big_caption,,,,,,,https://api.apify.com/v2/key-value-stores/0Lnl6a9zwT52Tcm1j/records/transcription-kalikabast-20260627165844-7656120666655165726.txt,720
https://p16-common-sign.tiktokcdn-us.com/tos-alisg-avt-0068/e15504332d67f18179e6841e77e5e44b~tplv-tiktokx-cropcenter:720:720.jpeg?dr=9640&refresh_token=9ad52bf9&x-expires=1785031200&x-signature=iCbxZagKsGP8wOboNmI7dNd%2F%2F4U%3D&t=4d5b0474&ps=13740610&shp=a5d48078&shcp=81f88b70&idc=useast8,https://www.tiktok.com/@stylekorean_official/video/7662282487770385682,,,6681,512200,,123,0,12600000,6902284684379358210,stylekorean_official,STYLEKOREAN,https://p16-common-sign.tiktokcdn-us.com/tos-alisg-avt-0068/e15504332d67f18179e6841e77e5e44b~tplv-tiktokx-cropcenter:720:720.jpeg?dr=9640&refresh_token=9ad52bf9&x-expires=1785031200&x-signature=iCbxZagKsGP8wOboNmI7dNd%2F%2F4U%3D&t=4d5b0474&ps=13740610&shp=a5d48078&shcp=81f88b70&idc=useast8,FALSE,https://www.tiktok.com/@stylekorean_official,"No.1 source for all things K-Beauty 🤍
💌 Discover, shop, glow👇",TRUE,2079,9,5,,1784014171,2026-07-14T07:29:31.000Z,,,,,,57,,,,,,,,,,menthology,haircare,shampoo,hairtips,hairstyle,,,,,,,,7662282487770385682,shampooTreatment,FALSE,FALSE,FALSE,FALSE,,,,,,,,https://p16-common-sg.tiktokcdn-us.com/tiktok-obj/7384014270524803857.jpeg~tplv-tiktokx-cropcenter:200:200.jpeg?dr=9584&idc=useast5&ps=933b5bde&shcp=544a444f&shp=08d74b56&t=4d5b0474,,STYLEKOREAN,7662282519293545223,original sound - STYLEKOREAN,FALSE,https://p16-common-sg.tiktokcdn-us.com/tiktok-obj/7384014270524803857.jpeg~tplv-tiktokx-cropcenter:200:200.jpeg?dr=9584&idc=useast5&ps=933b5bde&shcp=544a444f&shp=08d74b56&t=4d5b0474,https://v16m.tiktokcdn-us.com/2add382591984414ef026b5d6eac2728/6a632190/video/tos/alisg/tos-alisg-v-27dcd7/ogfbV0uBAAAiALw46gBdo1EVKEAKI5EdvinKBw/?a=1233&bti=ODszNWYuMDE6&&bt=125&ft=GSDrKInz7ThILT8GXq8Zmo&mime_type=audio_mpeg&rc=andmZnQ5cnF4PDMzODU8NEBpandmZnQ5cnF4PDMzODU8NEBnajBwMmRjXl5hLS1kMS1zYSNnajBwMmRjXl5hLS1kMS1zcw%3D%3D&vvpl=1&l=2026072402253501CC076F7FCF615223C8&btag=e00078000,1765,0,shampootreatment,20700000,0,,"Silky hair with a cooling sensation too?! 👀

With Menthology’s Super Cool Shampoo + Treatment, maintain optimal scalp health through effective cleansing and soothing care, perfect for those seeking a refreshing hair care experience!

Who wants to try it? Comment down below! 😍

#menthology #haircare #shampoo #hairtips #hairstyle",en,https://p19-common-sign.tiktokcdn-us.com/tos-alisg-p-0037/oIBBlBAA7KiAXI90EoAlWAMyaVEvsYlVX5in8~tplv-tiktokx-origin.image?dr=9636&x-expires=1785031200&x-signature=dBOh%2BhStxLivAAti9gqw7P9FxKQ%3D&t=4d5b0474&ps=13740610&shp=81f88b70&shcp=43f4a2f9&idc=useast8,540p,17,mp4,1024,https://p19-common-sign.tiktokcdn-us.com/tos-alisg-p-0037/oIBBlBAA7KiAXI90EoAlWAMyaVEvsYlVX5in8~tplv-tiktokx-origin.image?dr=9636&x-expires=1785031200&x-signature=dBOh%2BhStxLivAAti9gqw7P9FxKQ%3D&t=4d5b0474&ps=13740610&shp=81f88b70&shcp=43f4a2f9&idc=useast8,,,,,,,,,,,,,,https://api.apify.com/v2/key-value-stores/0Lnl6a9zwT52Tcm1j/records/transcription-stylekorea-20260714072931-7662282487770385682.txt,576
https://p16-common-sign.tiktokcdn-us.com/tos-useast8-avt-0068-tx2/432973bb7c1ab295873cfbc09aa01537~tplv-tiktokx-cropcenter:720:720.jpeg?dr=9640&refresh_token=ac116a2e&x-expires=1785031200&x-signature=CukwnphrGRH%2FPoAcMVBWL8ApmCM%3D&t=4d5b0474&ps=13740610&shp=a5d48078&shcp=81f88b70&idc=useast8,https://www.tiktok.com/@c.monetcurls/video/7656312213312900383,,,21100,1012,,193,0,12500,6802776008527119366,c.monetcurls,Christine | NC Hairstylist,https://p16-common-sign.tiktokcdn-us.com/tos-useast8-avt-0068-tx2/432973bb7c1ab295873cfbc09aa01537~tplv-tiktokx-cropcenter:720:720.jpeg?dr=9640&refresh_token=ac116a2e&x-expires=1785031200&x-signature=CukwnphrGRH%2FPoAcMVBWL8ApmCM%3D&t=4d5b0474&ps=13740610&shp=a5d48078&shcp=81f88b70&idc=useast8,FALSE,https://www.tiktok.com/@c.monetcurls,"Licensed Cosmetologist
IG: ChristineMonetCurls
Locs | Silk Presses | Twists",FALSE,159,2,9,,1782624120,2026-06-28T05:22:00.000Z,7590856089710232631,holihavensalon,Greensboro Salon Suites,,https://www.tiktok.com/@7590856089710232631,46,,,,,,,,,,,greensborohairstylist,naturalhairsalon,naturalhair,naturalhaircare,naturalhairstyles,,,,,,,7656312213312900383,shampooTreatment,FALSE,FALSE,FALSE,FALSE,,,,,,,@Greensboro Salon Suites,https://p16-common-sign.tiktokcdn-us.com/tos-useast8-avt-0068-tx2/98969615a9a10773d339506ad23061d7~tplv-tiktokx-cropcenter:720:720.jpeg?dr=9640&refresh_token=2c811520&x-expires=1785031200&x-signature=xx1fxY%2FGsptb0Ht%2FoD5x4xYZNqs%3D&t=4d5b0474&ps=13740610&shp=a5d48078&shcp=81f88b70&idc=useast8,,Jae Phillips,7090996228720282411,original sound,TRUE,https://p16-common-sign.tiktokcdn-us.com/tos-useast8-avt-0068-tx2/98969615a9a10773d339506ad23061d7~tplv-tiktokx-cropcenter:720:720.jpeg?dr=9640&refresh_token=2c811520&x-expires=1785031200&x-signature=xx1fxY%2FGsptb0Ht%2FoD5x4xYZNqs%3D&t=4d5b0474&ps=13740610&shp=a5d48078&shcp=81f88b70&idc=useast8,https://v16m.tiktokcdn-us.com/7f96528ab77e28ab07ed2f2a75f036d4/6a6321c3/video/tos/useast5/tos-useast5-v-27dcd7-tx/427152106ae945df9199762303d15d32/?a=1233&bti=ODszNWYuMDE6&&bt=128&ft=GSDrKInz7ThILT8GXq8Zmo&mime_type=video_mp4&rc=ajU5PDw6ZjY3PDMzZzU8NEBpajU5PDw6ZjY3PDMzZzU8NEAtX18vcjQwY2hgLS1kMS9zYSMtX18vcjQwY2hgLS1kMS9zcw%3D%3D&vvpl=1&l=2026072402253501CC076F7FCF615223C8&btag=e000d0000,570,0,shampootreatment,20700000,2,,"Comment “steam” to receive your consultation link!

Steam upgrades my shampoo service. Especially for my clients who have dry hair or a damaged cuticle layer.
It speads up detangling and allows my moisturizing products to penetrate your hair strands.

Located📍 @Greensboro Salon Suites 
#greensborohairstylist #naturalhairsalon #naturalhair #naturalhaircare #naturalhairstyles ",en,https://p16-common-sign.tiktokcdn-us.com/tos-useast8-p-0068-tx2/o8IaAkr4ivwiC0BIA9szREBJvAOaCGoLC3NEV~tplv-tiktokx-origin.image?dr=9636&x-expires=1785031200&x-signature=o8zclGr2B2lOUBqodAER6oCedXQ%3D&t=4d5b0474&ps=13740610&shp=81f88b70&shcp=43f4a2f9&idc=useast8,720p,39,mp4,1280,https://p16-common-sign.tiktokcdn-us.com/tos-useast8-p-0068-tx2/o8IaAkr4ivwiC0BIA9szREBJvAOaCGoLC3NEV~tplv-tiktokx-origin.image?dr=9636&x-expires=1785031200&x-signature=o8zclGr2B2lOUBqodAER6oCedXQ%3D&t=4d5b0474&ps=13740610&shp=81f88b70&shcp=43f4a2f9&idc=useast8,,,,,,,,,,,,,,https://api.apify.com/v2/key-value-stores/0Lnl6a9zwT52Tcm1j/records/transcription-cmonetcurl-20260628052200-7656312213312900383.txt,720
https://p16-common-sign.tiktokcdn-us.com/tos-useast5-avt-0068-tx/43a6fa2b3a53555b9a35910653662916~tplv-tiktokx-cropcenter:720:720.jpeg?dr=9640&refresh_token=b08b6221&x-expires=1785031200&x-signature=lLY%2FgzsqGpjuEqjsuK3dySkQAkc%3D&t=4d5b0474&ps=13740610&shp=a5d48078&shcp=81f88b70&idc=useast8,https://www.tiktok.com/@biancag1012/video/7595796024111713550,,,7350,29100,,6711,0,279100,6915596617991160837,biancag1012,biancag1012,https://p16-common-sign.tiktokcdn-us.com/tos-useast5-avt-0068-tx/43a6fa2b3a53555b9a35910653662916~tplv-tiktokx-cropcenter:720:720.jpeg?dr=9640&refresh_token=b08b6221&x-expires=1785031200&x-signature=lLY%2FgzsqGpjuEqjsuK3dySkQAkc%3D&t=4d5b0474&ps=13740610&shp=a5d48078&shcp=81f88b70&idc=useast8,FALSE,https://www.tiktok.com/@biancag1012,"Mommy/Stepmom
Coolest person on the planet 
Cashapp $BiancaG2005",FALSE,1041,914,100,,1768534102,2026-01-16T03:28:22.000Z,,,,,,2782,,,,,,,,,,hairdetox,hairdetoxtreatment,scalpdetoxtreatment,clarifyingshampoo,healthyhairtips,,,,,,,,7595796024111713550,shampooTreatment,FALSE,FALSE,FALSE,FALSE,,,,,,,,https://p16-common-sign.tiktokcdn-us.com/tos-useast5-avt-0068-tx/43a6fa2b3a53555b9a35910653662916~tplv-tiktokx-cropcenter:720:720.jpeg?dr=9640&refresh_token=b08b6221&x-expires=1785031200&x-signature=lLY%2FgzsqGpjuEqjsuK3dySkQAkc%3D&t=4d5b0474&ps=13740610&shp=a5d48078&shcp=81f88b70&idc=useast8,,biancag1012,7595796252613233421,original sound,TRUE,https://p16-common-sign.tiktokcdn-us.com/tos-useast5-avt-0068-tx/43a6fa2b3a53555b9a35910653662916~tplv-tiktokx-cropcenter:720:720.jpeg?dr=9640&refresh_token=b08b6221&x-expires=1785031200&x-signature=lLY%2FgzsqGpjuEqjsuK3dySkQAkc%3D&t=4d5b0474&ps=13740610&shp=a5d48078&shcp=81f88b70&idc=useast8,https://v16m.tiktokcdn-us.com/c2b875720a288e19ef68aaf10f40f7b7/6a6322bb/video/tos/useast5/tos-useast5-v-27dcd7-tx/ooQoTLSj2CJ1HnGRYeCBqkgAIfY9Y03derDETP/?a=1233&bti=ODszNWYuMDE6&&bt=125&ft=GSDrKInz7ThILT8GXq8Zmo&mime_type=audio_mpeg&rc=MzhlNDRmZjk1O2Y7NGg8NUBpM3Q6aXc5cnV1ODMzZzU8NEAtMDAtMTAtXzIxMGE1YmBeYSNqcm9wMmRrLWhhLS1kMS9zcw%3D%3D&vvpl=1&l=2026072402253501CC076F7FCF615223C8&btag=e000d0000,137200,0,shampootreatment,20700000,802,,#hairdetox #hairdetoxtreatment #scalpdetoxtreatment #clarifyingshampoo #healthyhairtips ,un,https://p16-common-sign.tiktokcdn-us.com/tos-useast5-p-0068-tx/oMStkhpaVCcI2ALjfHGQsFZDe0IwAied6BsGIQ~tplv-tiktokx-origin.image?dr=9636&x-expires=1785031200&x-signature=r0lEAWew%2FAj2scvQLzTizi4wsLg%3D&t=4d5b0474&ps=13740610&shp=81f88b70&shcp=43f4a2f9&idc=useast8,720p,316,mp4,1280,https://p16-common-sign.tiktokcdn-us.com/tos-useast5-p-0068-tx/oMStkhpaVCcI2ALjfHGQsFZDe0IwAied6BsGIQ~tplv-tiktokx-origin.image?dr=9636&x-expires=1785031200&x-signature=r0lEAWew%2FAj2scvQLzTizi4wsLg%3D&t=4d5b0474&ps=13740610&shp=81f88b70&shcp=43f4a2f9&idc=useast8,,https://v16m-webapp.tiktokcdn-us.com/519a5ed45b721ecea9253d1de96bec25/6a65715b/video/tos/useast5/tos-useast5-v-0068-tx/924e6f1d18cf4c89b38c9a6d39c4ba26/?a=1988&bti=ODszNWYuMDE6&&bt=9782&ft=4KLMeMzm8Zmo0q3oVa4jV1BjQpWrKsd.&mime_type=video_mp4&rc=M2gzb3k5cmR1ODMzZzczNEBpM2gzb3k5cmR1ODMzZzczNEAxM2dqMmRrLWhhLS1kMS9zYSMxM2dqMmRrLWhhLS1kMS9zcw%3D%3D&l=2026072402253501CC076F7FCF615223C8&btag=e00048000,eng-US,ASR,automatic speech recognition,https://v16m-webapp.tiktokcdn-us.com/519a5ed45b721ecea9253d1de96bec25/6a65715b/video/tos/useast5/tos-useast5-v-0068-tx/924e6f1d18cf4c89b38c9a6d39c4ba26/?a=1988&bti=ODszNWYuMDE6&&bt=9782&ft=4KLMeMzm8Zmo0q3oVa4jV1BjQpWrKsd.&mime_type=video_mp4&rc=M2gzb3k5cmR1ODMzZzczNEBpM2gzb3k5cmR1ODMzZzczNEAxM2dqMmRrLWhhLS1kMS9zYSMxM2dqMmRrLWhhLS1kMS9zcw%3D%3D&l=2026072402253501CC076F7FCF615223C8&btag=e00048000,1:big_caption,,,,,,,https://api.apify.com/v2/key-value-stores/0Lnl6a9zwT52Tcm1j/records/transcription-biancag101-20260116032822-7595796024111713550.txt,720
https://p19-common-sign.tiktokcdn-us.com/tos-useast5-avt-0068-tx/30c3174597b677aa14029363a6b64633~tplv-tiktokx-cropcenter:720:720.jpeg?dr=9640&refresh_token=012a122b&x-expires=1785031200&x-signature=5MvnqAa785nepwo6nAejRtUWAI8%3D&t=4d5b0474&ps=13740610&shp=a5d48078&shcp=81f88b70&idc=useast8,https://www.tiktok.com/@jeosns05/video/7665647734891810062,,,19,159900,,1,0,1700000,7534035573449016351,jeosns05,tgideas.497,https://p19-common-sign.tiktokcdn-us.com/tos-useast5-avt-0068-tx/30c3174597b677aa14029363a6b64633~tplv-tiktokx-cropcenter:720:720.jpeg?dr=9640&refresh_token=012a122b&x-expires=1785031200&x-signature=5MvnqAa785nepwo6nAejRtUWAI8%3D&t=4d5b0474&ps=13740610&shp=a5d48078&shcp=81f88b70&idc=useast8,FALSE,https://www.tiktok.com/@jeosns05,Buy below👇👇same as in the vide🛒🛒,FALSE,130,0,0,,1784797775,2026-07-23T09:09:35.000Z,,,,,,1,,,,,,,,,,tgideasahair,tgideas,summerwins,dealsforyoudays,tiktokshopdealsforyoudays,,,,,,,,7665647734891810062,shampooTreatment,TRUE,FALSE,FALSE,TRUE,,,,,,,,https://p19-common-sign.tiktokcdn-us.com/tos-useast5-avt-0068-tx/30c3174597b677aa14029363a6b64633~tplv-tiktokx-cropcenter:720:720.jpeg?dr=9640&refresh_token=012a122b&x-expires=1785031200&x-signature=5MvnqAa785nepwo6nAejRtUWAI8%3D&t=4d5b0474&ps=13740610&shp=a5d48078&shcp=81f88b70&idc=useast8,,tgideas.497,7665648082549934861,原創音樂,TRUE,https://p19-common-sign.tiktokcdn-us.com/tos-useast5-avt-0068-tx/30c3174597b677aa14029363a6b64633~tplv-tiktokx-cropcenter:720:720.jpeg?dr=9640&refresh_token=012a122b&x-expires=1785031200&x-signature=5MvnqAa785nepwo6nAejRtUWAI8%3D&t=4d5b0474&ps=13740610&shp=a5d48078&shcp=81f88b70&idc=useast8,https://v16m.tiktokcdn-us.com/a1df99e6419ff752862ed2a0b58cbb3e/6a632198/video/tos/useast5/tos-useast5-v-27dcd7-tx/owi8OCUPlgaihB4lJ2Z9AGJUJaBM6HmzIj8gD/?a=1233&bti=ODszNWYuMDE6&&bt=125&ft=GSDrKInz7ThILT8GXq8Zmo&mime_type=audio_mpeg&rc=ODo4OmU2PDc8M2Q0OWhlZ0BpajxpM3Y5cm53PDMzZzU8NEBiMjRhYTZhNTIxNl4wMzFiYSNgMzVyMmQ0aGRhLS1kMS9zcw%3D%3D&vvpl=1&l=2026072402253501CC076F7FCF615223C8&btag=e000f8000,115,0,shampootreatment,20700000,0,,tried a hair growth spray made only from natural herbs… and it actually works!#tgideasahair treatment shampoo#tgideas. shampoo .rosemary hydrolyzed#SummerWins #DealsForYouDays#TikTokShopDealsforYouDays,en,https://p16-common-sign.tiktokcdn-us.com/tos-useast5-p-0068-tx/oYeuhEbAHGCIfsAerAGmkUQlwQVRr2jU7LcIh5~tplv-tiktokx-origin.image?dr=9636&x-expires=1785031200&x-signature=s2DY0H9%2BKDTXPJxEyA0rA26Cvfk%3D&t=4d5b0474&ps=13740610&shp=81f88b70&shcp=43f4a2f9&idc=useast8,720p,25,mp4,1280,https://p16-common-sign.tiktokcdn-us.com/tos-useast5-p-0068-tx/oYeuhEbAHGCIfsAerAGmkUQlwQVRr2jU7LcIh5~tplv-tiktokx-origin.image?dr=9636&x-expires=1785031200&x-signature=s2DY0H9%2BKDTXPJxEyA0rA26Cvfk%3D&t=4d5b0474&ps=13740610&shp=81f88b70&shcp=43f4a2f9&idc=useast8,,,,,,,,,,,,,,https://api.apify.com/v2/key-value-stores/0Lnl6a9zwT52Tcm1j/records/transcription-jeosns05-20260723090935-7665647734891810062.txt,720
https://p16-common-sign.tiktokcdn-us.com/tos-maliva-avt-0068/0954afb5cbdcd04823d235fd38486ebe~tplv-tiktokx-cropcenter:720:720.jpeg?dr=9640&refresh_token=ca14eee0&x-expires=1785031200&x-signature=ZkuGPyiTNdUgo4%2F%2BPWwlwpvlR3k%3D&t=4d5b0474&ps=13740610&shp=a5d48078&shcp=81f88b70&idc=useast8,https://www.tiktok.com/@lea__kbeauty/video/7659031205853121814,,,28,6718,,11,0,132000,7639169436591326230,lea__kbeauty,lea,https://p16-common-sign.tiktokcdn-us.com/tos-maliva-avt-0068/0954afb5cbdcd04823d235fd38486ebe~tplv-tiktokx-cropcenter:720:720.jpeg?dr=9640&refresh_token=ca14eee0&x-expires=1785031200&x-signature=ZkuGPyiTNdUgo4%2F%2BPWwlwpvlR3k%3D&t=4d5b0474&ps=13740610&shp=a5d48078&shcp=81f88b70&idc=useast8,FALSE,https://www.tiktok.com/@lea__kbeauty,"Your Korean best friend😎💌
YouTube : Lea 레아
Insta : lea__kbeauty",FALSE,53,384,19,,1783257175,2026-07-05T13:12:55.000Z,,,,,,1000,,,,,,,,,,treatment,shampoo,shower,skincare,,,,,,,,,7659031205853121814,shampooTreatment,FALSE,FALSE,FALSE,FALSE,,,,,,,,https://p16-common-sign.tiktokcdn-us.com/tos-maliva-avt-0068/0954afb5cbdcd04823d235fd38486ebe~tplv-tiktokx-cropcenter:720:720.jpeg?dr=9640&refresh_token=ca14eee0&x-expires=1785031200&x-signature=ZkuGPyiTNdUgo4%2F%2BPWwlwpvlR3k%3D&t=4d5b0474&ps=13740610&shp=a5d48078&shcp=81f88b70&idc=useast8,,lea,7659031229425126166,original sound - lea,TRUE,https://p16-common-sign.tiktokcdn-us.com/tos-maliva-avt-0068/0954afb5cbdcd04823d235fd38486ebe~tplv-tiktokx-cropcenter:720:720.jpeg?dr=9640&refresh_token=ca14eee0&x-expires=1785031200&x-signature=ZkuGPyiTNdUgo4%2F%2BPWwlwpvlR3k%3D&t=4d5b0474&ps=13740610&shp=a5d48078&shcp=81f88b70&idc=useast8,https://v16m.tiktokcdn-us.com/1e9746499eecc2a7befeccaaad58c555/6a6321d1/video/tos/no1a/tos-no1a-v-2370-no/ocAIAICATCMIUEseUAelCLL4GNtGoDL1IaVLez/?a=1233&bti=ODszNWYuMDE6&&bt=125&ft=GSDrKInz7ThILT8GXq8Zmo&mime_type=audio_mpeg&rc=am1mO2o5cnA4PDMzbzU8NUBpam1mO2o5cnA4PDMzbzU8NUBjbWBnMmRrZDJhLS1kMTFzYSNjbWBnMmRrZDJhLS1kMTFzcw%3D%3D&vvpl=1&l=2026072402253501CC076F7FCF615223C8&btag=e00050000,18100,0,shampootreatment,20700000,48,,"How to treatment properly🫧after shampoo,shower #treatment #shampoo #shower #skincare ",en,https://p16-common-sign.tiktokcdn-us.com/tos-no1a-p-0037-no/ogKJeFCRkDqBSNEhWgAQAgFdEftTqPFEKGIAlA~tplv-tiktokx-origin.image?dr=9636&x-expires=1785031200&x-signature=aEmaKD8yjQojMEsVTV41%2BZItxWk%3D&t=4d5b0474&ps=13740610&shp=81f88b70&shcp=43f4a2f9&idc=useast8,720p,82,mp4,1280,https://p16-common-sign.tiktokcdn-us.com/tos-no1a-p-0037-no/ogKJeFCRkDqBSNEhWgAQAgFdEftTqPFEKGIAlA~tplv-tiktokx-origin.image?dr=9636&x-expires=1785031200&x-signature=aEmaKD8yjQojMEsVTV41%2BZItxWk%3D&t=4d5b0474&ps=13740610&shp=81f88b70&shcp=43f4a2f9&idc=useast8,,https://v16m-webapp.tiktokcdn-us.com/b753dcb1603f4a78ada6c416bfd8f0c1/6a657071/video/tos/useast5/tos-useast5-v-0068c799-tx/a4396297a66e4cb28e1c707497a6b7e1/?a=1988&bti=ODszNWYuMDE6&&bt=11070&ft=4KLMeMzm8Zmo0q3oVa4jV1BjQpWrKsd.&mime_type=video_mp4&rc=am04NHg5cng4PDMzbzczNUBpam04NHg5cng4PDMzbzczNUBfNWJjMmQ0YzJhLS1kMTFzYSNfNWJjMmQ0YzJhLS1kMTFzcw%3D%3D&l=2026072402253501CC076F7FCF615223C8&btag=e00050000,eng-US,ASR,automatic speech recognition,https://v16m-webapp.tiktokcdn-us.com/b753dcb1603f4a78ada6c416bfd8f0c1/6a657071/video/tos/useast5/tos-useast5-v-0068c799-tx/a4396297a66e4cb28e1c707497a6b7e1/?a=1988&bti=ODszNWYuMDE6&&bt=11070&ft=4KLMeMzm8Zmo0q3oVa4jV1BjQpWrKsd.&mime_type=video_mp4&rc=am04NHg5cng4PDMzbzczNUBpam04NHg5cng4PDMzbzczNUBfNWJjMmQ0YzJhLS1kMTFzYSNfNWJjMmQ0YzJhLS1kMTFzcw%3D%3D&l=2026072402253501CC076F7FCF615223C8&btag=e00050000,1:big_caption,,,,,,,https://api.apify.com/v2/key-value-stores/0Lnl6a9zwT52Tcm1j/records/transcription-lea__kbeau-20260705131255-7659031205853121814.txt,720
https://p19-common-sign.tiktokcdn-us.com/tos-useast5-avt-0068-tx/a4e526e642ab90f96dc90ed3c26ba395~tplv-tiktokx-cropcenter:720:720.jpeg?dr=9640&refresh_token=1c1424cb&x-expires=1785031200&x-signature=jo%2F0rUyihigNdvP1CBBL34W7Krc%3D&t=4d5b0474&ps=13740610&shp=a5d48078&shcp=81f88b70&idc=useast8,https://www.tiktok.com/@tgideas25/video/7629627572204178701,,,103,18100,,0,0,76400,7516224561597137966,tgideas25,tgideas25,https://p19-common-sign.tiktokcdn-us.com/tos-useast5-avt-0068-tx/a4e526e642ab90f96dc90ed3c26ba395~tplv-tiktokx-cropcenter:720:720.jpeg?dr=9640&refresh_token=1c1424cb&x-expires=1785031200&x-signature=jo%2F0rUyihigNdvP1CBBL34W7Krc%3D&t=4d5b0474&ps=13740610&shp=a5d48078&shcp=81f88b70&idc=useast8,FALSE,https://www.tiktok.com/@tgideas25,Click the link below to purchase.,FALSE,185,81,22,,1776411201,2026-04-17T07:33:21.000Z,,,,,,276,,,,,,,,,,shampoo,tgideasa,hair,treatment,shampoo,,,,,,,,7629627572204178701,shampooTreatment,TRUE,FALSE,FALSE,FALSE,,,,,,,,https://p19-common-sign.tiktokcdn-us.com/tos-useast5-avt-0068-tx/a4e526e642ab90f96dc90ed3c26ba395~tplv-tiktokx-cropcenter:720:720.jpeg?dr=9640&refresh_token=1c1424cb&x-expires=1785031200&x-signature=jo%2F0rUyihigNdvP1CBBL34W7Krc%3D&t=4d5b0474&ps=13740610&shp=a5d48078&shcp=81f88b70&idc=useast8,,tgideas25,7629627962031082253,原創音樂,TRUE,https://p19-common-sign.tiktokcdn-us.com/tos-useast5-avt-0068-tx/a4e526e642ab90f96dc90ed3c26ba395~tplv-tiktokx-cropcenter:720:720.jpeg?dr=9640&refresh_token=1c1424cb&x-expires=1785031200&x-signature=jo%2F0rUyihigNdvP1CBBL34W7Krc%3D&t=4d5b0474&ps=13740610&shp=a5d48078&shcp=81f88b70&idc=useast8,https://v16m.tiktokcdn-us.com/0636e13b033c4d4dc3a24f0b89236b59/6a63218d/video/tos/useast5/tos-useast5-v-27dcd7-tx/o4JkhBwuPpAMIiE0D8ifBAwhi4vAE4E3EAB7Kh/?a=1233&bti=ODszNWYuMDE6&&bt=125&ft=GSDrKInz7ThILT8GXq8Zmo&mime_type=audio_mpeg&rc=MzU2bHU5cmp4OjMzZzU8NEBpMzU2bHU5cmp4OjMzZzU8NEBwLjZvMmRzMWRhLS1kMS9zYSNwLjZvMmRzMWRhLS1kMS9zcw%3D%3D&vvpl=1&l=2026072402253501CC076F7FCF615223C8&btag=e000f8000,85200,0,shampootreatment,20700000,69,,The #shampoo recommended by my friend is really great! If you're also troubled by #tgideasa #hair #treatment shampoo、#shampoo ,en,https://p19-common-sign.tiktokcdn-us.com/tos-useast5-p-0068-tx/o8CIyPEwJcAi8iH4D7Ih7evJAiBlBBAIwAj03h~tplv-tiktokx-origin.image?dr=9636&x-expires=1785031200&x-signature=QftMrorm%2FlJ3RFvZSTOJ4B4bfrA%3D&t=4d5b0474&ps=13740610&shp=81f88b70&shcp=43f4a2f9&idc=useast8,720p,14,mp4,1280,https://p19-common-sign.tiktokcdn-us.com/tos-useast5-p-0068-tx/o8CIyPEwJcAi8iH4D7Ih7evJAiBlBBAIwAj03h~tplv-tiktokx-origin.image?dr=9636&x-expires=1785031200&x-signature=QftMrorm%2FlJ3RFvZSTOJ4B4bfrA%3D&t=4d5b0474&ps=13740610&shp=81f88b70&shcp=43f4a2f9&idc=useast8,,,,,,,,,,,,,,https://api.apify.com/v2/key-value-stores/0Lnl6a9zwT52Tcm1j/records/transcription-tgideas25-20260417073321-7629627572204178701.txt,720
https://p19-common-sign.tiktokcdn-us.com/tos-useast5-avt-0068-tx/30c3174597b677aa14029363a6b64633~tplv-tiktokx-cropcenter:720:720.jpeg?dr=9640&refresh_token=012a122b&x-expires=1785031200&x-signature=5MvnqAa785nepwo6nAejRtUWAI8%3D&t=4d5b0474&ps=13740610&shp=a5d48078&shcp=81f88b70&idc=useast8,https://www.tiktok.com/@jeosns05/video/7665297622806039822,,,19,159900,,1,0,1700000,7534035573449016351,jeosns05,tgideas.497,https://p19-common-sign.tiktokcdn-us.com/tos-useast5-avt-0068-tx/30c3174597b677aa14029363a6b64633~tplv-tiktokx-cropcenter:720:720.jpeg?dr=9640&refresh_token=012a122b&x-expires=1785031200&x-signature=5MvnqAa785nepwo6nAejRtUWAI8%3D&t=4d5b0474&ps=13740610&shp=a5d48078&shcp=81f88b70&idc=useast8,FALSE,https://www.tiktok.com/@jeosns05,Buy below👇👇same as in the vide🛒🛒,FALSE,130,0,0,,1784716193,2026-07-22T10:29:53.000Z,,,,,,1,,,,,,,,,,tgideasahair,tgideas,summerwins,dealsforyoudays,tiktokshopdealsforyoudays,,,,,,,,7665297622806039822,shampooTreatment,FALSE,FALSE,FALSE,TRUE,,,,,,,,https://p19-common-sign.tiktokcdn-us.com/tos-useast5-avt-0068-tx/30c3174597b677aa14029363a6b64633~tplv-tiktokx-cropcenter:720:720.jpeg?dr=9640&refresh_token=012a122b&x-expires=1785031200&x-signature=5MvnqAa785nepwo6nAejRtUWAI8%3D&t=4d5b0474&ps=13740610&shp=a5d48078&shcp=81f88b70&idc=useast8,,tgideas.497,7665297679613741838,原創音樂,TRUE,https://p19-common-sign.tiktokcdn-us.com/tos-useast5-avt-0068-tx/30c3174597b677aa14029363a6b64633~tplv-tiktokx-cropcenter:720:720.jpeg?dr=9640&refresh_token=012a122b&x-expires=1785031200&x-signature=5MvnqAa785nepwo6nAejRtUWAI8%3D&t=4d5b0474&ps=13740610&shp=a5d48078&shcp=81f88b70&idc=useast8,https://v16m.tiktokcdn-us.com/f88057537c48c472f0fcb68c143d96b5/6a63218e/video/tos/useast5/tos-useast5-v-27dcd7-tx/osZE6mz6If2USbYBNgSDfDPJujCFDnJg4K1qMg/?a=1233&bti=ODszNWYuMDE6&&bt=125&ft=GSDrKInz7ThILT8GXq8Zmo&mime_type=audio_mpeg&rc=Z2hpOTwzOjVmaWloZThoZEBpamdlcnU5cjs8PDMzZzU8NEA0MjReNi4tNS0xLV5gNWNgYSM0MzRjMmRza2RhLS1kMS9zcw%3D%3D&vvpl=1&l=2026072402253501CC076F7FCF615223C8&btag=e000f8000,141,0,shampootreatment,20700000,0,,I didn’t know natural ingredients could make such a difference.!#tgideasahair treatment shampoo#tgideas. shampoo .rosemary hydrolyzed#SummerWins #DealsForYouDays#TikTokShopDealsforYouDays,en,https://p19-common-sign.tiktokcdn-us.com/tos-useast5-p-0068-tx/owugRJYjqQSeELD0mBYFWduEQPDHDMA8JgfH6Q~tplv-tiktokx-origin.image?dr=9636&x-expires=1785031200&x-signature=KFZh4Co1VzYmdHuo7datqQdNnEQ%3D&t=4d5b0474&ps=13740610&shp=81f88b70&shcp=43f4a2f9&idc=useast8,720p,15,mp4,1280,https://p19-common-sign.tiktokcdn-us.com/tos-useast5-p-0068-tx/owugRJYjqQSeELD0mBYFWduEQPDHDMA8JgfH6Q~tplv-tiktokx-origin.image?dr=9636&x-expires=1785031200&x-signature=KFZh4Co1VzYmdHuo7datqQdNnEQ%3D&t=4d5b0474&ps=13740610&shp=81f88b70&shcp=43f4a2f9&idc=useast8,,,,,,,,,,,,,,https://api.apify.com/v2/key-value-stores/0Lnl6a9zwT52Tcm1j/records/transcription-jeosns05-20260722102953-7665297622806039822.txt,720
https://p16-common-sign.tiktokcdn.com/tos-maliva-avt-0068/fd422c9e0710dd223736f0a2bbb12e7f~tplv-tiktokx-cropcenter:720:720.jpeg?dr=14579&refresh_token=e88174c5&x-expires=1785031200&x-signature=WSQXYeexO%2BoLL3PlNr%2FvRMkouhU%3D&t=4d5b0474&ps=13740610&shp=a5d48078&shcp=81f88b70&idc=my3,https://www.tiktok.com/@hairoiling/video/7252036488609697029,,,4,197,,6,0,1333,7229000842552525829,hairoiling,Mane Beauty Hair Oiling,https://p16-common-sign.tiktokcdn.com/tos-maliva-avt-0068/fd422c9e0710dd223736f0a2bbb12e7f~tplv-tiktokx-cropcenter:720:720.jpeg?dr=14579&refresh_token=e88174c5&x-expires=1785031200&x-signature=WSQXYeexO%2BoLL3PlNr%2FvRMkouhU%3D&t=4d5b0474&ps=13740610&shp=a5d48078&shcp=81f88b70&idc=my3,FALSE,https://www.tiktok.com/@hairoiling,,FALSE,22,48,5,,1688496328,2023-07-04T18:45:28.000Z,102909814422245376,judienowak,justyna nowak | hair care,https://www.tiktok.com/@102909814422245376/video/7227077927765069061,https://www.tiktok.com/@102909814422245376,422,2901746,Brown makeup,0,,,,,,,dúo,,caidadepeloenlamujer,hairoiling,hairloss,hairoiltreatment,caidadecabello,tipsdebelleza,aceitedecabello,cuerocabelludograso,cuerocabelludosano,,7252036488609697029,HairOiling,FALSE,FALSE,FALSE,FALSE,,,,,,,@justyna nowak | hair care,https://p16-common-sign.tiktokcdn.com/tos-alisg-avt-0068/1dae1e8be74e26312ed08a7a0f918ed7~tplv-tiktokx-cropcenter:720:720.jpeg?dr=14579&refresh_token=83fa5392&x-expires=1785031200&x-signature=jq8WAuIqyQByY54MAkYSg88eswo%3D&t=4d5b0474&ps=13740610&shp=a5d48078&shcp=81f88b70&idc=my3,,Christian,7203891633908108037,original sound,TRUE,https://p16-common-sign.tiktokcdn.com/tos-alisg-avt-0068/1dae1e8be74e26312ed08a7a0f918ed7~tplv-tiktokx-cropcenter:720:720.jpeg?dr=14579&refresh_token=83fa5392&x-expires=1785031200&x-signature=jq8WAuIqyQByY54MAkYSg88eswo%3D&t=4d5b0474&ps=13740610&shp=a5d48078&shcp=81f88b70&idc=my3,https://v16m.tiktokcdn.com/a39cf5b316afc6b4311ce5328381e100/6a641eab/video/tos/useast2a/tos-useast2a-v-27dcd7/753609612f134c4b8f79c23329a4dc7b/?a=1180&bti=ODszNWYuMDE6&&bt=126&ft=.NpOcInz7ThOLT8GXq8Zmo&mime_type=audio_mpeg&rc=M3lpeTk6Zm1vaTMzNzU8M0BpM3lpeTk6Zm1vaTMzNzU8M0AvM2dtcjQwbnBgLS1kMTZzYSMvM2dtcjQwbnBgLS1kMTZzcw%3D%3D&vvpl=1&l=202607241025377B1974B0F1487C577D45&btag=e00070000,42900,0,hairoiling,5500000000,4,,#dúo con @justyna nowak | hair care ya lo intentaron? Todo es constancia y dedicación si quieren evitar la caida de su cabello💆🏽‍♀️ #caidadepeloenlamujer #hairoiling #hairloss #hairoiltreatment #caidadecabello #tipsdebelleza #aceitedecabello #cuerocabelludograso #cuerocabelludosano ,es,https://p16-common-sign.tiktokcdn.com/tos-maliva-p-0068/o88hYUfkpA3XBblBDInGVR0BJ6IbQKeEEm6QIn~tplv-tiktokx-origin.image?dr=14575&x-expires=1785031200&x-signature=FwJpZSrAtorl0qRSItVro9HgBqE%3D&t=4d5b0474&ps=13740610&shp=81f88b70&shcp=43f4a2f9&idc=my2,540p,8,mp4,1024,https://p16-common-sign.tiktokcdn.com/tos-maliva-p-0068/o88hYUfkpA3XBblBDInGVR0BJ6IbQKeEEm6QIn~tplv-tiktokx-origin.image?dr=14575&x-expires=1785031200&x-signature=FwJpZSrAtorl0qRSItVro9HgBqE%3D&t=4d5b0474&ps=13740610&shp=81f88b70&shcp=43f4a2f9&idc=my2,,,,,,,,,,,,,,https://api.apify.com/v2/key-value-stores/0Lnl6a9zwT52Tcm1j/records/transcription-hairoiling-20230704184528-7252036488609697029.txt,576
https://p16-common-sign.tiktokcdn.com/tos-maliva-avt-0068/fd422c9e0710dd223736f0a2bbb12e7f~tplv-tiktokx-cropcenter:720:720.jpeg?dr=14579&refresh_token=e88174c5&x-expires=1785031200&x-signature=WSQXYeexO%2BoLL3PlNr%2FvRMkouhU%3D&t=4d5b0474&ps=13740610&shp=a5d48078&shcp=81f88b70&idc=my3,https://www.tiktok.com/@hairoiling/video/7234680702044753158,,,4,197,,6,0,1333,7229000842552525829,hairoiling,Mane Beauty Hair Oiling,https://p16-common-sign.tiktokcdn.com/tos-maliva-avt-0068/fd422c9e0710dd223736f0a2bbb12e7f~tplv-tiktokx-cropcenter:720:720.jpeg?dr=14579&refresh_token=e88174c5&x-expires=1785031200&x-signature=WSQXYeexO%2BoLL3PlNr%2FvRMkouhU%3D&t=4d5b0474&ps=13740610&shp=a5d48078&shcp=81f88b70&idc=my3,FALSE,https://www.tiktok.com/@hairoiling,,FALSE,22,18,0,,1684455368,2023-05-19T00:16:08.000Z,,,,,,109,2901746,Brown makeup,0,,,,,,,hairloss,alopecia,hairoiling,aceitedecabello,caidadecabello,cabellobonito,tipsdecabello,tipsdebelleza,hairgrowth,cabellosaludable,,,7234680702044753158,HairOiling,FALSE,FALSE,FALSE,FALSE,,,,,,,,https://p77-sg.tiktokcdn.com/aweme/200x200/tos-alisg-v-2774/4172c7a820e74521990e84a87775cf26.jpeg,Acróstico (Solo Version),Shakira,7232054997625407489,Acróstico (Solo Version),FALSE,https://p77-sg.tiktokcdn.com/aweme/200x200/tos-alisg-v-2774/4172c7a820e74521990e84a87775cf26.jpeg,https://sf16-ies-music-sg.tiktokcdn.com/obj/tos-alisg-ve-2774/o0FAgGzxf1C1Lcd3gswhBAbW5KMIMoONwyrgXh,12300,0,hairoiling,5500000000,41,,Ya no puedes con la caida de tu cabello? Sigue estos 3 tips y recupera tu seguridad 💖☺️👩🏽‍🦱 #hairloss #alopecia #hairoiling #aceitedecabello #caidadecabello #Cabellobonito #tipsdecabello #tipsdebelleza #hairgrowth #cabellosaludable ,es,https://p16-common-sign.tiktokcdn.com/tos-maliva-p-0068/oASCzleAhXonGLNLAxNj8ibeILCemvDIgELIAc~tplv-tiktokx-origin.image?dr=14575&x-expires=1785031200&x-signature=bBIZXmpDmCL%2BCwjGQzf5YxkSv84%3D&t=4d5b0474&ps=13740610&shp=81f88b70&shcp=43f4a2f9&idc=my2,540p,155,mp4,1024,https://p16-common-sign.tiktokcdn.com/tos-maliva-p-0068/oASCzleAhXonGLNLAxNj8ibeILCemvDIgELIAc~tplv-tiktokx-origin.image?dr=14575&x-expires=1785031200&x-signature=bBIZXmpDmCL%2BCwjGQzf5YxkSv84%3D&t=4d5b0474&ps=13740610&shp=81f88b70&shcp=43f4a2f9&idc=my2,,https://v16-webapp.tiktok.com/f6b1c974f79e40556115811878abd610/6a6570bc/video/tos/useast2a/tos-useast2a-v-0068/e8e94d3195444d7aafc810c2fad95cb5/?a=1988&bti=ODszNWYuMDE6&&bt=1459&ft=-Elcomb6PD12NE72xn-Uxde2WY6e3wv25McAp&mime_type=video_mp4&rc=amUzeTk6ZjtlazMzNzczM0BpamUzeTk6ZjtlazMzNzczM0AyLWlmcjRnc2dgLS1kMTZzYSMyLWlmcjRnc2dgLS1kMTZzcw%3D%3D&l=202607241025377B1974B0F1487C577D45&btag=e00048000,eng-US,MT,machine translation,https://v16-webapp.tiktok.com/f6b1c974f79e40556115811878abd610/6a6570bc/video/tos/useast2a/tos-useast2a-v-0068/e8e94d3195444d7aafc810c2fad95cb5/?a=1988&bti=ODszNWYuMDE6&&bt=1459&ft=-Elcomb6PD12NE72xn-Uxde2WY6e3wv25McAp&mime_type=video_mp4&rc=amUzeTk6ZjtlazMzNzczM0BpamUzeTk6ZjtlazMzNzczM0AyLWlmcjRnc2dgLS1kMTZzYSMyLWlmcjRnc2dgLS1kMTZzcw%3D%3D&l=202607241025377B1974B0F1487C577D45&btag=e00048000,4,https://v16-webapp.tiktok.com/d3dfc30be6bd0af979b5cfe108c56c40/6a6570bc/video/tos/useast2a/tos-useast2a-v-0068/dc738f27ab4447dc8edc7bf18d8883e9/?a=1988&bti=ODszNWYuMDE6&&bt=1459&ft=-Elcomb6PD12NE72xn-Uxde2WY6e3wv25McAp&mime_type=video_mp4&rc=amUzeTk6ZjtlazMzNzczM0BpamUzeTk6ZjtlazMzNzczM0AyLWlmcjRnc2dgLS1kMTZzYSMyLWlmcjRnc2dgLS1kMTZzcw%3D%3D&l=202607241025377B1974B0F1487C577D45&btag=e00048000,spa-ES,ASR,automatic speech recognition,https://v16-webapp.tiktok.com/d3dfc30be6bd0af979b5cfe108c56c40/6a6570bc/video/tos/useast2a/tos-useast2a-v-0068/dc738f27ab4447dc8edc7bf18d8883e9/?a=1988&bti=ODszNWYuMDE6&&bt=1459&ft=-Elcomb6PD12NE72xn-Uxde2WY6e3wv25McAp&mime_type=video_mp4&rc=amUzeTk6ZjtlazMzNzczM0BpamUzeTk6ZjtlazMzNzczM0AyLWlmcjRnc2dgLS1kMTZzYSMyLWlmcjRnc2dgLS1kMTZzcw%3D%3D&l=202607241025377B1974B0F1487C577D45&btag=e00048000,1,https://api.apify.com/v2/key-value-stores/0Lnl6a9zwT52Tcm1j/records/transcription-hairoiling-20230519001608-7234680702044753158.txt,576
https://p16-common-sign.tiktokcdn.com/tos-maliva-avt-0068/fd422c9e0710dd223736f0a2bbb12e7f~tplv-tiktokx-cropcenter:720:720.jpeg?dr=14579&refresh_token=e88174c5&x-expires=1785031200&x-signature=WSQXYeexO%2BoLL3PlNr%2FvRMkouhU%3D&t=4d5b0474&ps=13740610&shp=a5d48078&shcp=81f88b70&idc=my3,https://www.tiktok.com/@hairoiling/video/7247290319513849094,,,4,197,,6,0,1333,7229000842552525829,hairoiling,Mane Beauty Hair Oiling,https://p16-common-sign.tiktokcdn.com/tos-maliva-avt-0068/fd422c9e0710dd223736f0a2bbb12e7f~tplv-tiktokx-cropcenter:720:720.jpeg?dr=14579&refresh_token=e88174c5&x-expires=1785031200&x-signature=WSQXYeexO%2BoLL3PlNr%2FvRMkouhU%3D&t=4d5b0474&ps=13740610&shp=a5d48078&shcp=81f88b70&idc=my3,FALSE,https://www.tiktok.com/@hairoiling,,FALSE,22,4,0,,1687391273,2023-06-21T23:47:53.000Z,,,,,,31,2901746,Brown makeup,0,,,,,,,caidadepeloenlamujer,cuidadodecabello,cuidadodecabellopiscina,cabellosano,hairoiling,alopecia,caidadepelo,cuerocabelludo,,,,,7247290319513849094,HairOiling,FALSE,FALSE,FALSE,FALSE,,,,,,,,https://p16-common-sign.tiktokcdn.com/tos-maliva-avt-0068/fd422c9e0710dd223736f0a2bbb12e7f~tplv-tiktokx-cropcenter:720:720.jpeg?dr=14579&refresh_token=e88174c5&x-expires=1785031200&x-signature=WSQXYeexO%2BoLL3PlNr%2FvRMkouhU%3D&t=4d5b0474&ps=13740610&shp=a5d48078&shcp=81f88b70&idc=my3,,Mane Beauty Hair Oiling,7247290340260236037,sonido original,TRUE,https://p16-common-sign.tiktokcdn.com/tos-maliva-avt-0068/fd422c9e0710dd223736f0a2bbb12e7f~tplv-tiktokx-cropcenter:720:720.jpeg?dr=14579&refresh_token=e88174c5&x-expires=1785031200&x-signature=WSQXYeexO%2BoLL3PlNr%2FvRMkouhU%3D&t=4d5b0474&ps=13740610&shp=a5d48078&shcp=81f88b70&idc=my3,https://v16m.tiktokcdn.com/b51ba3180f983f02a7fbf49ba370838b/6a641f00/video/tos/useast2a/tos-useast2a-v-27dcd7/e0dd168f1ca248a0a24dd6319a2a84dc/?a=1180&bti=ODszNWYuMDE6&&bt=125&ft=.NpOcInz7ThOLT8GXq8Zmo&mime_type=audio_mpeg&rc=M247NGQ6ZmVybDMzNzU8M0BpM247NGQ6ZmVybDMzNzU8M0BvMmtscjRvbDZgLS1kMTZzYSNvMmtscjRvbDZgLS1kMTZzcw%3D%3D&vvpl=1&l=202607241025377B1974B0F1487C577D45&btag=e00050000,1325,0,hairoiling,5500000000,0,,Se te cae mucho el cabello? Haz esto para evitarlo🥰 síguenos para más información 🌝 #caidadepeloenlamujer #cuidadodecabello #cuidadodecabellopiscina #cabellosano #hairoiling #alopecia #caidadepelo #cuerocabelludo ,es,https://p16-common-sign.tiktokcdn.com/tos-maliva-p-0068/okkQGWjaAowE4ZJkRjSBBNIaCDQMIBeTeSEkbn~tplv-tiktokx-origin.image?dr=14575&x-expires=1785031200&x-signature=Hx%2FHaPwLaH44ObCEJXfzL%2Fu3s9I%3D&t=4d5b0474&ps=13740610&shp=81f88b70&shcp=43f4a2f9&idc=my2,540p,95,mp4,1024,https://p16-common-sign.tiktokcdn.com/tos-maliva-p-0068/okkQGWjaAowE4ZJkRjSBBNIaCDQMIBeTeSEkbn~tplv-tiktokx-origin.image?dr=14575&x-expires=1785031200&x-signature=Hx%2FHaPwLaH44ObCEJXfzL%2Fu3s9I%3D&t=4d5b0474&ps=13740610&shp=81f88b70&shcp=43f4a2f9&idc=my2,,https://v16-webapp.tiktok.com/e0eabe95d376437f8999e38662c47d67/6a657080/video/tos/useast2a/tos-useast2a-v-0068/d011899efd294da08ca8cb1283f790a9/?a=1988&bti=ODszNWYuMDE6&&bt=1012&ft=-Elcomb6PD12NE72xn-Uxde2WY6e3wv25McAp&mime_type=video_mp4&rc=amVqM2Y6ZjlybDMzNzczM0BpamVqM2Y6ZjlybDMzNzczM0AxYWxucjRnbDZgLS1kMTZzYSMxYWxucjRnbDZgLS1kMTZzcw%3D%3D&l=202607241025377B1974B0F1487C577D45&btag=e00048000,spa-ES,ASR,automatic speech recognition,https://v16-webapp.tiktok.com/e0eabe95d376437f8999e38662c47d67/6a657080/video/tos/useast2a/tos-useast2a-v-0068/d011899efd294da08ca8cb1283f790a9/?a=1988&bti=ODszNWYuMDE6&&bt=1012&ft=-Elcomb6PD12NE72xn-Uxde2WY6e3wv25McAp&mime_type=video_mp4&rc=amVqM2Y6ZjlybDMzNzczM0BpamVqM2Y6ZjlybDMzNzczM0AxYWxucjRnbDZgLS1kMTZzYSMxYWxucjRnbDZgLS1kMTZzcw%3D%3D&l=202607241025377B1974B0F1487C577D45&btag=e00048000,1:whisper_lid,https://v16-webapp.tiktok.com/fc00b6eebd3c68745a849a9bb62e75b8/6a657080/video/tos/useast2a/tos-useast2a-v-0068/12394b321b884d4ea63e60769a2dad73/?a=1988&bti=ODszNWYuMDE6&&bt=1012&ft=-Elcomb6PD12NE72xn-Uxde2WY6e3wv25McAp&mime_type=video_mp4&rc=amVqM2Y6ZjlybDMzNzczM0BpamVqM2Y6ZjlybDMzNzczM0AxYWxucjRnbDZgLS1kMTZzYSMxYWxucjRnbDZgLS1kMTZzcw%3D%3D&l=202607241025377B1974B0F1487C577D45&btag=e00048000,eng-US,MT,machine translation,https://v16-webapp.tiktok.com/fc00b6eebd3c68745a849a9bb62e75b8/6a657080/video/tos/useast2a/tos-useast2a-v-0068/12394b321b884d4ea63e60769a2dad73/?a=1988&bti=ODszNWYuMDE6&&bt=1012&ft=-Elcomb6PD12NE72xn-Uxde2WY6e3wv25McAp&mime_type=video_mp4&rc=amVqM2Y6ZjlybDMzNzczM0BpamVqM2Y6ZjlybDMzNzczM0AxYWxucjRnbDZgLS1kMTZzYSMxYWxucjRnbDZgLS1kMTZzcw%3D%3D&l=202607241025377B1974B0F1487C577D45&btag=e00048000,4,https://api.apify.com/v2/key-value-stores/0Lnl6a9zwT52Tcm1j/records/transcription-hairoiling-20230621234753-7247290319513849094.txt,576
https://p16-common-sign.tiktokcdn.com/tos-maliva-avt-0068/fd422c9e0710dd223736f0a2bbb12e7f~tplv-tiktokx-cropcenter:720:720.jpeg?dr=14579&refresh_token=e88174c5&x-expires=1785031200&x-signature=WSQXYeexO%2BoLL3PlNr%2FvRMkouhU%3D&t=4d5b0474&ps=13740610&shp=a5d48078&shcp=81f88b70&idc=my3,https://www.tiktok.com/@hairoiling/video/7249546220103011589,,,4,197,,6,0,1333,7229000842552525829,hairoiling,Mane Beauty Hair Oiling,https://p16-common-sign.tiktokcdn.com/tos-maliva-avt-0068/fd422c9e0710dd223736f0a2bbb12e7f~tplv-tiktokx-cropcenter:720:720.jpeg?dr=14579&refresh_token=e88174c5&x-expires=1785031200&x-signature=WSQXYeexO%2BoLL3PlNr%2FvRMkouhU%3D&t=4d5b0474&ps=13740610&shp=a5d48078&shcp=81f88b70&idc=my3,FALSE,https://www.tiktok.com/@hairoiling,,FALSE,22,5,0,,1687916517,2023-06-28T01:41:57.000Z,,,,,,38,2901746,Brown makeup,0,,,,,,,caidadepeloenlamujer,alopecia,caidadepelo,cuerocabelludo,hairoiling,hairloss,tipsdecabello,hairoiltreatment,haircare,caidadecabello😢,,,7249546220103011589,HairOiling,FALSE,FALSE,FALSE,FALSE,,,,,,,,https://p77-sg.tiktokcdn.com/aweme/200x200/tos-alisg-v-2774/88140737f94b40b39886205bbaeafc70.jpeg,Zanaka,Jain,7234525541365418757,Makeba,FALSE,https://p77-sg.tiktokcdn.com/aweme/200x200/tos-alisg-v-2774/88140737f94b40b39886205bbaeafc70.jpeg,https://sf16-ies-music-sg.tiktokcdn.com/obj/tos-alisg-ve-2774/ogMs2oyBuuQEAXu9zAIEEPfpLQCAowNLh2W2Zz,1767,0,hairoiling,5500000000,0,,Se te cae mucho el cabello? Haz tu rutina de hair oiling pero NO hagas esto 👀 💇‍♀️ #caidadepeloenlamujer #alopecia #caidadepelo #cuerocabelludo #hairoiling #hairloss #tipsdecabello #hairoiltreatment #haircare #caidadecabello😢 ,es,https://p16-common-sign.tiktokcdn.com/tos-maliva-p-0068/oIemzNPHEhRJI8jV0AkQfBwbEtR4AKtVWB9qmY~tplv-tiktokx-origin.image?dr=14575&x-expires=1785031200&x-signature=cpbM1ItkSprsKOHj8JtreSymfvQ%3D&t=4d5b0474&ps=13740610&shp=81f88b70&shcp=43f4a2f9&idc=my2,540p,59,mp4,1024,https://p16-common-sign.tiktokcdn.com/tos-maliva-p-0068/oIemzNPHEhRJI8jV0AkQfBwbEtR4AKtVWB9qmY~tplv-tiktokx-origin.image?dr=14575&x-expires=1785031200&x-signature=cpbM1ItkSprsKOHj8JtreSymfvQ%3D&t=4d5b0474&ps=13740610&shp=81f88b70&shcp=43f4a2f9&idc=my2,,https://v16-webapp.tiktok.com/1f462f27a3fb7931eb42e65663a95838/6a65705c/video/tos/useast2a/tos-useast2a-v-0068/6f9ea00463f2454ebd5fbd3acb028864/?a=1988&bti=ODszNWYuMDE6&&bt=1128&ft=-Elcomb6PD12NE72xn-Uxde2WY6e3wv25McAp&mime_type=video_mp4&rc=am90Zmk6ZjZybDMzNzczM0Bpam90Zmk6ZjZybDMzNzczM0BebjFucjRncmFgLS1kMTZzYSNebjFucjRncmFgLS1kMTZzcw%3D%3D&l=202607241025377B1974B0F1487C577D45&btag=e00048000,eng-US,MT,machine translation,https://v16-webapp.tiktok.com/1f462f27a3fb7931eb42e65663a95838/6a65705c/video/tos/useast2a/tos-useast2a-v-0068/6f9ea00463f2454ebd5fbd3acb028864/?a=1988&bti=ODszNWYuMDE6&&bt=1128&ft=-Elcomb6PD12NE72xn-Uxde2WY6e3wv25McAp&mime_type=video_mp4&rc=am90Zmk6ZjZybDMzNzczM0Bpam90Zmk6ZjZybDMzNzczM0BebjFucjRncmFgLS1kMTZzYSNebjFucjRncmFgLS1kMTZzcw%3D%3D&l=202607241025377B1974B0F1487C577D45&btag=e00048000,4,https://v16-webapp.tiktok.com/5fb66746228c3459a384c3bfc5ca96d6/6a65705c/video/tos/useast2a/tos-useast2a-v-0068/3aa65e2fe33c4796977fa94190534259/?a=1988&bti=ODszNWYuMDE6&&bt=1128&ft=-Elcomb6PD12NE72xn-Uxde2WY6e3wv25McAp&mime_type=video_mp4&rc=am90Zmk6ZjZybDMzNzczM0Bpam90Zmk6ZjZybDMzNzczM0BebjFucjRncmFgLS1kMTZzYSNebjFucjRncmFgLS1kMTZzcw%3D%3D&l=202607241025377B1974B0F1487C577D45&btag=e00048000,spa-ES,ASR,automatic speech recognition,https://v16-webapp.tiktok.com/5fb66746228c3459a384c3bfc5ca96d6/6a65705c/video/tos/useast2a/tos-useast2a-v-0068/3aa65e2fe33c4796977fa94190534259/?a=1988&bti=ODszNWYuMDE6&&bt=1128&ft=-Elcomb6PD12NE72xn-Uxde2WY6e3wv25McAp&mime_type=video_mp4&rc=am90Zmk6ZjZybDMzNzczM0Bpam90Zmk6ZjZybDMzNzczM0BebjFucjRncmFgLS1kMTZzYSNebjFucjRncmFgLS1kMTZzcw%3D%3D&l=202607241025377B1974B0F1487C577D45&btag=e00048000,1:whisper_lid,https://api.apify.com/v2/key-value-stores/0Lnl6a9zwT52Tcm1j/records/transcription-hairoiling-20230628014157-7249546220103011589.txt,576
https://p16-common-sign.tiktokcdn.com/tos-maliva-avt-0068/fd422c9e0710dd223736f0a2bbb12e7f~tplv-tiktokx-cropcenter:720:720.jpeg?dr=14579&refresh_token=e88174c5&x-expires=1785031200&x-signature=WSQXYeexO%2BoLL3PlNr%2FvRMkouhU%3D&t=4d5b0474&ps=13740610&shp=a5d48078&shcp=81f88b70&idc=my3,https://www.tiktok.com/@hairoiling/video/7244638318929972486,,,4,197,,6,0,1333,7229000842552525829,hairoiling,Mane Beauty Hair Oiling,https://p16-common-sign.tiktokcdn.com/tos-maliva-avt-0068/fd422c9e0710dd223736f0a2bbb12e7f~tplv-tiktokx-cropcenter:720:720.jpeg?dr=14579&refresh_token=e88174c5&x-expires=1785031200&x-signature=WSQXYeexO%2BoLL3PlNr%2FvRMkouhU%3D&t=4d5b0474&ps=13740610&shp=a5d48078&shcp=81f88b70&idc=my3,FALSE,https://www.tiktok.com/@hairoiling,,FALSE,22,3,1,,1686773808,2023-06-14T20:16:48.000Z,,,,,,18,2901746,Brown makeup,0,,,,,,,caidadepeloenlamujer,caidadepelo,hairoiltreatment,cabellosano,hairoiling,tipsdecabello,haircare,caidadecabello,tipsdecabello,,,,7244638318929972486,HairOiling,FALSE,FALSE,FALSE,FALSE,,,,,,,,https://p16-common-sign.tiktokcdn.com/tos-maliva-avt-0068/fd422c9e0710dd223736f0a2bbb12e7f~tplv-tiktokx-cropcenter:720:720.jpeg?dr=14579&refresh_token=e88174c5&x-expires=1785031200&x-signature=WSQXYeexO%2BoLL3PlNr%2FvRMkouhU%3D&t=4d5b0474&ps=13740610&shp=a5d48078&shcp=81f88b70&idc=my3,,Mane Beauty Hair Oiling,7244638403453586182,sonido original,TRUE,https://p16-common-sign.tiktokcdn.com/tos-maliva-avt-0068/fd422c9e0710dd223736f0a2bbb12e7f~tplv-tiktokx-cropcenter:720:720.jpeg?dr=14579&refresh_token=e88174c5&x-expires=1785031200&x-signature=WSQXYeexO%2BoLL3PlNr%2FvRMkouhU%3D&t=4d5b0474&ps=13740610&shp=a5d48078&shcp=81f88b70&idc=my3,https://v16m.tiktokcdn.com/168cab6d69a84dbd9498f0088685424f/6a641f41/video/tos/useast2a/tos-useast2a-v-27dcd7/7373cbe4816040fa98008cd2432a1127/?a=1180&bti=ODszNWYuMDE6&&bt=125&ft=.NpOcInz7ThOLT8GXq8Zmo&mime_type=audio_mpeg&rc=and2amU6Zmo1bDMzNzU8M0Bpand2amU6Zmo1bDMzNzU8M0BtYGkycjRvLTJgLS1kMTZzYSNtYGkycjRvLTJgLS1kMTZzcw%3D%3D&vvpl=1&l=202607241025377B1974B0F1487C577D45&btag=e00050000,692,0,hairoiling,5500000000,0,,"Si se te cae mucho el cabello, intenta esto, me lo vas a agradecer💆🏽‍♀️💖🤝 #caidadepeloenlamujer #caidadepelo #hairoiltreatment #cabellosano #hairoiling #tipsdecabello #haircare #caidadecabello #tipsdecabello ",es,https://p16-common-sign.tiktokcdn.com/tos-maliva-p-0068/okLEcI7UASSMAIrFkyQ0eeyFieKUIOYQJfB2fK~tplv-tiktokx-origin.image?dr=14575&x-expires=1785031200&x-signature=C%2FQn0jWozroSbzwm1sFVXTHSfKQ%3D&t=4d5b0474&ps=13740610&shp=81f88b70&shcp=43f4a2f9&idc=my2,540p,160,mp4,1024,https://p16-common-sign.tiktokcdn.com/tos-maliva-p-0068/okLEcI7UASSMAIrFkyQ0eeyFieKUIOYQJfB2fK~tplv-tiktokx-origin.image?dr=14575&x-expires=1785031200&x-signature=C%2FQn0jWozroSbzwm1sFVXTHSfKQ%3D&t=4d5b0474&ps=13740610&shp=81f88b70&shcp=43f4a2f9&idc=my2,,,,,,,,,,,,,,https://api.apify.com/v2/key-value-stores/0Lnl6a9zwT52Tcm1j/records/transcription-hairoiling-20230614201648-7244638318929972486.txt,576
https://p16-common-sign.tiktokcdn.com/tos-maliva-avt-0068/fd422c9e0710dd223736f0a2bbb12e7f~tplv-tiktokx-cropcenter:720:720.jpeg?dr=14579&refresh_token=e88174c5&x-expires=1785031200&x-signature=WSQXYeexO%2BoLL3PlNr%2FvRMkouhU%3D&t=4d5b0474&ps=13740610&shp=a5d48078&shcp=81f88b70&idc=my3,https://www.tiktok.com/@hairoiling/video/7249063799771122950,,,4,197,,6,0,1333,7229000842552525829,hairoiling,Mane Beauty Hair Oiling,https://p16-common-sign.tiktokcdn.com/tos-maliva-avt-0068/fd422c9e0710dd223736f0a2bbb12e7f~tplv-tiktokx-cropcenter:720:720.jpeg?dr=14579&refresh_token=e88174c5&x-expires=1785031200&x-signature=WSQXYeexO%2BoLL3PlNr%2FvRMkouhU%3D&t=4d5b0474&ps=13740610&shp=a5d48078&shcp=81f88b70&idc=my3,FALSE,https://www.tiktok.com/@hairoiling,,FALSE,22,3,2,,1687804194,2023-06-26T18:29:54.000Z,17180713,dynemarmol,dayana ♡,https://www.tiktok.com/@17180713/video/7185596327944785157,https://www.tiktok.com/@17180713,7,2901746,Brown makeup,0,,,,,,,dúo,,cuidadodecabello,caidadepeloenlamujer,cabellosano,alopecia,caidadepelo,cuerocabelludo,tipsdebelleza,tipsdecabello,hairoiling,aceitedecabello,7249063799771122950,HairOiling,FALSE,FALSE,FALSE,FALSE,,,,,,,@dayana ♡,https://p77-sg.tiktokcdn.com/aweme/200x200/tos-alisg-v-2774/2a453491cf9d47ceac3f26f8df8e2f2e.jpeg,,Nez Tunes,6817434213931812865,A moist healing song,FALSE,https://p77-sg.tiktokcdn.com/aweme/200x200/tos-alisg-v-2774/2a453491cf9d47ceac3f26f8df8e2f2e.jpeg,https://sf16-ies-music-sg.tiktokcdn.com/obj/tos-alisg-ve-2774/8b09236d77624aafa8338b7415069a45,824,0,hairoiling,5500000000,0,,"#dúo con @dayana ♡ si eres de las mías y se les cae mucho el cabello, prueba hairoiling. Déjanos un comentario si quieres tu aceite 💖 #cuidadodecabello #caidadepeloenlamujer #cabellosano #alopecia #caidadepelo #cuerocabelludo #tipsdebelleza #tipsdecabello #hairoiling #aceitedecabello ",es,https://p16-common-sign.tiktokcdn.com/tos-maliva-p-0068/oYZbd8kmAkgRKnfuQ6sBWn0jseDEmkuJQBBzIV~tplv-tiktokx-origin.image?dr=14575&x-expires=1785031200&x-signature=VFInw9eWNGmQY%2FvmiQhKToALOYo%3D&t=4d5b0474&ps=13740610&shp=81f88b70&shcp=43f4a2f9&idc=my2,540p,51,mp4,1024,https://p16-common-sign.tiktokcdn.com/tos-maliva-p-0068/oYZbd8kmAkgRKnfuQ6sBWn0jseDEmkuJQBBzIV~tplv-tiktokx-origin.image?dr=14575&x-expires=1785031200&x-signature=VFInw9eWNGmQY%2FvmiQhKToALOYo%3D&t=4d5b0474&ps=13740610&shp=81f88b70&shcp=43f4a2f9&idc=my2,,,,,,,,,,,,,,https://api.apify.com/v2/key-value-stores/0Lnl6a9zwT52Tcm1j/records/transcription-hairoiling-20230626182954-7249063799771122950.txt,576
https://p16-common-sign.tiktokcdn.com/tos-maliva-avt-0068/175720ebd8d0884ac6b0287a2a884e53~tplv-tiktokx-cropcenter:720:720.jpeg?dr=14579&refresh_token=9d95d348&x-expires=1785031200&x-signature=GhwlKySJ%2BhSoQkhST1Dv30OX3aA%3D&t=4d5b0474&ps=13740610&shp=a5d48078&shcp=81f88b70&idc=my3,https://www.tiktok.com/@goteros.organicos/video/7346812367159790894,,,4,12,,0,0,30,7346808034499298350,goteros.organicos,magia capilar(Goteros),https://p16-common-sign.tiktokcdn.com/tos-maliva-avt-0068/175720ebd8d0884ac6b0287a2a884e53~tplv-tiktokx-cropcenter:720:720.jpeg?dr=14579&refresh_token=9d95d348&x-expires=1785031200&x-signature=GhwlKySJ%2BhSoQkhST1Dv30OX3aA%3D&t=4d5b0474&ps=13740610&shp=a5d48078&shcp=81f88b70&idc=my3,FALSE,https://www.tiktok.com/@goteros.organicos,"Goteros Anti-caida y crecimiento. 
En aceites y romero ❤️🪻",FALSE,14,0,0,,1710563080,2024-03-16T04:24:40.000Z,,,,,,0,2901746,Brown makeup,0,,,,,,,hair,goteros,oilinghair,oli,pelobonito,aceitesesenciales,,,,,,,7346812367159790894,HairOiling,FALSE,FALSE,FALSE,FALSE,North America,,4273359,6252001,22535865200907089,United States,,https://p16-common-sign.tiktokcdn.com/tos-maliva-avt-0068/175720ebd8d0884ac6b0287a2a884e53~tplv-tiktokx-cropcenter:720:720.jpeg?dr=14579&refresh_token=9d95d348&x-expires=1785031200&x-signature=GhwlKySJ%2BhSoQkhST1Dv30OX3aA%3D&t=4d5b0474&ps=13740610&shp=a5d48078&shcp=81f88b70&idc=my3,,magia capilar(Goteros),7346812470973057834,sonido original,TRUE,https://p16-common-sign.tiktokcdn.com/tos-maliva-avt-0068/175720ebd8d0884ac6b0287a2a884e53~tplv-tiktokx-cropcenter:720:720.jpeg?dr=14579&refresh_token=9d95d348&x-expires=1785031200&x-signature=GhwlKySJ%2BhSoQkhST1Dv30OX3aA%3D&t=4d5b0474&ps=13740610&shp=a5d48078&shcp=81f88b70&idc=my3,https://v16m.tiktokcdn.com/ac94d352741db79962782de673fa78c8/6a641ea9/video/tos/maliva/tos-maliva-v-27dcd7c799-us/o8wyEliqAGSCTcV1DABCEfe6J5lgHBDUAoiOv5/?a=1180&bti=ODszNWYuMDE6&&bt=125&ft=.NpOcInz7ThOLT8GXq8Zmo&mime_type=audio_mpeg&rc=anZ1a3Q5cjVrcTMzZzU8NEBpanZ1a3Q5cjVrcTMzZzU8NEBmMWVwMmRrcm5gLS1kMS9zYSNmMWVwMmRrcm5gLS1kMS9zcw%3D%3D&vvpl=1&l=202607241025377B1974B0F1487C577D45&btag=e00070000,726,0,hairoiling,5500000000,0,,HAIR OILING. #hair #goteros #oilinghair #oli #pelobonito #aceitesesenciales ,en,https://p16-common-sign.tiktokcdn.com/tos-useast5-p-0068-tx/oYl9jnAHQ7RgBhREICe1xDAnCRFwdSft9gbD8E~tplv-tiktokx-origin.image?dr=14575&x-expires=1785031200&x-signature=1LbFbHPfgvjjBIkKU8%2Fu%2FF6njmA%3D&t=4d5b0474&ps=13740610&shp=81f88b70&shcp=43f4a2f9&idc=my2,540p,8,mp4,1024,https://p16-common-sign.tiktokcdn.com/tos-useast5-p-0068-tx/oYl9jnAHQ7RgBhREICe1xDAnCRFwdSft9gbD8E~tplv-tiktokx-origin.image?dr=14575&x-expires=1785031200&x-signature=1LbFbHPfgvjjBIkKU8%2Fu%2FF6njmA%3D&t=4d5b0474&ps=13740610&shp=81f88b70&shcp=43f4a2f9&idc=my2,,,,,,,,,,,,,,https://api.apify.com/v2/key-value-stores/0Lnl6a9zwT52Tcm1j/records/transcription-goterosorg-20240316042440-7346812367159790894.txt,576
https://p16-common-sign.tiktokcdn.com/tos-maliva-avt-0068/175720ebd8d0884ac6b0287a2a884e53~tplv-tiktokx-cropcenter:720:720.jpeg?dr=14579&refresh_token=9d95d348&x-expires=1785031200&x-signature=GhwlKySJ%2BhSoQkhST1Dv30OX3aA%3D&t=4d5b0474&ps=13740610&shp=a5d48078&shcp=81f88b70&idc=my3,https://www.tiktok.com/@goteros.organicos/video/7346811171586067755,,,4,12,,0,0,30,7346808034499298350,goteros.organicos,magia capilar(Goteros),https://p16-common-sign.tiktokcdn.com/tos-maliva-avt-0068/175720ebd8d0884ac6b0287a2a884e53~tplv-tiktokx-cropcenter:720:720.jpeg?dr=14579&refresh_token=9d95d348&x-expires=1785031200&x-signature=GhwlKySJ%2BhSoQkhST1Dv30OX3aA%3D&t=4d5b0474&ps=13740610&shp=a5d48078&shcp=81f88b70&idc=my3,FALSE,https://www.tiktok.com/@goteros.organicos,"Goteros Anti-caida y crecimiento. 
En aceites y romero ❤️🪻",FALSE,14,1,0,,1710562806,2024-03-16T04:20:06.000Z,,,,,,5,2901746,Brown makeup,0,,,,,,,hair,goteros,oilinghair,oli,romero,pelobonito,canela,ginger,pelo,,,,7346811171586067755,HairOiling,FALSE,FALSE,FALSE,FALSE,North America,,4273359,6252001,22535865200907089,United States,,https://p77-sg.tiktokcdn.com/aweme/200x200/tos-alisg-v-2774/owAAmIAXcxlC8RexBbEhBFztZBaDjgLQrIfGMH.jpeg,TEXAS HOLD 'EM,Beyoncé,7334542274145454891,TEXAS HOLD 'EM,FALSE,https://p77-sg.tiktokcdn.com/aweme/200x200/tos-alisg-v-2774/owAAmIAXcxlC8RexBbEhBFztZBaDjgLQrIfGMH.jpeg,https://sf16-ies-music-sg.tiktokcdn.com/obj/tos-alisg-ve-2774/o4UWg7gGLCeNl7ALIfyPAFgOaDncenxAjzwtW1,725,0,hairoiling,5500000000,2,,"Gotero
Anti-caida y crecimiento. 

Canela, Café, Romero,jengibre,clavo dulce. 
#hair #goteros #oilinghair #oli #romero #pelobonito #canela #ginger #pelo ",es,https://p19-common-sign.tiktokcdn.com/tos-useast5-p-0068-tx/os7QgEgCR3NIlAOfqlu9nRfVGdwDEBFuS7VDgF~tplv-tiktokx-origin.image?dr=14575&x-expires=1785031200&x-signature=6ad44bCiJH%2F2T3wNx2sUsY%2FzkJM%3D&t=4d5b0474&ps=13740610&shp=81f88b70&shcp=43f4a2f9&idc=my2,540p,9,mp4,1024,https://p19-common-sign.tiktokcdn.com/tos-useast5-p-0068-tx/os7QgEgCR3NIlAOfqlu9nRfVGdwDEBFuS7VDgF~tplv-tiktokx-origin.image?dr=14575&x-expires=1785031200&x-signature=6ad44bCiJH%2F2T3wNx2sUsY%2FzkJM%3D&t=4d5b0474&ps=13740610&shp=81f88b70&shcp=43f4a2f9&idc=my2,,,,,,,,,,,,,,https://api.apify.com/v2/key-value-stores/0Lnl6a9zwT52Tcm1j/records/transcription-goterosorg-20240316042006-7346811171586067755.txt,576
https://p16-common-sign.tiktokcdn.com/tos-maliva-avt-0068/175720ebd8d0884ac6b0287a2a884e53~tplv-tiktokx-cropcenter:720:720.jpeg?dr=14579&refresh_token=9d95d348&x-expires=1785031200&x-signature=GhwlKySJ%2BhSoQkhST1Dv30OX3aA%3D&t=4d5b0474&ps=13740610&shp=a5d48078&shcp=81f88b70&idc=my3,https://www.tiktok.com/@goteros.organicos/video/7347567327187225902,,,4,12,,0,0,30,7346808034499298350,goteros.organicos,magia capilar(Goteros),https://p16-common-sign.tiktokcdn.com/tos-maliva-avt-0068/175720ebd8d0884ac6b0287a2a884e53~tplv-tiktokx-cropcenter:720:720.jpeg?dr=14579&refresh_token=9d95d348&x-expires=1785031200&x-signature=GhwlKySJ%2BhSoQkhST1Dv30OX3aA%3D&t=4d5b0474&ps=13740610&shp=a5d48078&shcp=81f88b70&idc=my3,FALSE,https://www.tiktok.com/@goteros.organicos,"Goteros Anti-caida y crecimiento. 
En aceites y romero ❤️🪻",FALSE,14,0,0,,1710738877,2024-03-18T05:14:37.000Z,,,,,,4,2901746,Brown makeup,0,,,,,,,hair,goteros,oilinghair,romero,parati,fypシ,aceitesesenciales,,,,,,7347567327187225902,HairOiling,FALSE,FALSE,FALSE,FALSE,North America,,4273359,6252001,22535865200907089,United States,,https://p16-common-sign.tiktokcdn.com/tos-maliva-avt-0068/a2c8275424be227ebf57ed8b2627c9c4~tplv-tiktokx-cropcenter:720:720.jpeg?dr=14579&refresh_token=4b82700a&x-expires=1785031200&x-signature=FwRg4nGX6m2bjuVxzd%2BrmDU0H2M%3D&t=4d5b0474&ps=13740610&shp=a5d48078&shcp=81f88b70&idc=my3,,Sofi,7197248501818067717,original sound,TRUE,https://p16-common-sign.tiktokcdn.com/tos-maliva-avt-0068/a2c8275424be227ebf57ed8b2627c9c4~tplv-tiktokx-cropcenter:720:720.jpeg?dr=14579&refresh_token=4b82700a&x-expires=1785031200&x-signature=FwRg4nGX6m2bjuVxzd%2BrmDU0H2M%3D&t=4d5b0474&ps=13740610&shp=a5d48078&shcp=81f88b70&idc=my3,https://v16m.tiktokcdn.com/7eeded208a3784d0cb02eb02c2cd4ed6/6a641ead/video/tos/useast2a/tos-useast2a-v-27dcd7/e01c61f560a34a34908e5e9d4c946b4b/?a=1180&bti=ODszNWYuMDE6&&bt=125&ft=.NpOcInz7ThOLT8GXq8Zmo&mime_type=audio_mpeg&rc=MzNseWY6ZnR2aTMzNzU8M0BpMzNseWY6ZnR2aTMzNzU8M0A2MTEvcjRnM2RgLS1kMTZzYSM2MTEvcjRnM2RgLS1kMTZzcw%3D%3D&vvpl=1&l=202607241025377B1974B0F1487C577D45&btag=e00070000,468,0,hairoiling,5500000000,0,,❤️❤️#hair #goteros #oilinghair #romero #parati #fypシ #aceitesesenciales ,un,https://p16-common-sign.tiktokcdn.com/tos-useast5-p-0068-tx/okM3vTgIieBA9SwiemBtLlzZ8tiDREB5EEbovg~tplv-tiktokx-origin.image?dr=14575&x-expires=1785031200&x-signature=betEXgWbqzyB6jLRjTo1l8Lf4V0%3D&t=4d5b0474&ps=13740610&shp=81f88b70&shcp=43f4a2f9&idc=my2,540p,12,mp4,1024,https://p16-common-sign.tiktokcdn.com/tos-useast5-p-0068-tx/okM3vTgIieBA9SwiemBtLlzZ8tiDREB5EEbovg~tplv-tiktokx-origin.image?dr=14575&x-expires=1785031200&x-signature=betEXgWbqzyB6jLRjTo1l8Lf4V0%3D&t=4d5b0474&ps=13740610&shp=81f88b70&shcp=43f4a2f9&idc=my2,,,,,,,,,,,,,,https://api.apify.com/v2/key-value-stores/0Lnl6a9zwT52Tcm1j/records/transcription-goterosorg-20240318051437-7347567327187225902.txt,576
https://p16-common-sign.tiktokcdn.com/tos-maliva-avt-0068/175720ebd8d0884ac6b0287a2a884e53~tplv-tiktokx-cropcenter:720:720.jpeg?dr=14579&refresh_token=9d95d348&x-expires=1785031200&x-signature=GhwlKySJ%2BhSoQkhST1Dv30OX3aA%3D&t=4d5b0474&ps=13740610&shp=a5d48078&shcp=81f88b70&idc=my3,https://www.tiktok.com/@goteros.organicos/video/7347571383255272747,,,4,12,,0,0,30,7346808034499298350,goteros.organicos,magia capilar(Goteros),https://p16-common-sign.tiktokcdn.com/tos-maliva-avt-0068/175720ebd8d0884ac6b0287a2a884e53~tplv-tiktokx-cropcenter:720:720.jpeg?dr=14579&refresh_token=9d95d348&x-expires=1785031200&x-signature=GhwlKySJ%2BhSoQkhST1Dv30OX3aA%3D&t=4d5b0474&ps=13740610&shp=a5d48078&shcp=81f88b70&idc=my3,FALSE,https://www.tiktok.com/@goteros.organicos,"Goteros Anti-caida y crecimiento. 
En aceites y romero ❤️🪻",FALSE,14,0,0,,1710739821,2024-03-18T05:30:21.000Z,,,,,,2,2901746,Brown makeup,0,,,,,,,hair,goteros,oilinghair,romero,fyp,pqrati,,,,,,,7347571383255272747,HairOiling,FALSE,FALSE,FALSE,FALSE,North America,,4273359,6252001,22535865200907089,United States,,https://p16-common-sign.tiktokcdn.com/tos-maliva-avt-0068/175720ebd8d0884ac6b0287a2a884e53~tplv-tiktokx-cropcenter:720:720.jpeg?dr=14579&refresh_token=9d95d348&x-expires=1785031200&x-signature=GhwlKySJ%2BhSoQkhST1Dv30OX3aA%3D&t=4d5b0474&ps=13740610&shp=a5d48078&shcp=81f88b70&idc=my3,,magia capilar(Goteros),7347571566688979754,sonido original,TRUE,https://p16-common-sign.tiktokcdn.com/tos-maliva-avt-0068/175720ebd8d0884ac6b0287a2a884e53~tplv-tiktokx-cropcenter:720:720.jpeg?dr=14579&refresh_token=9d95d348&x-expires=1785031200&x-signature=GhwlKySJ%2BhSoQkhST1Dv30OX3aA%3D&t=4d5b0474&ps=13740610&shp=a5d48078&shcp=81f88b70&idc=my3,https://v16m.tiktokcdn.com/b4a80b84150be0f3e6e9287b34f27215/6a641eaf/video/tos/maliva/tos-maliva-v-27dcd7c799-us/o8IAvLfoNC6AnATePwIEHXQHLoMf17A3C8Udtk/?a=1180&bti=ODszNWYuMDE6&&bt=125&ft=.NpOcInz7ThOLT8GXq8Zmo&mime_type=audio_mpeg&rc=M3RqOHM5cnV3cTMzZzU8NEBpM3RqOHM5cnV3cTMzZzU8NEBpc3FwMmRrL29gLS1kMS9zYSNpc3FwMmRrL29gLS1kMS9zcw%3D%3D&vvpl=1&l=202607241025377B1974B0F1487C577D45&btag=e00078000,283,0,hairoiling,5500000000,0,,#hair #goteros #oilinghair #romero #fyp #pqrati ,un,https://p16-common-sign.tiktokcdn.com/tos-useast5-p-0068-tx/oIQHfKLg3gbGmCY0AZkW6eIhLIAjfC7csMRCFQ~tplv-tiktokx-origin.image?dr=14575&x-expires=1785031200&x-signature=XyM9NgfF%2F%2BFlLrxfXa7IkRJvQ9M%3D&t=4d5b0474&ps=13740610&shp=81f88b70&shcp=43f4a2f9&idc=my2,540p,14,mp4,1024,https://p16-common-sign.tiktokcdn.com/tos-useast5-p-0068-tx/oIQHfKLg3gbGmCY0AZkW6eIhLIAjfC7csMRCFQ~tplv-tiktokx-origin.image?dr=14575&x-expires=1785031200&x-signature=XyM9NgfF%2F%2BFlLrxfXa7IkRJvQ9M%3D&t=4d5b0474&ps=13740610&shp=81f88b70&shcp=43f4a2f9&idc=my2,,,,,,,,,,,,,,https://api.apify.com/v2/key-value-stores/0Lnl6a9zwT52Tcm1j/records/transcription-goterosorg-20240318053021-7347571383255272747.txt,576
https://p16-common-sign.tiktokcdn.com/tos-maliva-avt-0068/175720ebd8d0884ac6b0287a2a884e53~tplv-tiktokx-cropcenter:720:720.jpeg?dr=14579&refresh_token=9d95d348&x-expires=1785031200&x-signature=GhwlKySJ%2BhSoQkhST1Dv30OX3aA%3D&t=4d5b0474&ps=13740610&shp=a5d48078&shcp=81f88b70&idc=my3,https://www.tiktok.com/@goteros.organicos/video/7346810021705026859,,,4,12,,0,0,30,7346808034499298350,goteros.organicos,magia capilar(Goteros),https://p16-common-sign.tiktokcdn.com/tos-maliva-avt-0068/175720ebd8d0884ac6b0287a2a884e53~tplv-tiktokx-cropcenter:720:720.jpeg?dr=14579&refresh_token=9d95d348&x-expires=1785031200&x-signature=GhwlKySJ%2BhSoQkhST1Dv30OX3aA%3D&t=4d5b0474&ps=13740610&shp=a5d48078&shcp=81f88b70&idc=my3,FALSE,https://www.tiktok.com/@goteros.organicos,"Goteros Anti-caida y crecimiento. 
En aceites y romero ❤️🪻",FALSE,14,0,0,,1710562539,2024-03-16T04:15:39.000Z,,,,,,1,2901746,Brown makeup,0,,,,,,,hair,goteros,oilinghair,oli,pelobonito,aceitesesenciales,,,,,,,7346810021705026859,HairOiling,FALSE,FALSE,FALSE,FALSE,North America,,4273359,6252001,22535865200907089,United States,,https://p77-sg.tiktokcdn.com/aweme/200x200/tos-alisg-v-2774/oU85TCns7QAnBiEmCkifBBgxKvrAfYEWZABwtM.jpeg,Digital Gloss,MEYY,7212600172143085570,Pretty (Sped Up),FALSE,https://p77-sg.tiktokcdn.com/aweme/200x200/tos-alisg-v-2774/oU85TCns7QAnBiEmCkifBBgxKvrAfYEWZABwtM.jpeg,https://sf16-ies-music-sg.tiktokcdn.com/obj/tos-alisg-ve-2774/oEJBiA17SWxCsZwCIMAHifl3oWI1zMBUtAJswN,697,0,hairoiling,5500000000,2,,HAIR OILING. 🪻Nutre las raíces Reforzando el crecimiento y la salud del cabello. #hair #goteros #oilinghair #oli #pelobonito #aceitesesenciales ,es,https://p16-common-sign.tiktokcdn.com/tos-useast5-p-0068-tx/oc9yw1wERgEw9zOlACBIRH9F3fvntrESDDeBgt~tplv-tiktokx-origin.image?dr=14575&x-expires=1785031200&x-signature=rvWVkThhI7mQyLwSivwAN5t0G5Y%3D&t=4d5b0474&ps=13740610&shp=81f88b70&shcp=43f4a2f9&idc=my2,540p,25,mp4,1024,https://p16-common-sign.tiktokcdn.com/tos-useast5-p-0068-tx/oc9yw1wERgEw9zOlACBIRH9F3fvntrESDDeBgt~tplv-tiktokx-origin.image?dr=14575&x-expires=1785031200&x-signature=rvWVkThhI7mQyLwSivwAN5t0G5Y%3D&t=4d5b0474&ps=13740610&shp=81f88b70&shcp=43f4a2f9&idc=my2,,,,,,,,,,,,,,https://api.apify.com/v2/key-value-stores/0Lnl6a9zwT52Tcm1j/records/transcription-goterosorg-20240316041539-7346810021705026859.txt,576
https://p16-common-sign.tiktokcdn.com/tos-maliva-avt-0068/fd422c9e0710dd223736f0a2bbb12e7f~tplv-tiktokx-cropcenter:720:720.jpeg?dr=14579&refresh_token=e88174c5&x-expires=1785031200&x-signature=WSQXYeexO%2BoLL3PlNr%2FvRMkouhU%3D&t=4d5b0474&ps=13740610&shp=a5d48078&shcp=81f88b70&idc=my3,https://www.tiktok.com/@hairoiling/video/7246549887133814022,,,4,197,,6,0,1333,7229000842552525829,hairoiling,Mane Beauty Hair Oiling,https://p16-common-sign.tiktokcdn.com/tos-maliva-avt-0068/fd422c9e0710dd223736f0a2bbb12e7f~tplv-tiktokx-cropcenter:720:720.jpeg?dr=14579&refresh_token=e88174c5&x-expires=1785031200&x-signature=WSQXYeexO%2BoLL3PlNr%2FvRMkouhU%3D&t=4d5b0474&ps=13740610&shp=a5d48078&shcp=81f88b70&idc=my3,FALSE,https://www.tiktok.com/@hairoiling,,FALSE,22,0,1,,1687218879,2023-06-19T23:54:39.000Z,,,,,,11,2901746,Brown makeup,0,,,,,,,caidadepeloenlamujer,hairoiltreatment,vacaciones,cuidadodecabello,cuidadodecabellopiscina,summer2023,cabellosano,hairoiling,haircare,,,,7246549887133814022,HairOiling,FALSE,FALSE,FALSE,FALSE,,,,,,,,https://p16-common-sign.tiktokcdn.com/tos-maliva-avt-0068/fd422c9e0710dd223736f0a2bbb12e7f~tplv-tiktokx-cropcenter:720:720.jpeg?dr=14579&refresh_token=e88174c5&x-expires=1785031200&x-signature=WSQXYeexO%2BoLL3PlNr%2FvRMkouhU%3D&t=4d5b0474&ps=13740610&shp=a5d48078&shcp=81f88b70&idc=my3,,Mane Beauty Hair Oiling,7246549901251840773,sonido original,TRUE,https://p16-common-sign.tiktokcdn.com/tos-maliva-avt-0068/fd422c9e0710dd223736f0a2bbb12e7f~tplv-tiktokx-cropcenter:720:720.jpeg?dr=14579&refresh_token=e88174c5&x-expires=1785031200&x-signature=WSQXYeexO%2BoLL3PlNr%2FvRMkouhU%3D&t=4d5b0474&ps=13740610&shp=a5d48078&shcp=81f88b70&idc=my3,https://v16m.tiktokcdn.com/a332dee322737cf1b35f80a32e8c2e58/6a641ea9/video/tos/useast2a/tos-useast2a-v-27dcd7/632ae6d68a8f4d15a52fdcb62fb20f6e/?a=1180&bti=ODszNWYuMDE6&&bt=126&ft=.NpOcInz7ThOLT8GXq8Zmo&mime_type=audio_mpeg&rc=amltOzs6ZmpobDMzNzU8M0BpamltOzs6ZmpobDMzNzU8M0AucmY0cjQwaTVgLS1kMTZzYSMucmY0cjQwaTVgLS1kMTZzcw%3D%3D&vvpl=1&l=202607241025377B1974B0F1487C577D45&btag=e00070000,648,0,hairoiling,5500000000,0,,Vas a ir a la playa este verano?🌊☀️🏝️ es importante que sigas cuidando tu cabello aunque estés de vacaciones. Asi se ve nuestra cámara cada que nos vamos de finde👋🏽🌝 déjanos un comentario si quieres tu MANE OIL! #caidadepeloenlamujer #hairoiltreatment #vacaciones #cuidadodecabello #cuidadodecabellopiscina #summer2023 #cabellosano #hairoiling #haircare ,es,https://p16-common-sign.tiktokcdn.com/tos-maliva-p-0068/oQEp8RBkVkQ6qe5MQbynrQAEJuBbA32WaIlfDO~tplv-tiktokx-origin.image?dr=14575&x-expires=1785031200&x-signature=oCLHOfN60c4XTwennaeLKQdfKKs%3D&t=4d5b0474&ps=13740610&shp=81f88b70&shcp=43f4a2f9&idc=my2,540p,8,mp4,1024,https://p16-common-sign.tiktokcdn.com/tos-maliva-p-0068/oQEp8RBkVkQ6qe5MQbynrQAEJuBbA32WaIlfDO~tplv-tiktokx-origin.image?dr=14575&x-expires=1785031200&x-signature=oCLHOfN60c4XTwennaeLKQdfKKs%3D&t=4d5b0474&ps=13740610&shp=81f88b70&shcp=43f4a2f9&idc=my2,,,,,,,,,,,,,,https://api.apify.com/v2/key-value-stores/0Lnl6a9zwT52Tcm1j/records/transcription-hairoiling-20230619235439-7246549887133814022.txt,576
https://p16-common-sign.tiktokcdn-us.com/tos-maliva-avt-0068/fbac1530402711c3d3365d8c17ca3433~tplv-tiktokx-cropcenter:720:720.jpeg?dr=9640&refresh_token=2cdb0d90&x-expires=1785031200&x-signature=2M5dvF18EsJRCl3NBEebQ9pciso%3D&t=4d5b0474&ps=13740610&shp=a5d48078&shcp=81f88b70&idc=useast5,https://www.tiktok.com/@lavish_krish/video/7646874432459279636,,,56400,395400,,451,0,11500000,6726171601530422278,lavish_krish,Krishna,https://p16-common-sign.tiktokcdn-us.com/tos-maliva-avt-0068/fbac1530402711c3d3365d8c17ca3433~tplv-tiktokx-cropcenter:720:720.jpeg?dr=9640&refresh_token=2cdb0d90&x-expires=1785031200&x-signature=2M5dvF18EsJRCl3NBEebQ9pciso%3D&t=4d5b0474&ps=13740610&shp=a5d48078&shcp=81f88b70&idc=useast5,FALSE,https://www.tiktok.com/@lavish_krish,"Self care is my hobby 💕📍Toronto 🇨🇦
pr@lavishkrish.com
👇🏼Hair Guide👇🏼",FALSE,874,145737,1008,,1780426705,2026-06-02T18:58:25.000Z,,,,,,273200,2369749334,Cute,0,,,,,,,lowporosityhair,hairoil,hairoiling,haircareroutine,haircare,,,,,,,,7646874432459279636,HairOiling,FALSE,FALSE,FALSE,FALSE,,,,,,,,https://p16-common-sign.tiktokcdn-us.com/tos-maliva-avt-0068/fbac1530402711c3d3365d8c17ca3433~tplv-tiktokx-cropcenter:720:720.jpeg?dr=9640&refresh_token=2cdb0d90&x-expires=1785031200&x-signature=2M5dvF18EsJRCl3NBEebQ9pciso%3D&t=4d5b0474&ps=13740610&shp=a5d48078&shcp=81f88b70&idc=useast5,,Krishna,7646874478983170823,original sound,TRUE,https://p16-common-sign.tiktokcdn-us.com/tos-maliva-avt-0068/fbac1530402711c3d3365d8c17ca3433~tplv-tiktokx-cropcenter:720:720.jpeg?dr=9640&refresh_token=2cdb0d90&x-expires=1785031200&x-signature=2M5dvF18EsJRCl3NBEebQ9pciso%3D&t=4d5b0474&ps=13740610&shp=a5d48078&shcp=81f88b70&idc=useast5,https://v16m.tiktokcdn-us.com/d8dae895a99962bf7f49a9ec58674fac/6a6321b1/video/tos/alisg/tos-alisg-v-27dcd7/oE1ovAFPVIDEUuAEfYAAf9EvUfIQTEFDgA9kJC/?a=1233&bti=ODszNWYuMDE6&&bt=125&ft=GSDrKInz7ThOLT8GXq8Zmo&mime_type=audio_mpeg&rc=M2RleXE5cm9sOzMzODU8NEBpM2RleXE5cm9sOzMzODU8NEBqY2hfMmQ0Y2NhLS1kMS1zYSNqY2hfMmQ0Y2NhLS1kMS1zcw%3D%3D&vvpl=1&l=20260724022536CA06222246F31574B033&btag=e00050000,3500000,0,hairoiling,5500000000,14300,,"Low porosity hair oiling routine 🩷 This is the only hair oiling routine you’ll need ✨ I’ve tested so many oils and combinations and I always come back to this one 🥰 All the products and tools are linked on my Amazon storefront in bio under ‘Hair Care’ 
.
Low porosity hair products
Low porosity hair oil 
Hair care routine 
ASMR video 
#lowporosityhair #hairoil #hairoiling #haircareroutine #haircare ",en,https://p16-common-sign.tiktokcdn-us.com/tos-alisg-p-0037/o4MLAQJSZi8QigWNaCgAOfAgITA8cfeeABfQ5M~tplv-tiktokx-origin.image?dr=9636&x-expires=1785031200&x-signature=Dl2cUQKDnspXwPkmrJVOvYpTizM%3D&t=4d5b0474&ps=13740610&shp=81f88b70&shcp=43f4a2f9&idc=useast5,540p,48,mp4,1024,https://p16-common-sign.tiktokcdn-us.com/tos-alisg-p-0037/o4MLAQJSZi8QigWNaCgAOfAgITA8cfeeABfQ5M~tplv-tiktokx-origin.image?dr=9636&x-expires=1785031200&x-signature=Dl2cUQKDnspXwPkmrJVOvYpTizM%3D&t=4d5b0474&ps=13740610&shp=81f88b70&shcp=43f4a2f9&idc=useast5,,https://v16m-webapp.tiktokcdn-us.com/2f7040af5d2d11bb23643c78bbebe67f/6a657051/video/tos/alisg/tos-alisg-pv-0037/19109ea17658453f85bf27c00bb3f897/?a=1988&bti=ODszNWYuMDE6&&bt=2233&ft=4KLMeMzm8Zmo0b3oVa4jVPSjdpWrKsd.&mime_type=video_mp4&rc=ajl1M3M5cjtsOzMzODczNEBpajl1M3M5cjtsOzMzODczNEBjM2kzMmRjY2NhLS1kMTFzYSNjM2kzMmRjY2NhLS1kMTFzcw%3D%3D&l=20260724022536CA06222246F31574B033&btag=e00048000,eng-US,ASR,automatic speech recognition,https://v16m-webapp.tiktokcdn-us.com/2f7040af5d2d11bb23643c78bbebe67f/6a657051/video/tos/alisg/tos-alisg-pv-0037/19109ea17658453f85bf27c00bb3f897/?a=1988&bti=ODszNWYuMDE6&&bt=2233&ft=4KLMeMzm8Zmo0b3oVa4jVPSjdpWrKsd.&mime_type=video_mp4&rc=ajl1M3M5cjtsOzMzODczNEBpajl1M3M5cjtsOzMzODczNEBjM2kzMmRjY2NhLS1kMTFzYSNjM2kzMmRjY2NhLS1kMTFzcw%3D%3D&l=20260724022536CA06222246F31574B033&btag=e00048000,1:big_caption,,,,,,,https://api.apify.com/v2/key-value-stores/0Lnl6a9zwT52Tcm1j/records/transcription-lavish_kri-20260602185825-7646874432459279636.txt,576
https://p19-common-sign.tiktokcdn-us.com/tos-useast8-avt-0068-tx2/4966b38b5db6c31b605ca2fbb90686c4~tplv-tiktokx-cropcenter:720:720.jpeg?dr=9640&refresh_token=f516f624&x-expires=1785031200&x-signature=e9Sp5xdFNOUXr%2FlJLOTyDVvmbJE%3D&t=4d5b0474&ps=13740610&shp=a5d48078&shcp=81f88b70&idc=useast5,https://www.tiktok.com/@madelineboyerr/video/7598221386489842974,,,31300,147800,,130,0,8600000,6581865307769831430,madelineboyerr,Madeline Boyer,https://p19-common-sign.tiktokcdn-us.com/tos-useast8-avt-0068-tx2/4966b38b5db6c31b605ca2fbb90686c4~tplv-tiktokx-cropcenter:720:720.jpeg?dr=9640&refresh_token=f516f624&x-expires=1785031200&x-signature=e9Sp5xdFNOUXr%2FlJLOTyDVvmbJE%3D&t=4d5b0474&ps=13740610&shp=a5d48078&shcp=81f88b70&idc=useast5,FALSE,https://www.tiktok.com/@madelineboyerr,"In pursuit of Jesus. 
🐆🍵🧴
mbslagel03@gmail.com",FALSE,956,54711,445,,1769098808,2026-01-22T16:20:08.000Z,,,,,,148900,2369749334,Cute,0,,,,,,,hairgrowthjourney,hairoilingroutine,hairgrowthoil,scalpoiling,scalpcare,,,,,,,,7598221386489842974,HairOiling,FALSE,FALSE,FALSE,FALSE,,,,,,,,https://p19-common-sign.tiktokcdn-us.com/tos-useast8-avt-0068-tx2/4966b38b5db6c31b605ca2fbb90686c4~tplv-tiktokx-cropcenter:720:720.jpeg?dr=9640&refresh_token=f516f624&x-expires=1785031200&x-signature=e9Sp5xdFNOUXr%2FlJLOTyDVvmbJE%3D&t=4d5b0474&ps=13740610&shp=a5d48078&shcp=81f88b70&idc=useast5,,Madeline Boyer,7598221379946728223,original sound,TRUE,https://p19-common-sign.tiktokcdn-us.com/tos-useast8-avt-0068-tx2/4966b38b5db6c31b605ca2fbb90686c4~tplv-tiktokx-cropcenter:720:720.jpeg?dr=9640&refresh_token=f516f624&x-expires=1785031200&x-signature=e9Sp5xdFNOUXr%2FlJLOTyDVvmbJE%3D&t=4d5b0474&ps=13740610&shp=a5d48078&shcp=81f88b70&idc=useast5,https://v16m.tiktokcdn-us.com/9600252b75b749d4bd9ac2544e6088ca/6a632284/video/tos/useast8/tos-useast8-v-27dcd7-tx2/ooEAIoHSqEfAATrIx4kfCFn5DDQeRJIo8rPBBA/?a=1233&bti=ODszNWYuMDE6&&bt=125&ft=GSDrKInz7ThOLT8GXq8Zmo&mime_type=audio_mpeg&rc=M3g1O245cmk3ODMzaTU8NEBpM3g1O245cmk3ODMzaTU8NEBiYzExMmRzcG1hLS1kMTJzYSNiYzExMmRzcG1hLS1kMTJzcw%3D%3D&vvpl=1&l=20260724022536CA06222246F31574B033&btag=e000c8000,1500000,0,hairoiling,5500000000,3923,,"all starts with a clean, healthy SCALP 👏🏼🙆🏻‍♀️🪮 #hairgrowthjourney #hairoilingroutine #hairgrowthoil #scalpoiling #scalpcare ",en,https://p16-common-sign.tiktokcdn-us.com/tos-useast8-p-0068-tx2/o4A9avzAIiXBRABTuJj8AyulBANECQOahZEzi~tplv-tiktokx-origin.image?dr=9636&x-expires=1785031200&x-signature=nyJHPjdaq3LPIEogSVVE0AGCN58%3D&t=4d5b0474&ps=13740610&shp=81f88b70&shcp=43f4a2f9&idc=useast5,720p,259,mp4,1280,https://p16-common-sign.tiktokcdn-us.com/tos-useast8-p-0068-tx2/o4A9avzAIiXBRABTuJj8AyulBANECQOahZEzi~tplv-tiktokx-origin.image?dr=9636&x-expires=1785031200&x-signature=nyJHPjdaq3LPIEogSVVE0AGCN58%3D&t=4d5b0474&ps=13740610&shp=81f88b70&shcp=43f4a2f9&idc=useast5,,https://v16m-webapp.tiktokcdn-us.com/b36d062b860a275ea839077f4328efe2/6a657124/video/tos/useast8/tos-useast8-v-0068-tx2/042d65be852d4a30919b20c3b8ca7fc4/?a=1988&bti=ODszNWYuMDE6&&bt=5527&ft=4KLMeMzm8Zmo0b3oVa4jVPSjdpWrKsd.&mime_type=video_mp4&rc=anVmZWo5cnA3ODMzaTczNEBpanVmZWo5cnA3ODMzaTczNEBuYWNpMmRza21hLS1kMTJzYSNuYWNpMmRza21hLS1kMTJzcw%3D%3D&l=20260724022536CA06222246F31574B033&btag=e00058000,eng-US,ASR,automatic speech recognition,https://v16m-webapp.tiktokcdn-us.com/b36d062b860a275ea839077f4328efe2/6a657124/video/tos/useast8/tos-useast8-v-0068-tx2/042d65be852d4a30919b20c3b8ca7fc4/?a=1988&bti=ODszNWYuMDE6&&bt=5527&ft=4KLMeMzm8Zmo0b3oVa4jVPSjdpWrKsd.&mime_type=video_mp4&rc=anVmZWo5cnA3ODMzaTczNEBpanVmZWo5cnA3ODMzaTczNEBuYWNpMmRza21hLS1kMTJzYSNuYWNpMmRza21hLS1kMTJzcw%3D%3D&l=20260724022536CA06222246F31574B033&btag=e00058000,1:big_caption,,,,,,,https://api.apify.com/v2/key-value-stores/0Lnl6a9zwT52Tcm1j/records/transcription-madelinebo-20260122162008-7598221386489842974.txt,720
https://p19-common-sign.tiktokcdn-us.com/tos-maliva-avt-0068/a6db97b65b7d1368c162d0e685f742b8~tplv-tiktokx-cropcenter:720:720.jpeg?dr=9640&refresh_token=00c87ce1&x-expires=1785031200&x-signature=WKbNJ6KHNyuRkPAvfYsnsWJ1LGk%3D&t=4d5b0474&ps=13740610&shp=a5d48078&shcp=81f88b70&idc=useast5,https://www.tiktok.com/@natashathasan/video/7348243301042015493,,,73300,863500,,748,0,52900000,6746207358434182150,natashathasan,Natasha Thasan,https://p19-common-sign.tiktokcdn-us.com/tos-maliva-avt-0068/a6db97b65b7d1368c162d0e685f742b8~tplv-tiktokx-cropcenter:720:720.jpeg?dr=9640&refresh_token=00c87ce1&x-expires=1785031200&x-signature=WKbNJ6KHNyuRkPAvfYsnsWJ1LGk%3D&t=4d5b0474&ps=13740610&shp=a5d48078&shcp=81f88b70&idc=useast5,FALSE,https://www.tiktok.com/@natashathasan,"🧚🏾‍♀️🥻🍛
hello@natashathasan.cc
skin/menstrual care picks :",FALSE,2013,7484,142,,1710896222,2024-03-20T00:57:02.000Z,,,,,,27000,2369749334,Cute,0,,,,,,,,,,,,,,,,,,,7348243301042015493,HairOiling,FALSE,FALSE,FALSE,FALSE,,,,,,,,https://p16-common.tiktokcdn-us.com/tos-alisg-v-2774/oAeL3AQDnBs60OHFEAA7OCEItBPbfWxgwZEtBc~tplv-tiktokx-cropcenter:200:200.jpeg?dr=9584&t=4d5b0474&ps=933b5bde&shp=08d74b56&shcp=81f88b70&idc=useast5,Head Concussion Records (Instrumentals),Head Concussion,6701949939552880641,Beach Front Riddim - Instrumental,FALSE,https://p16-common.tiktokcdn-us.com/tos-alisg-v-2774/oAeL3AQDnBs60OHFEAA7OCEItBPbfWxgwZEtBc~tplv-tiktokx-cropcenter:200:200.jpeg?dr=9584&t=4d5b0474&ps=933b5bde&shp=08d74b56&shcp=81f88b70&idc=useast5,https://sf19.tiktokcdn-us.com/obj/tos-alisg-ve-2774/oIniQpbMaBsI7CFZvBlM8zMO1WtegFfF3MsDEa,404200,0,hairoiling,5500000000,438,,on wednesday's we oil our hair 😌💜,en,https://p19-common-sign.tiktokcdn-us.com/tos-maliva-p-0068/okEYwIAyGf6NziST4CbBFoBCkGgPAZOU9IZFio~tplv-tiktokx-origin.image?dr=9636&x-expires=1785031200&x-signature=wKD3VidCmwi9iOu8QMIc2zPvEaA%3D&t=4d5b0474&ps=13740610&shp=81f88b70&shcp=43f4a2f9&idc=useast5,540p,65,mp4,1024,https://p19-common-sign.tiktokcdn-us.com/tos-maliva-p-0068/okEYwIAyGf6NziST4CbBFoBCkGgPAZOU9IZFio~tplv-tiktokx-origin.image?dr=9636&x-expires=1785031200&x-signature=wKD3VidCmwi9iOu8QMIc2zPvEaA%3D&t=4d5b0474&ps=13740610&shp=81f88b70&shcp=43f4a2f9&idc=useast5,,https://v16m-webapp.tiktokcdn-us.com/27a8558653734174fc091d9bba5de8a8/6a657062/video/tos/useast2a/tos-useast2a-v-0068/144a8508f6fc4ab6932a5a0a73035484/?a=1988&bti=ODszNWYuMDE6&&bt=1827&ft=4KLMeMzm8Zmo0b3oVa4jVPSjdpWrKsd.&mime_type=video_mp4&rc=MzlvNHI5cnM2cTMzNzczM0BpMzlvNHI5cnM2cTMzNzczM0AuMWM0MmQ0M3FgLS1kMTZzYSMuMWM0MmQ0M3FgLS1kMTZzcw%3D%3D&l=20260724022536CA06222246F31574B033&btag=e00050000,eng-US,LC,creator caption,https://v16m-webapp.tiktokcdn-us.com/27a8558653734174fc091d9bba5de8a8/6a657062/video/tos/useast2a/tos-useast2a-v-0068/144a8508f6fc4ab6932a5a0a73035484/?a=1988&bti=ODszNWYuMDE6&&bt=1827&ft=4KLMeMzm8Zmo0b3oVa4jVPSjdpWrKsd.&mime_type=video_mp4&rc=MzlvNHI5cnM2cTMzNzczM0BpMzlvNHI5cnM2cTMzNzczM0AuMWM0MmQ0M3FgLS1kMTZzYSMuMWM0MmQ0M3FgLS1kMTZzcw%3D%3D&l=20260724022536CA06222246F31574B033&btag=e00050000,8,https://v16m-webapp.tiktokcdn-us.com/bbfb1dc32016d4654362584b653526b2/6a657062/video/tos/useast2a/tos-useast2a-v-0068/39cecbdc042a4cee802a993ab4930960/?a=1988&bti=ODszNWYuMDE6&&bt=1827&ft=4KLMeMzm8Zmo0b3oVa4jVPSjdpWrKsd.&mime_type=video_mp4&rc=MzlvNHI5cnM2cTMzNzczM0BpMzlvNHI5cnM2cTMzNzczM0AuMWM0MmQ0M3FgLS1kMTZzYSMuMWM0MmQ0M3FgLS1kMTZzcw%3D%3D&l=20260724022536CA06222246F31574B033&btag=e00050000,eng-US,MT,machine translation,https://v16m-webapp.tiktokcdn-us.com/bbfb1dc32016d4654362584b653526b2/6a657062/video/tos/useast2a/tos-useast2a-v-0068/39cecbdc042a4cee802a993ab4930960/?a=1988&bti=ODszNWYuMDE6&&bt=1827&ft=4KLMeMzm8Zmo0b3oVa4jVPSjdpWrKsd.&mime_type=video_mp4&rc=MzlvNHI5cnM2cTMzNzczM0BpMzlvNHI5cnM2cTMzNzczM0AuMWM0MmQ0M3FgLS1kMTZzYSMuMWM0MmQ0M3FgLS1kMTZzcw%3D%3D&l=20260724022536CA06222246F31574B033&btag=e00050000,8,https://api.apify.com/v2/key-value-stores/0Lnl6a9zwT52Tcm1j/records/transcription-natashatha-20240320005702-7348243301042015493.txt,576