authorMeta/avatar,authorMeta/bioLink,authorMeta/createTime,authorMeta/digg,authorMeta/fans,authorMeta/followDatasetUrl,authorMeta/following,authorMeta/friends,authorMeta/heart,authorMeta/id,authorMeta/name,authorMeta/nickName,authorMeta/originalAvatarUrl,authorMeta/privateAccount,authorMeta/profileUrl,authorMeta/signature,authorMeta/verified,authorMeta/video,collectCount,commentCount,commentsDatasetUrl,createTime,createTimeISO,detailedMentions/0/id,detailedMentions/0/name,detailedMentions/0/nickName,detailedMentions/0/profileUrl,detailedMentions/1/id,detailedMentions/1/name,detailedMentions/1/nickName,detailedMentions/1/profileUrl,detailedMentions/2/id,detailedMentions/2/name,detailedMentions/2/nickName,detailedMentions/2/profileUrl,detailedMentions/3/id,detailedMentions/3/name,detailedMentions/3/nickName,detailedMentions/3/profileUrl,detailedMentions/4/id,detailedMentions/4/name,detailedMentions/4/nickName,detailedMentions/4/profileUrl,detailedMentions/5/id,detailedMentions/5/name,detailedMentions/5/nickName,detailedMentions/5/profileUrl,detailedMentions/6/id,detailedMentions/6/name,detailedMentions/6/nickName,detailedMentions/6/profileUrl,diggCount,effectStickers/0/ID,effectStickers/0/name,effectStickers/0/stickerStats/useCount,hashtags/0/name,hashtags/1/name,hashtags/2/name,hashtags/3/name,hashtags/4/name,hashtags/5/name,hashtags/6/name,hashtags/7/name,hashtags/8/name,hashtags/9/name,hashtags/10/name,hashtags/11/name,hashtags/12/name,hashtags/13/name,hashtags/14/name,hashtags/15/name,hashtags/16/name,id,input,isAd,isPinned,isSlideshow,isSponsored,locationMeta/address,locationMeta/city,locationMeta/cityCode,locationMeta/countryCode,locationMeta/locationId,locationMeta/locationName,mentions/0,mentions/1,mentions/2,mentions/3,mentions/4,mentions/5,mentions/6,musicMeta/coverMediumUrl,musicMeta/musicAlbum,musicMeta/musicAuthor,musicMeta/musicId,musicMeta/musicName,musicMeta/musicOriginal,musicMeta/originalCoverMediumUrl,musicMeta/playUrl,playCount,repostCount,searchHashtag/name,searchHashtag/views,shareCount,shortDramaSeriesInfo,text,textLanguage,videoMeta/coverUrl,videoMeta/definition,videoMeta/duration,videoMeta/format,videoMeta/height,videoMeta/originalCoverUrl,videoMeta/subtitleLinks,videoMeta/subtitleLinks/0/downloadLink,videoMeta/subtitleLinks/0/language,videoMeta/subtitleLinks/0/source,videoMeta/subtitleLinks/0/sourceUnabbreviated,videoMeta/subtitleLinks/0/tiktokLink,videoMeta/subtitleLinks/0/version,videoMeta/transcriptionLink,videoMeta/width,webVideoUrl
https://p16-common-sign.tiktokcdn-us.com/tos-useast5-avt-0068-tx/37f2d5519436eed4af7632474ab085fa~tplv-tiktokx-cropcenter:720:720.jpeg?dr=9640&refresh_token=47317bc0&x-expires=1785031200&x-signature=26gL%2FCtG5RuwEkiJM%2BcihhM5X18%3D&t=4d5b0474&ps=13740610&shp=a5d48078&shcp=81f88b70&idc=useast8,,,21200,3000000,,594,0,82600000,6749373116890629125,abbeyyung,Abbey Yung,https://p16-common-sign.tiktokcdn-us.com/tos-useast5-avt-0068-tx/37f2d5519436eed4af7632474ab085fa~tplv-tiktokx-cropcenter:720:720.jpeg?dr=9640&refresh_token=47317bc0&x-expires=1785031200&x-signature=26gL%2FCtG5RuwEkiJM%2BcihhM5X18%3D&t=4d5b0474&ps=13740610&shp=a5d48078&shcp=81f88b70&idc=useast8,FALSE,https://www.tiktok.com/@abbeyyung,"The Abbey Yung Method™
Certified Trichologist who loves all things beauty
YouTube & Links ⬇️",TRUE,1173,51945,1159,,1782421682,2026-06-25T21:08:02.000Z,,,,,,,,,,,,,,,,,,,,,,,,,,,,,90600,,,,scalpserum,scalphealth,hairloss,hairgrowth,abbeyyungmethod,,,,,,,,,,,,,7655442788594519326,scalpcare,FALSE,FALSE,FALSE,FALSE,,,,,,,,,,,,,,https://p16-common-sign.tiktokcdn-us.com/tos-useast5-avt-0068-tx/37f2d5519436eed4af7632474ab085fa~tplv-tiktokx-cropcenter:720:720.jpeg?dr=9640&refresh_token=47317bc0&x-expires=1785031200&x-signature=26gL%2FCtG5RuwEkiJM%2BcihhM5X18%3D&t=4d5b0474&ps=13740610&shp=a5d48078&shcp=81f88b70&idc=useast8,,Abbey Yung,7655442811847822110,original sound,TRUE,https://p16-common-sign.tiktokcdn-us.com/tos-useast5-avt-0068-tx/37f2d5519436eed4af7632474ab085fa~tplv-tiktokx-cropcenter:720:720.jpeg?dr=9640&refresh_token=47317bc0&x-expires=1785031200&x-signature=26gL%2FCtG5RuwEkiJM%2BcihhM5X18%3D&t=4d5b0474&ps=13740610&shp=a5d48078&shcp=81f88b70&idc=useast8,https://v16m.tiktokcdn-us.com/7eb8b865dff1ec7649018ac9f110c3a4/6a631dfa/video/tos/useast8/tos-useast8-v-27dcd7-tx2/o8ArlZmCRiMM4Dg9uaB1AVPYwC1jQ2mzlipI6/?a=1233&bti=ODszNWYuMDE6&&bt=125&ft=GSDrKInz7Th2_T8GXq8Zmo&mime_type=audio_mpeg&rc=PGUzaWY7aTtoZWc4NTlkZ0BpajxkZ285cmhzOzMzaTU8NEBgXjE2MS4uNTYxLTUxMS1jYSNgYWNkMmQ0ZXJhLS1kMTJzcw%3D%3D&vvpl=1&l=20260724020739E9C2A2E8AAE784675F5E&btag=e000d0000,1600000,0,scalpcare,11500000000,5368,,"Here are my top 5 recommendations for scalp serums that I am officially adding to The Abbey Yung Method! I’ve spent the last 8+ months researching this category because it’s one I knew I had to approach differently than others. This category is extremely complex not only because of all of the different claimed benefits and the different types of evidence/research available from brands (or lack thereof in many cases), but also because of the FDA restrictions on what brands legally can and cannot say. I also obviously can’t speak to personal results like a reduction in shedding for all of these products at the same time, especially when I wasn’t experiencing hair loss prior to using scalp serums. So what felt right to me is to reach out to all of the brands I was reviewing to get information on key ingredients, clinical testing, patents, publications, etc. so that I could still provide a handful of options for you to choose from that I felt confident recommending. I also of course still tested out every serum to make sure that I liked the texture and that I didn’t have any issues with it (like greasy residue), so that was a key part of my recommendation too. Based on all of that, I landed on this lineup that I think is a good place to start if you’re interested in using a scalp serum for scalp health, healthier hair growth, or improved hair retention. More information on how these serums work, key ingredients, supporting evidence, sources, etc on all of the scalp serums I looked into and why I did/didn’t add them (like Kerastase, The Ordinary & Cecred), is on my YT channel! You’ll see lots of videos with way more info than I have time to share in short videos here. 

#scalpserum #scalphealth #hairloss #hairgrowth #abbeyyungmethod ",en,https://p16-common-sign.tiktokcdn-us.com/tos-useast8-p-0068-tx2/o0sW7AffzUDdQIQoJeLeQFAJ7MrhFCIoGYG1RP~tplv-tiktokx-origin.image?dr=9636&x-expires=1785031200&x-signature=3TRUscggHsHTKqdBpm0Gm1isijk%3D&t=4d5b0474&ps=13740610&shp=81f88b70&shcp=43f4a2f9&idc=useast8,720p,175,mp4,1280,https://p16-common-sign.tiktokcdn-us.com/tos-useast8-p-0068-tx2/o0sW7AffzUDdQIQoJeLeQFAJ7MrhFCIoGYG1RP~tplv-tiktokx-origin.image?dr=9636&x-expires=1785031200&x-signature=3TRUscggHsHTKqdBpm0Gm1isijk%3D&t=4d5b0474&ps=13740610&shp=81f88b70&shcp=43f4a2f9&idc=useast8,,https://v16m-webapp.tiktokcdn-us.com/8028c36d8381cee1fac3384a66cf8f24/6a656c9b/video/tos/useast8/tos-useast8-v-0068-tx2/1a55276424004b4ba02be1f5eef416c3/?a=1988&bti=ODszNWYuMDE6&&bt=11882&ft=4KLMeMMD8Zmo0ZhoVa4jVzZCQpWrKsd.&mime_type=video_mp4&rc=andqNXc5cjxzOzMzaTczNEBpandqNXc5cjxzOzMzaTczNEBkc2xhMmRzZXJhLS1kMTJzYSNkc2xhMmRzZXJhLS1kMTJzcw%3D%3D&l=20260724020739E9C2A2E8AAE784675F5E&btag=e00050000,eng-US,ASR,automatic speech recognition,https://v16m-webapp.tiktokcdn-us.com/8028c36d8381cee1fac3384a66cf8f24/6a656c9b/video/tos/useast8/tos-useast8-v-0068-tx2/1a55276424004b4ba02be1f5eef416c3/?a=1988&bti=ODszNWYuMDE6&&bt=11882&ft=4KLMeMMD8Zmo0ZhoVa4jVzZCQpWrKsd.&mime_type=video_mp4&rc=andqNXc5cjxzOzMzaTczNEBpandqNXc5cjxzOzMzaTczNEBkc2xhMmRzZXJhLS1kMTJzYSNkc2xhMmRzZXJhLS1kMTJzcw%3D%3D&l=20260724020739E9C2A2E8AAE784675F5E&btag=e00050000,1:big_caption,https://api.apify.com/v2/key-value-stores/KtYoKZfFP9mS0CE5o/records/transcription-abbeyyung-20260625210802-7655442788594519326.txt,720,https://www.tiktok.com/@abbeyyung/video/7655442788594519326
https://p19-common-sign.tiktokcdn-us.com/tos-useast5-avt-0068-tx/52961138144674015eb7b36bf1af75e1~tplv-tiktokx-cropcenter:720:720.jpeg?dr=9640&refresh_token=e79b144d&x-expires=1785031200&x-signature=jaOBIBE4fy537lpLbPLE5BNqBLw%3D&t=4d5b0474&ps=13740610&shp=a5d48078&shcp=81f88b70&idc=useast8,,,197,13300,,419,0,458700,7423235833896191018,seoulfulstyle,seoulfulstyle,https://p19-common-sign.tiktokcdn-us.com/tos-useast5-avt-0068-tx/52961138144674015eb7b36bf1af75e1~tplv-tiktokx-cropcenter:720:720.jpeg?dr=9640&refresh_token=e79b144d&x-expires=1785031200&x-signature=jaOBIBE4fy537lpLbPLE5BNqBLw%3D&t=4d5b0474&ps=13740610&shp=a5d48078&shcp=81f88b70&idc=useast8,FALSE,https://www.tiktok.com/@seoulfulstyle,"🇰🇷🇺🇸 | ATL
Just a girl's girl ✨🎀 
Beauty | Foodie | Travel | Lifestyle
💌: ceo@seoulfulstyle.com",FALSE,1176,0,1,,1783106692,2026-07-03T19:24:52.000Z,7612934228712326160,drforhair.global,Dr.FORHAIR,https://www.tiktok.com/@7612934228712326160,,,,,,,,,,,,,,,,,,,,,,,,,3,,,,scalpscrub,oilyscalp,dandruff,scalpcare,tiktokshopcreatorpicks,,,,,,,,,,,,,7658384819759418638,scalpcare,TRUE,FALSE,FALSE,TRUE,,,,,,,@Dr.FORHAIR,,,,,,,https://p16-common-sign.tiktokcdn-us.com/tos-alisg-avt-0068/69473993337a3d34f3e5553d3a06be53~tplv-tiktokx-cropcenter:720:720.jpeg?dr=9640&refresh_token=9ad9cdfd&x-expires=1785031200&x-signature=53SK9iWhfJKm5fHs6Yu9yDxDeEg%3D&t=4d5b0474&ps=13740610&shp=a5d48078&shcp=81f88b70&idc=useast8,,K-Mashups 🇦🇷,7439575440072706872,ASAP by NewJeans x Tick Tack Inst.,TRUE,https://p16-common-sign.tiktokcdn-us.com/tos-alisg-avt-0068/69473993337a3d34f3e5553d3a06be53~tplv-tiktokx-cropcenter:720:720.jpeg?dr=9640&refresh_token=9ad9cdfd&x-expires=1785031200&x-signature=53SK9iWhfJKm5fHs6Yu9yDxDeEg%3D&t=4d5b0474&ps=13740610&shp=a5d48078&shcp=81f88b70&idc=useast8,https://v16m.tiktokcdn-us.com/a4989a9b58b97a8319cdbb254c21eeba/6a631dd5/video/tos/useast5/tos-useast5-v-27dcd7c799-tx/ogyrBofDJIorJTnULrMOBPKqeBnCwE5AFAA8IQ/?a=1233&bti=ODszNWYuMDE6&&bt=125&ft=GSDrKInz7Th2_T8GXq8Zmo&mime_type=audio_mpeg&rc=ajhqd245cnlkdjMzNzU8M0Bpajhqd245cnlkdjMzNzU8M0AwZ2IvMmQ0cHNgLS1kMTZzYSMwZ2IvMmQ0cHNgLS1kMTZzcw%3D%3D&vvpl=1&l=20260724020739E9C2A2E8AAE784675F5E&btag=e00050000,745,0,scalpcare,11500000000,0,,I am OBSESSED with this #scalpscrub lately‼️ #oilyscalp #dandruff #scalpcare #tiktokshopcreatorpicks @Dr.FORHAIR ,en,https://p16-common-sign.tiktokcdn-us.com/tos-useast5-p-0068-tx/oAqIjUwPIdgBALjRLDkIvAHDaTBkCHGfIIIejf~tplv-tiktokx-origin.image?dr=9636&x-expires=1785031200&x-signature=NOfl%2FH9%2Bkt2Q31kIAc6Fo6l8CDM%3D&t=4d5b0474&ps=13740610&shp=81f88b70&shcp=43f4a2f9&idc=useast8,720p,29,mp4,1280,https://p16-common-sign.tiktokcdn-us.com/tos-useast5-p-0068-tx/oAqIjUwPIdgBALjRLDkIvAHDaTBkCHGfIIIejf~tplv-tiktokx-origin.image?dr=9636&x-expires=1785031200&x-signature=NOfl%2FH9%2Bkt2Q31kIAc6Fo6l8CDM%3D&t=4d5b0474&ps=13740610&shp=81f88b70&shcp=43f4a2f9&idc=useast8,,,,,,,,https://api.apify.com/v2/key-value-stores/KtYoKZfFP9mS0CE5o/records/transcription-seoulfulst-20260703192452-7658384819759418638.txt,720,https://www.tiktok.com/@seoulfulstyle/video/7658384819759418638
https://p16-common-sign.tiktokcdn-us.com/tos-useast5-avt-0068-tx/37f2d5519436eed4af7632474ab085fa~tplv-tiktokx-cropcenter:720:720.jpeg?dr=9640&refresh_token=47317bc0&x-expires=1785031200&x-signature=26gL%2FCtG5RuwEkiJM%2BcihhM5X18%3D&t=4d5b0474&ps=13740610&shp=a5d48078&shcp=81f88b70&idc=useast8,,,21200,3000000,,594,0,82600000,6749373116890629125,abbeyyung,Abbey Yung,https://p16-common-sign.tiktokcdn-us.com/tos-useast5-avt-0068-tx/37f2d5519436eed4af7632474ab085fa~tplv-tiktokx-cropcenter:720:720.jpeg?dr=9640&refresh_token=47317bc0&x-expires=1785031200&x-signature=26gL%2FCtG5RuwEkiJM%2BcihhM5X18%3D&t=4d5b0474&ps=13740610&shp=a5d48078&shcp=81f88b70&idc=useast8,FALSE,https://www.tiktok.com/@abbeyyung,"The Abbey Yung Method™
Certified Trichologist who loves all things beauty
YouTube & Links ⬇️",TRUE,1173,51656,945,,1780435921,2026-06-02T21:32:01.000Z,,,,,,,,,,,,,,,,,,,,,,,,,,,,,133300,,,,healthyhair,scalpcare,hairgrowth,shampoo,,,,,,,,,,,,,,7646913995521150238,scalpcare,FALSE,FALSE,FALSE,FALSE,,,,,,,,,,,,,,https://p16-common-sign.tiktokcdn-us.com/tos-useast5-avt-0068-tx/37f2d5519436eed4af7632474ab085fa~tplv-tiktokx-cropcenter:720:720.jpeg?dr=9640&refresh_token=47317bc0&x-expires=1785031200&x-signature=26gL%2FCtG5RuwEkiJM%2BcihhM5X18%3D&t=4d5b0474&ps=13740610&shp=a5d48078&shcp=81f88b70&idc=useast8,,Abbey Yung,7646914038445935390,original sound,TRUE,https://p16-common-sign.tiktokcdn-us.com/tos-useast5-avt-0068-tx/37f2d5519436eed4af7632474ab085fa~tplv-tiktokx-cropcenter:720:720.jpeg?dr=9640&refresh_token=47317bc0&x-expires=1785031200&x-signature=26gL%2FCtG5RuwEkiJM%2BcihhM5X18%3D&t=4d5b0474&ps=13740610&shp=a5d48078&shcp=81f88b70&idc=useast8,https://v16m.tiktokcdn-us.com/6b2a9e69fab3e168dedcf234b5006ad5/6a631dec/video/tos/useast8/tos-useast8-v-27dcd7-tx2/ocCfWZvE8XJCgY0Q4BFqCSQDA2ViEEk9f0HUGo/?a=1233&bti=ODszNWYuMDE6&&bt=125&ft=GSDrKInz7Th2_T8GXq8Zmo&mime_type=audio_mpeg&rc=aWg0Ozw7NThnZWZnN2k3ZUBpajQ3ZG45cm9uOzMzaTU8NEBgYS40M2IvXzYxNTQxNl42YSNhM3AzMmRra2NhLS1kMTJzcw%3D%3D&vvpl=1&l=20260724020739E9C2A2E8AAE784675F5E&btag=e000d0000,2100000,0,scalpcare,11500000000,3862,,"The Abbey Yung Method scalp health shampoo recommendations! I’ve spent the last 8-9 months testing and researching products in this category to find options that I not only love, but also truly believe in when it comes to their potential to improve scalp health and grow healthier hair- and that landed me with this Top 7! While some of these shampoos share benefits, there are some important differences I wanted to point out in this initial overview. Let me know if you want me to do a full deep dive on this (like I did for my product comparison guide series) to talk more about scalp & hair types I think that these are best for, but hopefully this gives you enough information to consider for now! 

#healthyhair #scalpcare #hairgrowth #shampoo",en,https://p16-common-sign.tiktokcdn-us.com/tos-useast8-p-0068-tx2/oUNxVgf3ATFgHG6QMSoLIp0fQKTebNTeeAGliw~tplv-tiktokx-origin.image?dr=9636&x-expires=1785031200&x-signature=ZxpXi%2Fy79rxGFTME2dPXrjH9VJA%3D&t=4d5b0474&ps=13740610&shp=81f88b70&shcp=43f4a2f9&idc=useast8,720p,161,mp4,1280,https://p16-common-sign.tiktokcdn-us.com/tos-useast8-p-0068-tx2/oUNxVgf3ATFgHG6QMSoLIp0fQKTebNTeeAGliw~tplv-tiktokx-origin.image?dr=9636&x-expires=1785031200&x-signature=ZxpXi%2Fy79rxGFTME2dPXrjH9VJA%3D&t=4d5b0474&ps=13740610&shp=81f88b70&shcp=43f4a2f9&idc=useast8,,https://v16m-webapp.tiktokcdn-us.com/e96d36e7d360c15d83d9fe465dd4ec43/6a656c8d/video/tos/useast8/tos-useast8-v-0068-tx2/32a75f3162ea47bbbe1889deee4be9cf/?a=1988&bti=ODszNWYuMDE6&&bt=11798&ft=4KLMeMMD8Zmo0ZhoVa4jVzZCQpWrKsd.&mime_type=video_mp4&rc=ajRxNG45cjpuOzMzaTczNEBpajRxNG45cjpuOzMzaTczNEBtbjRyMmRzaWNhLS1kMTJzYSNtbjRyMmRzaWNhLS1kMTJzcw%3D%3D&l=20260724020739E9C2A2E8AAE784675F5E&btag=e00050000,eng-US,ASR,automatic speech recognition,https://v16m-webapp.tiktokcdn-us.com/e96d36e7d360c15d83d9fe465dd4ec43/6a656c8d/video/tos/useast8/tos-useast8-v-0068-tx2/32a75f3162ea47bbbe1889deee4be9cf/?a=1988&bti=ODszNWYuMDE6&&bt=11798&ft=4KLMeMMD8Zmo0ZhoVa4jVzZCQpWrKsd.&mime_type=video_mp4&rc=ajRxNG45cjpuOzMzaTczNEBpajRxNG45cjpuOzMzaTczNEBtbjRyMmRzaWNhLS1kMTJzYSNtbjRyMmRzaWNhLS1kMTJzcw%3D%3D&l=20260724020739E9C2A2E8AAE784675F5E&btag=e00050000,1:big_caption,https://api.apify.com/v2/key-value-stores/KtYoKZfFP9mS0CE5o/records/transcription-abbeyyung-20260602213201-7646913995521150238.txt,720,https://www.tiktok.com/@abbeyyung/video/7646913995521150238
https://p19-common-sign.tiktokcdn-us.com/tos-useast5-avt-0068-tx/f468e381361be760d63749a31850617f~tplv-tiktokx-cropcenter:720:720.jpeg?dr=9640&refresh_token=1439d747&x-expires=1785031200&x-signature=5VEe85zXyNFYxY0Qs%2FA3kjccCL0%3D&t=4d5b0474&ps=13740610&shp=a5d48078&shcp=81f88b70&idc=useast8,,,8173,709900,,1797,0,6000000,6771924418580038662,abbeyjbenson,Abbey 🤍,https://p19-common-sign.tiktokcdn-us.com/tos-useast5-avt-0068-tx/f468e381361be760d63749a31850617f~tplv-tiktokx-cropcenter:720:720.jpeg?dr=9640&refresh_token=1439d747&x-expires=1785031200&x-signature=5VEe85zXyNFYxY0Qs%2FA3kjccCL0%3D&t=4d5b0474&ps=13740610&shp=a5d48078&shcp=81f88b70&idc=useast8,FALSE,https://www.tiktok.com/@abbeyjbenson,"USTI® Certified Hair & Scalp Expert + consultant
8k+ personal hair clients 
Your guide to hair growth🍒
1-1 Custom Hair Consult 🔗 ↓",FALSE,2342,78928,1045,,1740842230,2025-03-01T15:17:10.000Z,,,,,,,,,,,,,,,,,,,,,,,,,,,,,212500,,,,scalphealth,hairtransformation,healthyhairtips,hairgrowthtips,scalpcare,hairjourney,hairtok,,,,,,,,,,,7476860247278193966,scalpcare,FALSE,FALSE,FALSE,FALSE,North America,,4273359,6252001,22535865200907089,United States,,,,,,,,https://p19-common-sign.tiktokcdn-us.com/tos-useast5-avt-0068-tx/f468e381361be760d63749a31850617f~tplv-tiktokx-cropcenter:720:720.jpeg?dr=9640&refresh_token=1439d747&x-expires=1785031200&x-signature=5VEe85zXyNFYxY0Qs%2FA3kjccCL0%3D&t=4d5b0474&ps=13740610&shp=a5d48078&shcp=81f88b70&idc=useast8,,Abbey 🤍,7476860384025266990,original sound,TRUE,https://p19-common-sign.tiktokcdn-us.com/tos-useast5-avt-0068-tx/f468e381361be760d63749a31850617f~tplv-tiktokx-cropcenter:720:720.jpeg?dr=9640&refresh_token=1439d747&x-expires=1785031200&x-signature=5VEe85zXyNFYxY0Qs%2FA3kjccCL0%3D&t=4d5b0474&ps=13740610&shp=a5d48078&shcp=81f88b70&idc=useast8,https://v16m.tiktokcdn-us.com/8574f95eaef322f3fd9cd852138e67ec/6a631e35/video/tos/useast5/tos-useast5-v-27dcd7-tx/o0TM7ynQAKTfAQvQvCWPEkMMAIkhAHff8khoCM/?a=1233&bti=ODszNWYuMDE6&&bt=125&ft=GSDrKInz7Th2_T8GXq8Zmo&mime_type=audio_mpeg&rc=Mzd5N2s5cnlseTMzZzU8NEBpMzd5N2s5cnlseTMzZzU8NEBtLl5nMmRjNi5gLS1kMS9zYSNtLl5nMmRjNi5gLS1kMS9zcw%3D%3D&vvpl=1&l=20260724020739E9C2A2E8AAE784675F5E&btag=e000d8000,2400000,0,scalpcare,11500000000,8594,,5 Tips for Scalp Health that will help transform and grow your hair #scalphealth #hairtransformation #healthyhairtips #hairgrowthtips #scalpcare #hairjourney #hairtok ,en,https://p16-common-sign.tiktokcdn-us.com/tos-useast5-p-0068-tx/oMJAjBZ8k4A9PiuAkikoDGxE1EDAPBMKSgdDI~tplv-tiktokx-origin.image?dr=9636&x-expires=1785031200&x-signature=22zJ%2FtzOUt3ODmM6VsRMEdW8dLo%3D&t=4d5b0474&ps=13740610&shp=81f88b70&shcp=43f4a2f9&idc=useast8,540p,234,mp4,1024,https://p16-common-sign.tiktokcdn-us.com/tos-useast5-p-0068-tx/oMJAjBZ8k4A9PiuAkikoDGxE1EDAPBMKSgdDI~tplv-tiktokx-origin.image?dr=9636&x-expires=1785031200&x-signature=22zJ%2FtzOUt3ODmM6VsRMEdW8dLo%3D&t=4d5b0474&ps=13740610&shp=81f88b70&shcp=43f4a2f9&idc=useast8,,https://v16m-webapp.tiktokcdn-us.com/a745029c5d815ee0825ba62a7e9402ac/6a656cd6/video/tos/useast5/tos-useast5-v-0068-tx/3a60034551184f1cbf9e316223a955e6/?a=1988&bti=ODszNWYuMDE6&&bt=12418&ft=4KLMeMMD8Zmo0ZhoVa4jVzZCQpWrKsd.&mime_type=video_mp4&rc=ajxydnA5cmlseTMzZzczNEBpajxydnA5cmlseTMzZzczNEBzcjFqMmRzMy5gLS1kMS9zYSNzcjFqMmRzMy5gLS1kMS9zcw%3D%3D&l=20260724020739E9C2A2E8AAE784675F5E&btag=e00058000,eng-US,ASR,automatic speech recognition,https://v16m-webapp.tiktokcdn-us.com/a745029c5d815ee0825ba62a7e9402ac/6a656cd6/video/tos/useast5/tos-useast5-v-0068-tx/3a60034551184f1cbf9e316223a955e6/?a=1988&bti=ODszNWYuMDE6&&bt=12418&ft=4KLMeMMD8Zmo0ZhoVa4jVzZCQpWrKsd.&mime_type=video_mp4&rc=ajxydnA5cmlseTMzZzczNEBpajxydnA5cmlseTMzZzczNEBzcjFqMmRzMy5gLS1kMS9zYSNzcjFqMmRzMy5gLS1kMS9zcw%3D%3D&l=20260724020739E9C2A2E8AAE784675F5E&btag=e00058000,1:big_caption,https://api.apify.com/v2/key-value-stores/KtYoKZfFP9mS0CE5o/records/transcription-abbeyjbens-20250301151710-7476860247278193966.txt,576,https://www.tiktok.com/@abbeyjbenson/video/7476860247278193966
https://p16-common-sign.tiktokcdn-us.com/tos-useast5-avt-0068-tx/37f2d5519436eed4af7632474ab085fa~tplv-tiktokx-cropcenter:720:720.jpeg?dr=9640&refresh_token=47317bc0&x-expires=1785031200&x-signature=26gL%2FCtG5RuwEkiJM%2BcihhM5X18%3D&t=4d5b0474&ps=13740610&shp=a5d48078&shcp=81f88b70&idc=useast8,,,21200,3000000,,594,0,82600000,6749373116890629125,abbeyyung,Abbey Yung,https://p16-common-sign.tiktokcdn-us.com/tos-useast5-avt-0068-tx/37f2d5519436eed4af7632474ab085fa~tplv-tiktokx-cropcenter:720:720.jpeg?dr=9640&refresh_token=47317bc0&x-expires=1785031200&x-signature=26gL%2FCtG5RuwEkiJM%2BcihhM5X18%3D&t=4d5b0474&ps=13740610&shp=a5d48078&shcp=81f88b70&idc=useast8,FALSE,https://www.tiktok.com/@abbeyyung,"The Abbey Yung Method™
Certified Trichologist who loves all things beauty
YouTube & Links ⬇️",TRUE,1173,15456,408,,1779137755,2026-05-18T20:55:55.000Z,,,,,,,,,,,,,,,,,,,,,,,,,,,,,51300,,,,scalpcare,hairroutine,haircareroutine,healthyhair,,,,,,,,,,,,,,7641338422828813598,scalpcare,FALSE,FALSE,FALSE,FALSE,,,,,,,,,,,,,,https://p16-common-sign.tiktokcdn-us.com/tos-useast5-avt-0068-tx/37f2d5519436eed4af7632474ab085fa~tplv-tiktokx-cropcenter:720:720.jpeg?dr=9640&refresh_token=47317bc0&x-expires=1785031200&x-signature=26gL%2FCtG5RuwEkiJM%2BcihhM5X18%3D&t=4d5b0474&ps=13740610&shp=a5d48078&shcp=81f88b70&idc=useast8,,Abbey Yung,7641338476952029983,original sound,TRUE,https://p16-common-sign.tiktokcdn-us.com/tos-useast5-avt-0068-tx/37f2d5519436eed4af7632474ab085fa~tplv-tiktokx-cropcenter:720:720.jpeg?dr=9640&refresh_token=47317bc0&x-expires=1785031200&x-signature=26gL%2FCtG5RuwEkiJM%2BcihhM5X18%3D&t=4d5b0474&ps=13740610&shp=a5d48078&shcp=81f88b70&idc=useast8,https://v16m.tiktokcdn-us.com/691457f2ccb4fbbca96cb129a9e894e7/6a631dcc/video/tos/useast5/tos-useast5-v-27dcd7-tx/o0UFweoCY9vECD9oQBDpDIEmgTLtfqexxAgGnI/?a=1233&bti=ODszNWYuMDE6&&bt=125&ft=GSDrKInz7Th2_T8GXq8Zmo&mime_type=audio_mpeg&rc=NjszOjg4NDRlOTUzO2c8PEBpM24zaHk5cnJxOzMzaTU8NEAtNjBeYDJfXjMxMDMzXmFhYSMuMDNjMmQ0bTJhLS1kMTJzcw%3D%3D&vvpl=1&l=20260724020739E9C2A2E8AAE784675F5E&btag=e000d8000,841100,0,scalpcare,11500000000,876,,"As promised, this is my current scalp care routine! I previously didn’t think additional scalp care would do much for me, but the research behind the Pantene Abundant & Strong system (and all the research I’ve found on other scalp ingredients / products since) really changed my mind. Now I think about my scalp care routine as a proactive routine to keep my scalp + new hair growth in the healthiest state possible. This isn’t a routine that I think everyone *needs* to do, but for those who are also interested in promoting scalp health & improving hair retention, hopefully this gives you some steps to choose from that might help! Also- the results I’ve seen would only be from the scalp serums + shampoos alone because I haven’t been using the scalp device or red light helmet long enough to see any visible change yet. LMK if you want videos on my top recommendations for scalp serums + scalp focused shampoos next!

Products Mentioned:
1. Pantene Abundant & Strong Serum
2. Neutrogena Hair Restore Serum 
3. OGX Pro Growth + Peptide Shampoo
4. Dr Groot Scalp Revitalizing Hair Thickening Shampoo
5. DS Labs Scalp Activator - this was gifted with no obligation to review
6. Current Body Red Light Helmet - this was gifted with no obligation to review

#scalpcare #hairroutine #haircareroutine #healthyhair ",en,https://p16-common-sign.tiktokcdn-us.com/tos-useast8-p-0068-tx2/owQZQq28vNqQKQIjdfFU5GWme7rMC4AIAfx5WC~tplv-tiktokx-origin.image?dr=9636&x-expires=1785031200&x-signature=hScQbV8HBUtqVz6d9If86T8ZCeI%3D&t=4d5b0474&ps=13740610&shp=81f88b70&shcp=43f4a2f9&idc=useast8,720p,129,mp4,1280,https://p16-common-sign.tiktokcdn-us.com/tos-useast8-p-0068-tx2/owQZQq28vNqQKQIjdfFU5GWme7rMC4AIAfx5WC~tplv-tiktokx-origin.image?dr=9636&x-expires=1785031200&x-signature=hScQbV8HBUtqVz6d9If86T8ZCeI%3D&t=4d5b0474&ps=13740610&shp=81f88b70&shcp=43f4a2f9&idc=useast8,,https://v16m-webapp.tiktokcdn-us.com/e5e871747d49974e4512230f41bebc32/6a656c6d/video/tos/useast8/tos-useast8-v-0068-tx2/d7772c7839ba40b7b24ff5e4c21d3414/?a=1988&bti=ODszNWYuMDE6&&bt=11910&ft=4KLMeMMD8Zmo0ZhoVa4jVzZCQpWrKsd.&mime_type=video_mp4&rc=anQ4bHA5cm1xOzMzaTczNEBpanQ4bHA5cm1xOzMzaTczNEBrYy80MmRrbTJhLS1kMTJzYSNrYy80MmRrbTJhLS1kMTJzcw%3D%3D&l=20260724020739E9C2A2E8AAE784675F5E&btag=e00050000,eng-US,ASR,automatic speech recognition,https://v16m-webapp.tiktokcdn-us.com/e5e871747d49974e4512230f41bebc32/6a656c6d/video/tos/useast8/tos-useast8-v-0068-tx2/d7772c7839ba40b7b24ff5e4c21d3414/?a=1988&bti=ODszNWYuMDE6&&bt=11910&ft=4KLMeMMD8Zmo0ZhoVa4jVzZCQpWrKsd.&mime_type=video_mp4&rc=anQ4bHA5cm1xOzMzaTczNEBpanQ4bHA5cm1xOzMzaTczNEBrYy80MmRrbTJhLS1kMTJzYSNrYy80MmRrbTJhLS1kMTJzcw%3D%3D&l=20260724020739E9C2A2E8AAE784675F5E&btag=e00050000,1:big_caption,https://api.apify.com/v2/key-value-stores/KtYoKZfFP9mS0CE5o/records/transcription-abbeyyung-20260518205555-7641338422828813598.txt,720,https://www.tiktok.com/@abbeyyung/video/7641338422828813598
https://p19-common-sign.tiktokcdn-us.com/tos-useast5-avt-0068-tx/9bf43e1d8f072d42bef4b3c18afa5153~tplv-tiktokx-cropcenter:720:720.jpeg?dr=9640&refresh_token=e1b81bb6&x-expires=1785031200&x-signature=nJqo1F24%2FDg0x%2BZSvL8hIuaa2gM%3D&t=4d5b0474&ps=13740610&shp=a5d48078&shcp=81f88b70&idc=useast8,,,234,479100,,104,0,10300000,6734027145938666498,drjennyliu,Dr. Jing (Jenny) Liu,https://p19-common-sign.tiktokcdn-us.com/tos-useast5-avt-0068-tx/9bf43e1d8f072d42bef4b3c18afa5153~tplv-tiktokx-cropcenter:720:720.jpeg?dr=9640&refresh_token=e1b81bb6&x-expires=1785031200&x-signature=nJqo1F24%2FDg0x%2BZSvL8hIuaa2gM%3D&t=4d5b0474&ps=13740610&shp=a5d48078&shcp=81f88b70&idc=useast8,FALSE,https://www.tiktok.com/@drjennyliu,"Dermatologist, FAAD
Red Note 小红书： DermTalk ⬇️
IG: @derm.talk
YT: Dr Jenny Liu",TRUE,2029,74,1,,1783775400,2026-07-11T13:10:00.000Z,,,,,,,,,,,,,,,,,,,,,,,,,,,,,146,,,,scalpcare,haircaretips,healthyhairjourney,dermatologist,haircareproducts,,,,,,,,,,,,,7661000339683937549,scalpcare,FALSE,FALSE,FALSE,FALSE,,,,,,,,,,,,,,https://p16-common.tiktokcdn-us.com/tos-alisg-v-2774/oUkUCyYAQZxXeARFfAuIMEvAzcf4MDAMa8jIcg~tplv-tiktokx-cropcenter:200:200.jpeg?dr=9584&t=4d5b0474&ps=933b5bde&shp=08d74b56&shcp=81f88b70&idc=useast8,hate that i made you love me,Ariana Grande,7645168637741729808,hate that i made you love me,FALSE,https://p16-common.tiktokcdn-us.com/tos-alisg-v-2774/oUkUCyYAQZxXeARFfAuIMEvAzcf4MDAMa8jIcg~tplv-tiktokx-cropcenter:200:200.jpeg?dr=9584&t=4d5b0474&ps=933b5bde&shp=08d74b56&shcp=81f88b70&idc=useast8,https://sf16.tiktokcdn-us.com/obj/tos-alisg-ve-2774/o0vnNIrudwO1oAkBEYAMIiU1RzZrra4WXihAi,4947,0,scalpcare,11500000000,11,,#scalpcare #haircaretips #healthyhairjourney #dermatologist #haircareproducts ,un,https://p16-common-sign.tiktokcdn-us.com/tos-useast5-p-0068-tx/oUEQqCEl4tgAX4AFBRRUII8q3bPVTUi1E1Bia~tplv-tiktokx-origin.image?dr=9636&x-expires=1785031200&x-signature=oim4sQP6Oj%2FIKcI50ajjAlgbQLc%3D&t=4d5b0474&ps=13740610&shp=81f88b70&shcp=43f4a2f9&idc=useast8,720p,14,mp4,1280,https://p16-common-sign.tiktokcdn-us.com/tos-useast5-p-0068-tx/oUEQqCEl4tgAX4AFBRRUII8q3bPVTUi1E1Bia~tplv-tiktokx-origin.image?dr=9636&x-expires=1785031200&x-signature=oim4sQP6Oj%2FIKcI50ajjAlgbQLc%3D&t=4d5b0474&ps=13740610&shp=81f88b70&shcp=43f4a2f9&idc=useast8,,,,,,,,https://api.apify.com/v2/key-value-stores/KtYoKZfFP9mS0CE5o/records/transcription-drjennyliu-20260711131000-7661000339683937549.txt,720,https://www.tiktok.com/@drjennyliu/video/7661000339683937549
https://p16-common-sign.tiktokcdn-us.com/tos-useast5-avt-0068-tx/37f2d5519436eed4af7632474ab085fa~tplv-tiktokx-cropcenter:720:720.jpeg?dr=9640&refresh_token=47317bc0&x-expires=1785031200&x-signature=26gL%2FCtG5RuwEkiJM%2BcihhM5X18%3D&t=4d5b0474&ps=13740610&shp=a5d48078&shcp=81f88b70&idc=useast8,,,21200,3000000,,594,0,82600000,6749373116890629125,abbeyyung,Abbey Yung,https://p16-common-sign.tiktokcdn-us.com/tos-useast5-avt-0068-tx/37f2d5519436eed4af7632474ab085fa~tplv-tiktokx-cropcenter:720:720.jpeg?dr=9640&refresh_token=47317bc0&x-expires=1785031200&x-signature=26gL%2FCtG5RuwEkiJM%2BcihhM5X18%3D&t=4d5b0474&ps=13740610&shp=a5d48078&shcp=81f88b70&idc=useast8,FALSE,https://www.tiktok.com/@abbeyyung,"The Abbey Yung Method™
Certified Trichologist who loves all things beauty
YouTube & Links ⬇️",TRUE,1173,25840,560,,1779996328,2026-05-28T19:25:28.000Z,,,,,,,,,,,,,,,,,,,,,,,,,,,,,97200,,,,scalpcare,abbeyyungmethod,hairloss,hairgrowth,,,,,,,,,,,,,,7645025963461463326,scalpcare,FALSE,FALSE,FALSE,FALSE,,,,,,,,,,,,,,https://p16-common-sign.tiktokcdn-us.com/tos-useast5-avt-0068-tx/37f2d5519436eed4af7632474ab085fa~tplv-tiktokx-cropcenter:720:720.jpeg?dr=9640&refresh_token=47317bc0&x-expires=1785031200&x-signature=26gL%2FCtG5RuwEkiJM%2BcihhM5X18%3D&t=4d5b0474&ps=13740610&shp=a5d48078&shcp=81f88b70&idc=useast8,,Abbey Yung,7645025970827217694,original sound,TRUE,https://p16-common-sign.tiktokcdn-us.com/tos-useast5-avt-0068-tx/37f2d5519436eed4af7632474ab085fa~tplv-tiktokx-cropcenter:720:720.jpeg?dr=9640&refresh_token=47317bc0&x-expires=1785031200&x-signature=26gL%2FCtG5RuwEkiJM%2BcihhM5X18%3D&t=4d5b0474&ps=13740610&shp=a5d48078&shcp=81f88b70&idc=useast8,https://v16m.tiktokcdn-us.com/86899bba61d2e0d728eb09d7a72b711b/6a631dcb/video/tos/useast5/tos-useast5-v-27dcd7-tx/oMADqEJ5qE65YIsuCDBuYabGFgaQVYfJfUg470/?a=1233&bti=ODszNWYuMDE6&&bt=125&ft=GSDrKInz7Th2_T8GXq8Zmo&mime_type=audio_mpeg&rc=ZWc4OzNmaTc3ZmhnN2RmOkBpMzdtN3E5cmU8OzMzaTU8NEAuXzBhNi9gXjMxX2ItXzM2YSNhXjBiMmQ0YWBhLS1kMTJzcw%3D%3D&vvpl=1&l=20260724020739E9C2A2E8AAE784675F5E&btag=e000d8000,1800000,0,scalpcare,11500000000,2183,,"My step by step scalp serum routine that I’ve been doing every night for months now! My goal is to take a bit of extra time to make sure the serum is spread along my scalp as evenly as possible and not getting stuck in my hair. Because whether your goals in using a scalp treatment are decreasing shedding, improving signs of hair loss, promoting hair growth, or just improving the health of your scalp and new hair growth, if most of it is getting stuck in your hair, you’re not going to get the results that you’re looking for! 

#scalpcare #abbeyyungmethod #hairloss #hairgrowth ",en,https://p16-common-sign.tiktokcdn-us.com/tos-useast8-p-0068-tx2/ooIiPhEB6YqcIByASaQIi5Rmz1liDTuiApliV~tplv-tiktokx-origin.image?dr=9636&x-expires=1785031200&x-signature=NQQ8zmpC1ZJ4Vf12vfPO60YVQzQ%3D&t=4d5b0474&ps=13740610&shp=81f88b70&shcp=43f4a2f9&idc=useast8,720p,128,mp4,1280,https://p16-common-sign.tiktokcdn-us.com/tos-useast8-p-0068-tx2/ooIiPhEB6YqcIByASaQIi5Rmz1liDTuiApliV~tplv-tiktokx-origin.image?dr=9636&x-expires=1785031200&x-signature=NQQ8zmpC1ZJ4Vf12vfPO60YVQzQ%3D&t=4d5b0474&ps=13740610&shp=81f88b70&shcp=43f4a2f9&idc=useast8,,https://v16m-webapp.tiktokcdn-us.com/0e8ea378aeaff11fbe0e40c35dc8637a/6a656c6c/video/tos/useast8/tos-useast8-v-0068-tx2/c70ecfcb2161404ca4d8d7d37a2ef03e/?a=1988&bti=ODszNWYuMDE6&&bt=11909&ft=4KLMeMMD8Zmo0ZhoVa4jVzZCQpWrKsd.&mime_type=video_mp4&rc=MztwaGw5cjU8OzMzaTczNEBpMztwaGw5cjU8OzMzaTczNEBlZmJrMmQ0NGBhLS1kMTJzYSNlZmJrMmQ0NGBhLS1kMTJzcw%3D%3D&l=20260724020739E9C2A2E8AAE784675F5E&btag=e00050000,eng-US,ASR,automatic speech recognition,https://v16m-webapp.tiktokcdn-us.com/0e8ea378aeaff11fbe0e40c35dc8637a/6a656c6c/video/tos/useast8/tos-useast8-v-0068-tx2/c70ecfcb2161404ca4d8d7d37a2ef03e/?a=1988&bti=ODszNWYuMDE6&&bt=11909&ft=4KLMeMMD8Zmo0ZhoVa4jVzZCQpWrKsd.&mime_type=video_mp4&rc=MztwaGw5cjU8OzMzaTczNEBpMztwaGw5cjU8OzMzaTczNEBlZmJrMmQ0NGBhLS1kMTJzYSNlZmJrMmQ0NGBhLS1kMTJzcw%3D%3D&l=20260724020739E9C2A2E8AAE784675F5E&btag=e00050000,1:big_caption,https://api.apify.com/v2/key-value-stores/KtYoKZfFP9mS0CE5o/records/transcription-abbeyyung-20260528192528-7645025963461463326.txt,720,https://www.tiktok.com/@abbeyyung/video/7645025963461463326
https://p16-common-sign.tiktokcdn-us.com/tos-useast5-avt-0068-tx/bd2b69782256ad5833e17c83e8fd42b5~tplv-tiktokx-cropcenter:720:720.jpeg?dr=9640&refresh_token=f0545b27&x-expires=1785031200&x-signature=9ceG6kxAxmL48NOLFRT%2BOl9Zir8%3D&t=4d5b0474&ps=13740610&shp=a5d48078&shcp=81f88b70&idc=useast8,,,7208,65100,,413,0,2900000,6789365752672764929,clarahyee,Clara,https://p16-common-sign.tiktokcdn-us.com/tos-useast5-avt-0068-tx/bd2b69782256ad5833e17c83e8fd42b5~tplv-tiktokx-cropcenter:720:720.jpeg?dr=9640&refresh_token=f0545b27&x-expires=1785031200&x-signature=9ceG6kxAxmL48NOLFRT%2BOl9Zir8%3D&t=4d5b0474&ps=13740610&shp=a5d48078&shcp=81f88b70&idc=useast8,FALSE,https://www.tiktok.com/@clarahyee,"(mostly k-)
skincare · beauty · food · lifestyle
📍LA/OC🇰🇷
-
💌clarahyee.c@gmail.com",FALSE,1135,126,11,,1784058487,2026-07-14T19:48:07.000Z,7114470920908457002,growus_us,Growus,https://www.tiktok.com/@7114470920908457002,,,,,,,,,,,,,,,,,,,,,,,,,580,,,,growus,scalprescueshot,scalpcare,scalp,hairhealthjourney,,,,,,,,,,,,,7662472765735193869,scalpcare,TRUE,FALSE,FALSE,TRUE,,,,,,,@Growus,,,,,,,https://p16-common-sign.tiktokcdn-us.com/tos-useast5-avt-0068-tx/bd2b69782256ad5833e17c83e8fd42b5~tplv-tiktokx-cropcenter:720:720.jpeg?dr=9640&refresh_token=f0545b27&x-expires=1785031200&x-signature=9ceG6kxAxmL48NOLFRT%2BOl9Zir8%3D&t=4d5b0474&ps=13740610&shp=a5d48078&shcp=81f88b70&idc=useast8,,Clara,7662472839890619149,original sound,TRUE,https://p16-common-sign.tiktokcdn-us.com/tos-useast5-avt-0068-tx/bd2b69782256ad5833e17c83e8fd42b5~tplv-tiktokx-cropcenter:720:720.jpeg?dr=9640&refresh_token=f0545b27&x-expires=1785031200&x-signature=9ceG6kxAxmL48NOLFRT%2BOl9Zir8%3D&t=4d5b0474&ps=13740610&shp=a5d48078&shcp=81f88b70&idc=useast8,https://v16m.tiktokcdn-us.com/59b1f252c5a773594171ee60ef238669/6a631d81/video/tos/useast5/tos-useast5-v-27dcd7-tx/o4nWJpgsqESAUADlkBVFIBJEEnDAflCb5gfcn7/?a=1233&bti=ODszNWYuMDE6&&bt=125&ft=GSDrKInz7Th2_T8GXq8Zmo&mime_type=audio_mpeg&rc=Mzp3eGw5cng8PDMzZzU8NEBpMzp3eGw5cng8PDMzZzU8NEBka3BzMmRjMV9hLS1kMS9zYSNka3BzMmRjMV9hLS1kMS9zcw%3D%3D&vvpl=1&l=20260724020739E9C2A2E8AAE784675F5E&btag=e000d8000,72300,0,scalpcare,11500000000,39,,We can’t avoid it… so we need to take care of our poor scalp!! 🥹 #growus #scalprescueshot #scalpcare #scalp #hairhealthjourney @Growus ,en,https://p16-common-sign.tiktokcdn-us.com/tos-useast5-p-0068-tx/oIeIg6VEJjAkDEq6xFp1E1EAWDqnfWANRACJBS~tplv-tiktokx-origin.image?dr=9636&x-expires=1785031200&x-signature=Zi6Fp0dzcaJBKAI9dbkO2YEpsfE%3D&t=4d5b0474&ps=13740610&shp=81f88b70&shcp=43f4a2f9&idc=useast8,720p,54,mp4,1280,https://p16-common-sign.tiktokcdn-us.com/tos-useast5-p-0068-tx/oIeIg6VEJjAkDEq6xFp1E1EAWDqnfWANRACJBS~tplv-tiktokx-origin.image?dr=9636&x-expires=1785031200&x-signature=Zi6Fp0dzcaJBKAI9dbkO2YEpsfE%3D&t=4d5b0474&ps=13740610&shp=81f88b70&shcp=43f4a2f9&idc=useast8,,https://v16m-webapp.tiktokcdn-us.com/3d8f4ac91f2e164602c0033d226bf895/6a656c22/video/tos/useast5/tos-useast5-v-0068-tx/4f016f0cb7864d958497a426c1b5cd25/?a=1988&bti=ODszNWYuMDE6&&bt=6521&ft=4KLMeMMD8Zmo0ZhoVa4jVzZCQpWrKsd.&mime_type=video_mp4&rc=amRoc3U5cmo8PDMzZzczNEBpamRoc3U5cmo8PDMzZzczNEAvNmpnMmQ0L19hLS1kMS9zYSMvNmpnMmQ0L19hLS1kMS9zcw%3D%3D&l=20260724020739E9C2A2E8AAE784675F5E&btag=e00048000,eng-US,ASR,automatic speech recognition,https://v16m-webapp.tiktokcdn-us.com/3d8f4ac91f2e164602c0033d226bf895/6a656c22/video/tos/useast5/tos-useast5-v-0068-tx/4f016f0cb7864d958497a426c1b5cd25/?a=1988&bti=ODszNWYuMDE6&&bt=6521&ft=4KLMeMMD8Zmo0ZhoVa4jVzZCQpWrKsd.&mime_type=video_mp4&rc=amRoc3U5cmo8PDMzZzczNEBpamRoc3U5cmo8PDMzZzczNEAvNmpnMmQ0L19hLS1kMS9zYSMvNmpnMmQ0L19hLS1kMS9zcw%3D%3D&l=20260724020739E9C2A2E8AAE784675F5E&btag=e00048000,1:big_caption,https://api.apify.com/v2/key-value-stores/KtYoKZfFP9mS0CE5o/records/transcription-clarahyee-20260714194807-7662472765735193869.txt,720,https://www.tiktok.com/@clarahyee/video/7662472765735193869
https://p16-common-sign.tiktokcdn-us.com/tos-useast5-avt-0068-tx/37f2d5519436eed4af7632474ab085fa~tplv-tiktokx-cropcenter:720:720.jpeg?dr=9640&refresh_token=47317bc0&x-expires=1785031200&x-signature=26gL%2FCtG5RuwEkiJM%2BcihhM5X18%3D&t=4d5b0474&ps=13740610&shp=a5d48078&shcp=81f88b70&idc=useast8,,,21200,3000000,,594,0,82600000,6749373116890629125,abbeyyung,Abbey Yung,https://p16-common-sign.tiktokcdn-us.com/tos-useast5-avt-0068-tx/37f2d5519436eed4af7632474ab085fa~tplv-tiktokx-cropcenter:720:720.jpeg?dr=9640&refresh_token=47317bc0&x-expires=1785031200&x-signature=26gL%2FCtG5RuwEkiJM%2BcihhM5X18%3D&t=4d5b0474&ps=13740610&shp=a5d48078&shcp=81f88b70&idc=useast8,FALSE,https://www.tiktok.com/@abbeyyung,"The Abbey Yung Method™
Certified Trichologist who loves all things beauty
YouTube & Links ⬇️",TRUE,1173,4384,332,,1781894391,2026-06-19T18:39:51.000Z,7302112124187542571,drgroothair,Dr. Groot Hair,https://www.tiktok.com/@7302112124187542571,,,,,,,,,,,,,,,,,,,,,,,,,11100,,,,drgrootpartner,,drgroot,amazonfinds,koreanhaircare,haircare,,,,,,,,,,,,7653178058261728543,scalpcare,TRUE,FALSE,FALSE,TRUE,,,,,,,@Dr. Groot Hair,,,,,,,https://p16-common-sign.tiktokcdn-us.com/tos-useast5-avt-0068-tx/37f2d5519436eed4af7632474ab085fa~tplv-tiktokx-cropcenter:720:720.jpeg?dr=9640&refresh_token=47317bc0&x-expires=1785031200&x-signature=26gL%2FCtG5RuwEkiJM%2BcihhM5X18%3D&t=4d5b0474&ps=13740610&shp=a5d48078&shcp=81f88b70&idc=useast8,,Abbey Yung,7653178075869481758,original sound,TRUE,https://p16-common-sign.tiktokcdn-us.com/tos-useast5-avt-0068-tx/37f2d5519436eed4af7632474ab085fa~tplv-tiktokx-cropcenter:720:720.jpeg?dr=9640&refresh_token=47317bc0&x-expires=1785031200&x-signature=26gL%2FCtG5RuwEkiJM%2BcihhM5X18%3D&t=4d5b0474&ps=13740610&shp=a5d48078&shcp=81f88b70&idc=useast8,https://v16m.tiktokcdn-us.com/d17b59fad926b911a855645a1fcb9e91/6a631dbd/video/tos/useast8/tos-useast8-v-27dcd7-tx2/ocIU1Fq6YBBQELDFMf5HwVQAEMjeDN98gIzCJQ/?a=1233&bti=ODszNWYuMDE6&&bt=125&ft=GSDrKInz7Th2_T8GXq8Zmo&mime_type=audio_mpeg&rc=NDc0ZTdnNjg3ZGdlZTc6aUBpampocXg5cnlyOzMzaTU8NEBjYTBiX2EzNjIxNS82NTVjYSMuLWVyMmQ0bW5hLS1kMTJzcw%3D%3D&vvpl=1&l=20260724020739E9C2A2E8AAE784675F5E&btag=e000d0000,1200000,0,scalpcare,11500000000,805,,"#drgrootpartner One of my favorite Korean haircare discoveries of all time are the @Dr. Groot Hair Scalp Revitalizing Solution Hair Thickening Shampoo & Miracle In Shower Treatment. Not only do they make my scalp & hair feel super fresh and clean, but they also deliver many scalp-focused ingredients. They're the perfect duo for anyone looking to promote scalp health, effectively clean & remove buildup, and support the growth of healthier, fuller-looking hair. I can't wait to hear what you think when you try them! 

#drgroot #amazonfinds #koreanhaircare #haircare ",en,https://p16-common-sign.tiktokcdn-us.com/tos-useast8-p-0068-tx2/oIFjuvsEIliwR51BbPMjPoiVB7DAhWvAcIaLc~tplv-tiktokx-origin.image?dr=9636&x-expires=1785031200&x-signature=a16DXT7mKxXcZXpDkc7LeiS6L5c%3D&t=4d5b0474&ps=13740610&shp=81f88b70&shcp=43f4a2f9&idc=useast8,720p,114,mp4,1280,https://p16-common-sign.tiktokcdn-us.com/tos-useast8-p-0068-tx2/oIFjuvsEIliwR51BbPMjPoiVB7DAhWvAcIaLc~tplv-tiktokx-origin.image?dr=9636&x-expires=1785031200&x-signature=a16DXT7mKxXcZXpDkc7LeiS6L5c%3D&t=4d5b0474&ps=13740610&shp=81f88b70&shcp=43f4a2f9&idc=useast8,,https://v16m-webapp.tiktokcdn-us.com/9ca89f224bed339b1495ee760fb37b1b/6a656c5e/video/tos/useast8/tos-useast8-v-0068-tx2/c6b8c27fba58410385e8d213ea05190c/?a=1988&bti=ODszNWYuMDE6&&bt=11756&ft=4KLMeMMD8Zmo0ZhoVa4jVzZCQpWrKsd.&mime_type=video_mp4&rc=MzRoPHM5cnVyOzMzaTczNEBpMzRoPHM5cnVyOzMzaTczNEBicV9sMmRrbW5hLS1kMTJzYSNicV9sMmRrbW5hLS1kMTJzcw%3D%3D&l=20260724020739E9C2A2E8AAE784675F5E&btag=e00050000,eng-US,ASR,automatic speech recognition,https://v16m-webapp.tiktokcdn-us.com/9ca89f224bed339b1495ee760fb37b1b/6a656c5e/video/tos/useast8/tos-useast8-v-0068-tx2/c6b8c27fba58410385e8d213ea05190c/?a=1988&bti=ODszNWYuMDE6&&bt=11756&ft=4KLMeMMD8Zmo0ZhoVa4jVzZCQpWrKsd.&mime_type=video_mp4&rc=MzRoPHM5cnVyOzMzaTczNEBpMzRoPHM5cnVyOzMzaTczNEBicV9sMmRrbW5hLS1kMTJzYSNicV9sMmRrbW5hLS1kMTJzcw%3D%3D&l=20260724020739E9C2A2E8AAE784675F5E&btag=e00050000,1:big_caption,https://api.apify.com/v2/key-value-stores/KtYoKZfFP9mS0CE5o/records/transcription-abbeyyung-20260619183951-7653178058261728543.txt,720,https://www.tiktok.com/@abbeyyung/video/7653178058261728543
https://p16-common-sign.tiktokcdn-us.com/tos-maliva-avt-0068/88b69457b3c1e4b433726f4eef9114c1~tplv-tiktokx-cropcenter:720:720.jpeg?dr=9640&refresh_token=44cb2dae&x-expires=1785031200&x-signature=3WdZueAALA4RwFgahWFLFgBl2BA%3D&t=4d5b0474&ps=13740610&shp=a5d48078&shcp=81f88b70&idc=useast8,,,18900,71100,,383,0,1800000,6763728483177874438,angela.onuoha,Angela.onuoha,https://p16-common-sign.tiktokcdn-us.com/tos-maliva-avt-0068/88b69457b3c1e4b433726f4eef9114c1~tplv-tiktokx-cropcenter:720:720.jpeg?dr=9640&refresh_token=44cb2dae&x-expires=1785031200&x-signature=3WdZueAALA4RwFgahWFLFgBl2BA%3D&t=4d5b0474&ps=13740610&shp=a5d48078&shcp=81f88b70&idc=useast8,FALSE,https://www.tiktok.com/@angela.onuoha,"👩🏽‍⚕️ WTS Certified Trichologist
👩🏽‍🔬Cosmetic Chemist
Consult⤵️",FALSE,1272,82,5,,1783804850,2026-07-11T21:20:50.000Z,,,,,,,,,,,,,,,,,,,,,,,,,,,,,161,,,,scalpserum,trichologist,scalpcare,scalphealth,,,,,,,,,,,,,,7661383474548378913,scalpcare,FALSE,FALSE,FALSE,FALSE,,,,,,,,,,,,,,https://p16-common.tiktokcdn-us.com/tos-alisg-v-2774/oAJSAyArAD0EpAPixgAZiAJWKFD6Y2OmhBEZU~tplv-tiktokx-cropcenter:200:200.jpeg?dr=9584&t=4d5b0474&ps=933b5bde&shp=08d74b56&shcp=81f88b70&idc=useast8,Morning Brew Jazz,NonLeo,7433619007506761744,Morning Brew Jazz,FALSE,https://p16-common.tiktokcdn-us.com/tos-alisg-v-2774/oAJSAyArAD0EpAPixgAZiAJWKFD6Y2OmhBEZU~tplv-tiktokx-cropcenter:200:200.jpeg?dr=9584&t=4d5b0474&ps=933b5bde&shp=08d74b56&shcp=81f88b70&idc=useast8,https://sf16.tiktokcdn-us.com/obj/tos-alisg-ve-2774/ocKlBfzUWiBoMThA1QzwiAapIOsMBFDSsAAEcS,2867,0,scalpcare,11500000000,4,,"Finding the right scalp serum can be quite overwhelming so hopefully this video series will help narrow down the type of scalp serum suitable for your scalp needs and expectations.
#scalpserum #trichologist #scalpcare #scalphealth",en,https://p16-common-sign.tiktokcdn-us.com/tos-useast2a-p-0037-euttp/oU2E6frlKQERDmAQASzEAwCmZDUFIf16qQOHAC~tplv-tiktokx-origin.image?dr=9636&x-expires=1785031200&x-signature=Pky9ShdMNcccFvlwbdS%2B1uZMf6c%3D&t=4d5b0474&ps=13740610&shp=81f88b70&shcp=43f4a2f9&idc=useast8,540p,224,mp4,1024,https://p16-common-sign.tiktokcdn-us.com/tos-useast2a-p-0037-euttp/oU2E6frlKQERDmAQASzEAwCmZDUFIf16qQOHAC~tplv-tiktokx-origin.image?dr=9636&x-expires=1785031200&x-signature=Pky9ShdMNcccFvlwbdS%2B1uZMf6c%3D&t=4d5b0474&ps=13740610&shp=81f88b70&shcp=43f4a2f9&idc=useast8,,https://v16m-webapp.tiktokcdn-us.com/e48e10818d24c5837ec981bcc04ea3c5/6a656ccc/video/tos/useast2a/tos-useast2a-v-0037-euttp/df3160343ed849fcaa2ef6f3ab8f502e/?a=1988&bti=ODszNWYuMDE6&&bt=6842&ft=4KLMeMMD8Zmo0ZhoVa4jVzZCQpWrKsd.&mime_type=video_mp4&rc=ajhxNm05cmRlPDMzZjczNUBpajhxNm05cmRlPDMzZjczNUAtNjRmMmRjMjZhLS1kMTNzYSMtNjRmMmRjMjZhLS1kMTNzcw%3D%3D&l=20260724020739E9C2A2E8AAE784675F5E&btag=e00058000,eng-US,ASR,automatic speech recognition,https://v16m-webapp.tiktokcdn-us.com/e48e10818d24c5837ec981bcc04ea3c5/6a656ccc/video/tos/useast2a/tos-useast2a-v-0037-euttp/df3160343ed849fcaa2ef6f3ab8f502e/?a=1988&bti=ODszNWYuMDE6&&bt=6842&ft=4KLMeMMD8Zmo0ZhoVa4jVzZCQpWrKsd.&mime_type=video_mp4&rc=ajhxNm05cmRlPDMzZjczNUBpajhxNm05cmRlPDMzZjczNUAtNjRmMmRjMjZhLS1kMTNzYSMtNjRmMmRjMjZhLS1kMTNzcw%3D%3D&l=20260724020739E9C2A2E8AAE784675F5E&btag=e00058000,1:big_caption,https://api.apify.com/v2/key-value-stores/KtYoKZfFP9mS0CE5o/records/transcription-angelaonuo-20260711212050-7661383474548378913.txt,576,https://www.tiktok.com/@angela.onuoha/video/7661383474548378913
https://p16-common-sign.tiktokcdn-us.com/tos-useast5-avt-0068-tx/c8ca0cd9bccb6fe88b8d5427df3fb97a~tplv-tiktokx-cropcenter:720:720.jpeg?dr=9640&refresh_token=c184bdd7&x-expires=1785031200&x-signature=J5yrshFOJYoIa4qGIEgEQeR4LsE%3D&t=4d5b0474&ps=13740610&shp=a5d48078&shcp=81f88b70&idc=useast8,,,16500,24600,,9999,0,25700,7295494025887958059,northernfindsandfaves,northernfindsandfaves,https://p16-common-sign.tiktokcdn-us.com/tos-useast5-avt-0068-tx/c8ca0cd9bccb6fe88b8d5427df3fb97a~tplv-tiktokx-cropcenter:720:720.jpeg?dr=9640&refresh_token=c184bdd7&x-expires=1785031200&x-signature=J5yrshFOJYoIa4qGIEgEQeR4LsE%3D&t=4d5b0474&ps=13740610&shp=a5d48078&shcp=81f88b70&idc=useast8,FALSE,https://www.tiktok.com/@northernfindsandfaves,"✨ Real life finds at 44  
12hr shifts • small town MN  
🛍 TikTok • Amazon • Comfrt  
📦 Links ↓ | 💌 Collabs/UGC:  
northernfindsandfaves@gmail.com",FALSE,688,5,16,,1781743936,2026-06-18T00:52:16.000Z,7308968069643928582,vtcosmetics_global,VT Cosmetics US,https://www.tiktok.com/@7308968069643928582,,,,,,,,,,,,,,,,,,,,,,,,,27,,,,tiktokshopfinds,dealsforyoudays,haircareroutine,hairserum,summerwins,,,,,,,,,,,,,7652531858109893902,scalpcare,TRUE,FALSE,FALSE,TRUE,,,,,,,@VT Cosmetics US,,,,,,,https://p16-common-sign.tiktokcdn-us.com/tos-useast2a-avt-0068-aiso/2fd8a8648754105672774e3dc7b84c3e~tplv-tiktokx-cropcenter:720:720.jpeg?dr=9640&refresh_token=ac09d5fb&x-expires=1785031200&x-signature=p9E%2Bx0kbnR0Mnw%2FojvP3uhsmzEE%3D&t=4d5b0474&ps=13740610&shp=a5d48078&shcp=81f88b70&idc=useast8,,Kuya Magik,7212114478647790341,Move your body x Boom boom pow,TRUE,https://p16-common-sign.tiktokcdn-us.com/tos-useast2a-avt-0068-aiso/2fd8a8648754105672774e3dc7b84c3e~tplv-tiktokx-cropcenter:720:720.jpeg?dr=9640&refresh_token=ac09d5fb&x-expires=1785031200&x-signature=p9E%2Bx0kbnR0Mnw%2FojvP3uhsmzEE%3D&t=4d5b0474&ps=13740610&shp=a5d48078&shcp=81f88b70&idc=useast8,https://v16m.tiktokcdn-us.com/67978225dc603165bb20dd19d3ae4753/6a631d61/video/tos/useast5/tos-useast5-v-27dcd7c799-tx/b8429ef3e33e475db4f85a1b26b4b8f0/?a=1233&bti=ODszNWYuMDE6&&bt=125&ft=GSDrKInz7Th2_T8GXq8Zmo&mime_type=audio_mpeg&rc=MzdnZ2c6ZnY8ajMzNzU8M0BpMzdnZ2c6ZnY8ajMzNzU8M0BoMnFwcjQwNF9gLS1kMTZzYSNoMnFwcjQwNF9gLS1kMTZzcw%3D%3D&vvpl=1&l=20260724020739E9C2A2E8AAE784675F5E&btag=e00078000,257,0,scalpcare,11500000000,4,,"I’ve been adding more scalp care into my routine lately, and this one definitely caught my attention. ✨

This PDRN Reedle Shot scalp serum uses a built-in brush applicator to help distribute the product while massaging the scalp. It feels cooling, refreshing, and is designed to support a healthy scalp environment for fuller-looking hair.

#TikTokShopFinds #dealsforyoudays #haircareroutine #hairserum #summerwins 

@VT Cosmetics US ",en,https://p16-common-sign.tiktokcdn-us.com/tos-useast5-p-0068-tx/ogAHfJUUAgjRQ9aIXoABaIQMmA7kZApEew8enU~tplv-tiktokx-dmt-logom:tos-useast5-i-0068-tx/oEDbAq0CRaEEE8FRrMQAerAS2ggfE9omABMInD.image?dr=9634&x-expires=1785031200&x-signature=CLsMegnBNmFJ%2F%2F8BjDDjalj%2BUnM%3D&t=4d5b0474&ps=13740610&shp=81f88b70&shcp=43f4a2f9&idc=useast8,720p,17,mp4,1280,https://p16-common-sign.tiktokcdn-us.com/tos-useast5-p-0068-tx/ogAHfJUUAgjRQ9aIXoABaIQMmA7kZApEew8enU~tplv-tiktokx-dmt-logom:tos-useast5-i-0068-tx/oEDbAq0CRaEEE8FRrMQAerAS2ggfE9omABMInD.image?dr=9634&x-expires=1785031200&x-signature=CLsMegnBNmFJ%2F%2F8BjDDjalj%2BUnM%3D&t=4d5b0474&ps=13740610&shp=81f88b70&shcp=43f4a2f9&idc=useast8,,https://v16m-webapp.tiktokcdn-us.com/8611fcc23e202b159bb857f0e9076651/6a656bfd/video/tos/useast5/tos-useast5-v-0068-tx/d0afccde856d4ff2b01c8744624efc91/?a=1988&bti=ODszNWYuMDE6&&bt=5724&ft=4KLMeMMD8Zmo0ZhoVa4jVzZCQpWrKsd.&mime_type=video_mp4&rc=M247cmo5cmduOzMzZzczNEBpM247cmo5cmduOzMzZzczNEBeajJpMmRrLW1hLS1kMS9zYSNeajJpMmRrLW1hLS1kMS9zcw%3D%3D&l=20260724020739E9C2A2E8AAE784675F5E&btag=e00078000,eng-US,ASR,automatic speech recognition,https://v16m-webapp.tiktokcdn-us.com/8611fcc23e202b159bb857f0e9076651/6a656bfd/video/tos/useast5/tos-useast5-v-0068-tx/d0afccde856d4ff2b01c8744624efc91/?a=1988&bti=ODszNWYuMDE6&&bt=5724&ft=4KLMeMMD8Zmo0ZhoVa4jVzZCQpWrKsd.&mime_type=video_mp4&rc=M247cmo5cmduOzMzZzczNEBpM247cmo5cmduOzMzZzczNEBeajJpMmRrLW1hLS1kMS9zYSNeajJpMmRrLW1hLS1kMS9zcw%3D%3D&l=20260724020739E9C2A2E8AAE784675F5E&btag=e00078000,1:big_caption,https://api.apify.com/v2/key-value-stores/KtYoKZfFP9mS0CE5o/records/transcription-northernfi-20260618005216-7652531858109893902.txt,720,https://www.tiktok.com/@northernfindsandfaves/video/7652531858109893902
https://p19-common-sign.tiktokcdn-us.com/tos-useast5-avt-0068-tx/f468e381361be760d63749a31850617f~tplv-tiktokx-cropcenter:720:720.jpeg?dr=9640&refresh_token=1439d747&x-expires=1785031200&x-signature=5VEe85zXyNFYxY0Qs%2FA3kjccCL0%3D&t=4d5b0474&ps=13740610&shp=a5d48078&shcp=81f88b70&idc=useast8,,,8173,709900,,1797,0,6000000,6771924418580038662,abbeyjbenson,Abbey 🤍,https://p19-common-sign.tiktokcdn-us.com/tos-useast5-avt-0068-tx/f468e381361be760d63749a31850617f~tplv-tiktokx-cropcenter:720:720.jpeg?dr=9640&refresh_token=1439d747&x-expires=1785031200&x-signature=5VEe85zXyNFYxY0Qs%2FA3kjccCL0%3D&t=4d5b0474&ps=13740610&shp=a5d48078&shcp=81f88b70&idc=useast8,FALSE,https://www.tiktok.com/@abbeyjbenson,"USTI® Certified Hair & Scalp Expert + consultant
8k+ personal hair clients 
Your guide to hair growth🍒
1-1 Custom Hair Consult 🔗 ↓",FALSE,2342,160,7,,1723425456,2024-08-12T01:17:36.000Z,,,,,,,,,,,,,,,,,,,,,,,,,,,,,528,,,,scalproutine,scalphealth,healthyscalp,healthyhairjourney,scalptips,hairexpert,,,,,,,,,,,,7402055909075176735,scalpcare,FALSE,FALSE,FALSE,FALSE,North America,,4273359,6252001,22535865200907089,United States,,,,,,,,https://p19-common-sign.tiktokcdn-us.com/tos-useast5-avt-0068-tx/f468e381361be760d63749a31850617f~tplv-tiktokx-cropcenter:720:720.jpeg?dr=9640&refresh_token=1439d747&x-expires=1785031200&x-signature=5VEe85zXyNFYxY0Qs%2FA3kjccCL0%3D&t=4d5b0474&ps=13740610&shp=a5d48078&shcp=81f88b70&idc=useast8,,Abbey 🤍,7402055894701919007,original sound,TRUE,https://p19-common-sign.tiktokcdn-us.com/tos-useast5-avt-0068-tx/f468e381361be760d63749a31850617f~tplv-tiktokx-cropcenter:720:720.jpeg?dr=9640&refresh_token=1439d747&x-expires=1785031200&x-signature=5VEe85zXyNFYxY0Qs%2FA3kjccCL0%3D&t=4d5b0474&ps=13740610&shp=a5d48078&shcp=81f88b70&idc=useast8,https://v16m.tiktokcdn-us.com/a08388346a95b2575060e91ed7d776b4/6a631dae/video/tos/useast8/tos-useast8-v-27dcd7-tx2/owIAQqLessqQjeoTnicN9ALVMAeGBLAIEBZ2lC/?a=1233&bti=ODszNWYuMDE6&&bt=125&ft=GSDrKInz7Th2_T8GXq8Zmo&mime_type=audio_mpeg&rc=anQ2bnA5cmZwdDMzaTU8NEBpanQ2bnA5cmZwdDMzaTU8NEBlLTBjMmRzMnBgLS1kMTJzYSNlLTBjMmRzMnBgLS1kMTJzcw%3D%3D&vvpl=1&l=20260724020739E9C2A2E8AAE784675F5E&btag=e000d0000,16400,0,scalpcare,11500000000,43,,Daily Scalp Routine #scalproutine #scalphealth #healthyscalp #healthyhairjourney #scalptips #hairexpert ,en,https://p16-common-sign.tiktokcdn-us.com/tos-useast8-p-0068-tx2/613648f3ee724678b6bb89cabffb1d6e_1723425461~tplv-tiktokx-origin.image?dr=9636&x-expires=1785031200&x-signature=EwXsgMDRwlx7qojOACndFTOSU1U%3D&t=4d5b0474&ps=13740610&shp=81f88b70&shcp=43f4a2f9&idc=useast8,540p,99,mp4,1024,https://p16-common-sign.tiktokcdn-us.com/tos-useast8-p-0068-tx2/613648f3ee724678b6bb89cabffb1d6e_1723425461~tplv-tiktokx-origin.image?dr=9636&x-expires=1785031200&x-signature=EwXsgMDRwlx7qojOACndFTOSU1U%3D&t=4d5b0474&ps=13740610&shp=81f88b70&shcp=43f4a2f9&idc=useast8,,https://v16m-webapp.tiktokcdn-us.com/0b76faa35f69e6b91bf26eda3b352815/6a656c4f/video/tos/useast8/tos-useast8-v-0068-tx2/de51435d0a804959b857a298ec4c4aa2/?a=1988&bti=ODszNWYuMDE6&&bt=1845&ft=4KLMeMMD8Zmo0ZhoVa4jVzZCQpWrKsd.&mime_type=video_mp4&rc=anNteW05cm5wdDMzaTczNEBpanNteW05cm5wdDMzaTczNEBhMmQtMmRjMXBgLS1kMTJzYSNhMmQtMmRjMXBgLS1kMTJzcw%3D%3D&l=20260724020739E9C2A2E8AAE784675F5E&btag=e00050000,eng-US,ASR,automatic speech recognition,https://v16m-webapp.tiktokcdn-us.com/0b76faa35f69e6b91bf26eda3b352815/6a656c4f/video/tos/useast8/tos-useast8-v-0068-tx2/de51435d0a804959b857a298ec4c4aa2/?a=1988&bti=ODszNWYuMDE6&&bt=1845&ft=4KLMeMMD8Zmo0ZhoVa4jVzZCQpWrKsd.&mime_type=video_mp4&rc=anNteW05cm5wdDMzaTczNEBpanNteW05cm5wdDMzaTczNEBhMmQtMmRjMXBgLS1kMTJzYSNhMmQtMmRjMXBgLS1kMTJzcw%3D%3D&l=20260724020739E9C2A2E8AAE784675F5E&btag=e00050000,1:big_caption,https://api.apify.com/v2/key-value-stores/KtYoKZfFP9mS0CE5o/records/transcription-abbeyjbens-20240812011736-7402055909075176735.txt,576,https://www.tiktok.com/@abbeyjbenson/video/7402055909075176735
https://p19-common-sign.tiktokcdn-us.com/tos-useast5-avt-0068-tx/2d6087b2d09aa805bf0e6a4d7e85a699~tplv-tiktokx-cropcenter:720:720.jpeg?dr=9640&refresh_token=dd622f3b&x-expires=1785031200&x-signature=DohSQ%2BWe6YlNR0W6vq9f%2FoGoAfI%3D&t=4d5b0474&ps=13740610&shp=a5d48078&shcp=81f88b70&idc=useast8,,,46600,1100000,,485,0,37900000,7131512043068507182,yurileeeee,Skinfluencer,https://p19-common-sign.tiktokcdn-us.com/tos-useast5-avt-0068-tx/2d6087b2d09aa805bf0e6a4d7e85a699~tplv-tiktokx-cropcenter:720:720.jpeg?dr=9640&refresh_token=dd622f3b&x-expires=1785031200&x-signature=DohSQ%2BWe6YlNR0W6vq9f%2FoGoAfI%3D&t=4d5b0474&ps=13740610&shp=a5d48078&shcp=81f88b70&idc=useast8,FALSE,https://www.tiktok.com/@yurileeeee,"Glowing Skin in California
📧 Teamyuri@gersh.com",FALSE,1287,591,22,,1763485510,2025-11-18T17:05:10.000Z,,,,,,,,,,,,,,,,,,,,,,,,,,,,,1672,,,,scalpcare,scalpserum,hairhealth,healthyhair,shinnyhair,,,,,,,,,,,,,7574112372323781902,scalpcare,FALSE,FALSE,FALSE,FALSE,,,,,,,,,,,,,,https://p16-common.tiktokcdn-us.com/tos-alisg-v-2774/55bd140de38546eeb87ad7b20bdc00d0~tplv-tiktokx-cropcenter:200:200.jpeg?dr=9584&t=4d5b0474&ps=933b5bde&shp=08d74b56&shcp=81f88b70&idc=useast8,,Yasu,7146235395050342402,"528Hz, frequency of relaxation, sleep, love(1230944)",FALSE,https://p16-common.tiktokcdn-us.com/tos-alisg-v-2774/55bd140de38546eeb87ad7b20bdc00d0~tplv-tiktokx-cropcenter:200:200.jpeg?dr=9584&t=4d5b0474&ps=933b5bde&shp=08d74b56&shcp=81f88b70&idc=useast8,https://sf16.tiktokcdn-us.com/obj/tos-alisg-ve-2774/973887e6834a4ee5b30ef186fac1731f,52000,0,scalpcare,11500000000,52,,Treating my scalp like my baby🙂‍↕️❤️ #scalpcare #scalpserum #hairhealth #healthyhair #shinnyhair ,en,https://p16-common-sign.tiktokcdn-us.com/tos-useast5-p-0068-tx/oYDd5VfYIMQKpFmEgDlBAzSEEHQDUQ2gRHoxfq~tplv-tiktokx-origin.image?dr=9636&x-expires=1785031200&x-signature=E%2BENakcejw2ISGFOIktIhiRnFwM%3D&t=4d5b0474&ps=13740610&shp=81f88b70&shcp=43f4a2f9&idc=useast8,720p,18,mp4,1280,https://p16-common-sign.tiktokcdn-us.com/tos-useast5-p-0068-tx/oYDd5VfYIMQKpFmEgDlBAzSEEHQDUQ2gRHoxfq~tplv-tiktokx-origin.image?dr=9636&x-expires=1785031200&x-signature=E%2BENakcejw2ISGFOIktIhiRnFwM%3D&t=4d5b0474&ps=13740610&shp=81f88b70&shcp=43f4a2f9&idc=useast8,,,,,,,,https://api.apify.com/v2/key-value-stores/KtYoKZfFP9mS0CE5o/records/transcription-yurileeeee-20251118170510-7574112372323781902.txt,720,https://www.tiktok.com/@yurileeeee/video/7574112372323781902
https://p16-common-sign.tiktokcdn-us.com/tos-alisg-avt-0068/02c46cb7bc2947dc2fdf5b5142aa70bb~tplv-tiktokx-cropcenter:720:720.jpeg?dr=9640&refresh_token=50cf349f&x-expires=1785031200&x-signature=ESmo4%2BjWxI91Aa4CxBJoL9QO7c8%3D&t=4d5b0474&ps=13740610&shp=a5d48078&shcp=81f88b70&idc=useast8,,,426,232,,53,0,2128,7590970550500901905,joyyceline_,𝒥𝑜𝓎ᥫ᭡.ִֶָ𓂃,https://p16-common-sign.tiktokcdn-us.com/tos-alisg-avt-0068/02c46cb7bc2947dc2fdf5b5142aa70bb~tplv-tiktokx-cropcenter:720:720.jpeg?dr=9640&refresh_token=50cf349f&x-expires=1785031200&x-signature=ESmo4%2BjWxI91Aa4CxBJoL9QO7c8%3D&t=4d5b0474&ps=13740610&shp=a5d48078&shcp=81f88b70&idc=useast8,FALSE,https://www.tiktok.com/@joyyceline_,"📍Sydney | AU
YesStyle code: JOY0205
Baerry code: JOYYCELINE 
💌 ugcbyjoyceline@gmail.com",FALSE,49,2,8,,1782552836,2026-06-27T09:33:56.000Z,7003236224857621505,alivelab_global,ALIVELAB Official,https://www.tiktok.com/@7003236224857621505,6590225013943697410,yesstyle,YesStyle,https://www.tiktok.com/@6590225013943697410,6980226427468530694,yesstyle.influencers,YesStyleInfluencers,https://www.tiktok.com/@6980226427468530694,,,,,,,,,,,,,,,,,29,,,,,,,alivelab,haircare,healtyhair,scalptreatment,creatorsearchinsights,,,,,,,,,,7656006074327141648,scalpcare,FALSE,FALSE,FALSE,FALSE,,,,,,,@ALIVELAB Official,@YesStyle,@YesStyleInfluencers,,,,,https://p16-common.tiktokcdn-us.com/tos-alisg-v-2774/oseyB0bnQISNZtktSkVkH5kcLBhCcDkAeAAPIg~tplv-tiktokx-cropcenter:200:200.jpeg?dr=9584&t=4d5b0474&ps=933b5bde&shp=08d74b56&shcp=81f88b70&idc=useast8,Genesis,Grimes,6751217134107363329,Genesis,FALSE,https://p16-common.tiktokcdn-us.com/tos-alisg-v-2774/oseyB0bnQISNZtktSkVkH5kcLBhCcDkAeAAPIg~tplv-tiktokx-cropcenter:200:200.jpeg?dr=9584&t=4d5b0474&ps=933b5bde&shp=08d74b56&shcp=81f88b70&idc=useast8,https://sf16.tiktokcdn-us.com/obj/tos-alisg-ve-2774/o0QtlekKcBqbBRn3Yb4TfQdgDByUw5Sm3blCZu,800,0,scalpcare,11500000000,1,,"A clean, healthy scalp is the key for healthy hair growth 🤍🫧 @ALIVELAB Official 02 Scalp Water Shampoo gently cleanses with minimal ingredients and helps care for sensitive, and troubled scalps ✨
go get yours now on YesStyle!!
use my code JOY0205 to get extra $$ off 🤩
@YesStyle @YesStyleInfluencers 

#alivelab #haircare #healtyhair #scalptreatment #creatorsearchinsights ",en,https://p16-common-sign.tiktokcdn-us.com/tos-alisg-p-0037/oUfGt6ogfdTGnFoMAZwgyeIALRAGjTfH1Yjrwg~tplv-tiktokx-origin.image?dr=9636&x-expires=1785031200&x-signature=AujaE3C6c8GRS7BYiBKa0gYBesk%3D&t=4d5b0474&ps=13740610&shp=81f88b70&shcp=43f4a2f9&idc=useast8,540p,19,mp4,1024,https://p16-common-sign.tiktokcdn-us.com/tos-alisg-p-0037/oUfGt6ogfdTGnFoMAZwgyeIALRAGjTfH1Yjrwg~tplv-tiktokx-origin.image?dr=9636&x-expires=1785031200&x-signature=AujaE3C6c8GRS7BYiBKa0gYBesk%3D&t=4d5b0474&ps=13740610&shp=81f88b70&shcp=43f4a2f9&idc=useast8,,,,,,,,https://api.apify.com/v2/key-value-stores/KtYoKZfFP9mS0CE5o/records/transcription-joyyceline-20260627093356-7656006074327141648.txt,576,https://www.tiktok.com/@joyyceline_/video/7656006074327141648
https://p16-common-sign.tiktokcdn-us.com/tos-maliva-avt-0068/32d28c7a9b332f950dbe22f960a3aa16~tplv-tiktokx-cropcenter:720:720.jpeg?dr=9640&refresh_token=5bdf958e&x-expires=1785031200&x-signature=%2BZfNv39is%2FRrnn1viMxSSOK02v4%3D&t=4d5b0474&ps=13740610&shp=a5d48078&shcp=81f88b70&idc=useast8,,,6075,675700,,404,0,19600000,7202404177598989318,sofiahairhealth,Sofia Sevilla 💖,https://p16-common-sign.tiktokcdn-us.com/tos-maliva-avt-0068/32d28c7a9b332f950dbe22f960a3aa16~tplv-tiktokx-cropcenter:720:720.jpeg?dr=9640&refresh_token=5bdf958e&x-expires=1785031200&x-signature=%2BZfNv39is%2FRrnn1viMxSSOK02v4%3D&t=4d5b0474&ps=13740610&shp=a5d48078&shcp=81f88b70&idc=useast8,FALSE,https://www.tiktok.com/@sofiahairhealth,"💌 contact@theregrowthbp.com
AGA girly, training trichologist 👩🏻‍🔬 sharing what helped reverse my hair loss ❤️

My hair growth routine 👇",FALSE,2171,6142,172,,1765471655,2025-12-11T16:47:35.000Z,,,,,,,,,,,,,,,,,,,,,,,,,,,,,15400,,,,hairgrowth,hairthinning,hairroutine,hairloss,femalepatternhairloss,,,,,,,,,,,,,7582642998106688790,scalpcare,FALSE,FALSE,FALSE,FALSE,,,,,,,,,,,,,,https://p16-common-sign.tiktokcdn-us.com/tos-maliva-avt-0068/32d28c7a9b332f950dbe22f960a3aa16~tplv-tiktokx-cropcenter:720:720.jpeg?dr=9640&refresh_token=5bdf958e&x-expires=1785031200&x-signature=%2BZfNv39is%2FRrnn1viMxSSOK02v4%3D&t=4d5b0474&ps=13740610&shp=a5d48078&shcp=81f88b70&idc=useast8,,Sofia Sevilla 💖,7582643009604045590,original sound,TRUE,https://p16-common-sign.tiktokcdn-us.com/tos-maliva-avt-0068/32d28c7a9b332f950dbe22f960a3aa16~tplv-tiktokx-cropcenter:720:720.jpeg?dr=9640&refresh_token=5bdf958e&x-expires=1785031200&x-signature=%2BZfNv39is%2FRrnn1viMxSSOK02v4%3D&t=4d5b0474&ps=13740610&shp=a5d48078&shcp=81f88b70&idc=useast8,https://v16m.tiktokcdn-us.com/a34180766b3a83141fc3ade9cbeadafa/6a631dd4/video/tos/no1a/tos-no1a-v-2370-no/okAeeLt1JaVmtGfwEB9WXfAGAaIQ6kOQAAG6E2/?a=1233&bti=ODszNWYuMDE6&&bt=125&ft=GSDrKInz7Th2_T8GXq8Zmo&mime_type=audio_mpeg&rc=ampzd3k5cmRpNzMzbzU8NUBpampzd3k5cmRpNzMzbzU8NUAtX2RzMmRzX3FhLS1kMTFzYSMtX2RzMmRzX3FhLS1kMTFzcw%3D%3D&vvpl=1&l=20260724020739E9C2A2E8AAE784675F5E&btag=e00050000,194900,0,scalpcare,11500000000,1033,,4 scalp care tips 💆🏻‍♀️✨ #hairgrowth #hairthinning #hairroutine #hairloss #femalepatternhairloss  ,en,https://p16-common-sign.tiktokcdn-us.com/tos-no1a-p-0037-no/o4RCEA6ERkWfBWAa9gAvZIAOEASpfqD90maFFC~tplv-tiktokx-dmt-logom:tos-no1a-i-0068-no/oArtIQQNLGA067AtAeLKWGkABReAgK06Q1ef1I.image?dr=9634&x-expires=1785031200&x-signature=WYRoby%2FCmt532LTsFDL9ETVwPso%3D&t=4d5b0474&ps=13740610&shp=81f88b70&shcp=43f4a2f9&idc=useast8,540p,137,mp4,1024,https://p16-common-sign.tiktokcdn-us.com/tos-no1a-p-0037-no/o4RCEA6ERkWfBWAa9gAvZIAOEASpfqD90maFFC~tplv-tiktokx-dmt-logom:tos-no1a-i-0068-no/oArtIQQNLGA067AtAeLKWGkABReAgK06Q1ef1I.image?dr=9634&x-expires=1785031200&x-signature=WYRoby%2FCmt532LTsFDL9ETVwPso%3D&t=4d5b0474&ps=13740610&shp=81f88b70&shcp=43f4a2f9&idc=useast8,,https://v16m-webapp.tiktokcdn-us.com/a816ca883eab55954025f4021b758220/6a656c75/video/tos/useast5/tos-useast5-v-0068c799-tx/288928ca56d14c42a141c6d3f889a17a/?a=1988&bti=ODszNWYuMDE6&&bt=17038&ft=4KLMeMMD8Zmo0ZhoVa4jVzZCQpWrKsd.&mime_type=video_mp4&rc=M2d3ZXg5cjZpNzMzbzczNUBpM2d3ZXg5cjZpNzMzbzczNUAzYGkyMmRrNnFhLS1kMTFzYSMzYGkyMmRrNnFhLS1kMTFzcw%3D%3D&l=20260724020739E9C2A2E8AAE784675F5E&btag=e00050000,eng-US,ASR,automatic speech recognition,https://v16m-webapp.tiktokcdn-us.com/a816ca883eab55954025f4021b758220/6a656c75/video/tos/useast5/tos-useast5-v-0068c799-tx/288928ca56d14c42a141c6d3f889a17a/?a=1988&bti=ODszNWYuMDE6&&bt=17038&ft=4KLMeMMD8Zmo0ZhoVa4jVzZCQpWrKsd.&mime_type=video_mp4&rc=M2d3ZXg5cjZpNzMzbzczNUBpM2d3ZXg5cjZpNzMzbzczNUAzYGkyMmRrNnFhLS1kMTFzYSMzYGkyMmRrNnFhLS1kMTFzcw%3D%3D&l=20260724020739E9C2A2E8AAE784675F5E&btag=e00050000,1:big_caption,https://api.apify.com/v2/key-value-stores/KtYoKZfFP9mS0CE5o/records/transcription-sofiahairh-20251211164735-7582642998106688790.txt,576,https://www.tiktok.com/@sofiahairhealth/video/7582642998106688790
https://p16-common-sign.tiktokcdn-us.com/tos-useast5-avt-0068-tx/37f2d5519436eed4af7632474ab085fa~tplv-tiktokx-cropcenter:720:720.jpeg?dr=9640&refresh_token=47317bc0&x-expires=1785031200&x-signature=26gL%2FCtG5RuwEkiJM%2BcihhM5X18%3D&t=4d5b0474&ps=13740610&shp=a5d48078&shcp=81f88b70&idc=useast8,,,21200,3000000,,594,0,82600000,6749373116890629125,abbeyyung,Abbey Yung,https://p16-common-sign.tiktokcdn-us.com/tos-useast5-avt-0068-tx/37f2d5519436eed4af7632474ab085fa~tplv-tiktokx-cropcenter:720:720.jpeg?dr=9640&refresh_token=47317bc0&x-expires=1785031200&x-signature=26gL%2FCtG5RuwEkiJM%2BcihhM5X18%3D&t=4d5b0474&ps=13740610&shp=a5d48078&shcp=81f88b70&idc=useast8,FALSE,https://www.tiktok.com/@abbeyyung,"The Abbey Yung Method™
Certified Trichologist who loves all things beauty
YouTube & Links ⬇️",TRUE,1173,15456,407,,1779137755,2026-05-18T20:55:55.000Z,,,,,,,,,,,,,,,,,,,,,,,,,,,,,51300,2617087625,Soft Retouch,0,scalpcare,hairroutine,haircareroutine,healthyhair,,,,,,,,,,,,,,7641338422828813598,scalpcareroutine,FALSE,FALSE,FALSE,FALSE,,,,,,,,,,,,,,https://p16-common-sign.tiktokcdn-us.com/tos-useast5-avt-0068-tx/37f2d5519436eed4af7632474ab085fa~tplv-tiktokx-cropcenter:720:720.jpeg?dr=9640&refresh_token=47317bc0&x-expires=1785031200&x-signature=26gL%2FCtG5RuwEkiJM%2BcihhM5X18%3D&t=4d5b0474&ps=13740610&shp=a5d48078&shcp=81f88b70&idc=useast5,,Abbey Yung,7641338476952029983,original sound,TRUE,https://p16-common-sign.tiktokcdn-us.com/tos-useast5-avt-0068-tx/37f2d5519436eed4af7632474ab085fa~tplv-tiktokx-cropcenter:720:720.jpeg?dr=9640&refresh_token=47317bc0&x-expires=1785031200&x-signature=26gL%2FCtG5RuwEkiJM%2BcihhM5X18%3D&t=4d5b0474&ps=13740610&shp=a5d48078&shcp=81f88b70&idc=useast5,https://v16m.tiktokcdn-us.com/fbebf4ef75332708cfa2bdd96fcf8928/6a631dce/video/tos/useast5/tos-useast5-v-27dcd7-tx/o0UFweoCY9vECD9oQBDpDIEmgTLtfqexxAgGnI/?a=1233&bti=ODszNWYuMDE6&&bt=125&ft=GSDrKInz7Th0_T8GXq8Zmo&mime_type=audio_mpeg&rc=NjszOjg4NDRlOTUzO2c8PEBpM24zaHk5cnJxOzMzaTU8NEAtNjBeYDJfXjMxMDMzXmFhYSMuMDNjMmQ0bTJhLS1kMTJzcw%3D%3D&vvpl=1&l=20260724020740439440AD22FF13685252&btag=e000d8000,841100,0,scalpcareroutine,128400000,876,,"As promised, this is my current scalp care routine! I previously didn’t think additional scalp care would do much for me, but the research behind the Pantene Abundant & Strong system (and all the research I’ve found on other scalp ingredients / products since) really changed my mind. Now I think about my scalp care routine as a proactive routine to keep my scalp + new hair growth in the healthiest state possible. This isn’t a routine that I think everyone *needs* to do, but for those who are also interested in promoting scalp health & improving hair retention, hopefully this gives you some steps to choose from that might help! Also- the results I’ve seen would only be from the scalp serums + shampoos alone because I haven’t been using the scalp device or red light helmet long enough to see any visible change yet. LMK if you want videos on my top recommendations for scalp serums + scalp focused shampoos next!

Products Mentioned:
1. Pantene Abundant & Strong Serum
2. Neutrogena Hair Restore Serum 
3. OGX Pro Growth + Peptide Shampoo
4. Dr Groot Scalp Revitalizing Hair Thickening Shampoo
5. DS Labs Scalp Activator - this was gifted with no obligation to review
6. Current Body Red Light Helmet - this was gifted with no obligation to review

#scalpcare #hairroutine #haircareroutine #healthyhair ",en,https://p19-common-sign.tiktokcdn-us.com/tos-useast8-p-0068-tx2/owQZQq28vNqQKQIjdfFU5GWme7rMC4AIAfx5WC~tplv-tiktokx-origin.image?dr=9636&x-expires=1785031200&x-signature=%2BiRJLPK%2B5SSzDvag2R9Ob8ZEBMk%3D&t=4d5b0474&ps=13740610&shp=81f88b70&shcp=43f4a2f9&idc=useast5,720p,129,mp4,1280,https://p19-common-sign.tiktokcdn-us.com/tos-useast8-p-0068-tx2/owQZQq28vNqQKQIjdfFU5GWme7rMC4AIAfx5WC~tplv-tiktokx-origin.image?dr=9636&x-expires=1785031200&x-signature=%2BiRJLPK%2B5SSzDvag2R9Ob8ZEBMk%3D&t=4d5b0474&ps=13740610&shp=81f88b70&shcp=43f4a2f9&idc=useast5,,https://v16m-webapp.tiktokcdn-us.com/54371ee5e1b2980bd8b452f7eb43ccc4/6a656c6f/video/tos/useast8/tos-useast8-v-0068-tx2/d7772c7839ba40b7b24ff5e4c21d3414/?a=1988&bti=ODszNWYuMDE6&&bt=11910&ft=4KLMeMzm8Zmo08hoVa4jVnrZdpWrKsd.&mime_type=video_mp4&rc=anQ4bHA5cm1xOzMzaTczNEBpanQ4bHA5cm1xOzMzaTczNEBrYy80MmRrbTJhLS1kMTJzYSNrYy80MmRrbTJhLS1kMTJzcw%3D%3D&l=20260724020740439440AD22FF13685252&btag=e00050000,eng-US,ASR,automatic speech recognition,https://v16m-webapp.tiktokcdn-us.com/54371ee5e1b2980bd8b452f7eb43ccc4/6a656c6f/video/tos/useast8/tos-useast8-v-0068-tx2/d7772c7839ba40b7b24ff5e4c21d3414/?a=1988&bti=ODszNWYuMDE6&&bt=11910&ft=4KLMeMzm8Zmo08hoVa4jVnrZdpWrKsd.&mime_type=video_mp4&rc=anQ4bHA5cm1xOzMzaTczNEBpanQ4bHA5cm1xOzMzaTczNEBrYy80MmRrbTJhLS1kMTJzYSNrYy80MmRrbTJhLS1kMTJzcw%3D%3D&l=20260724020740439440AD22FF13685252&btag=e00050000,1:big_caption,https://api.apify.com/v2/key-value-stores/KtYoKZfFP9mS0CE5o/records/transcription-abbeyyung-20260518205555-7641338422828813598.txt,720,https://www.tiktok.com/@abbeyyung/video/7641338422828813598
https://p19-common-sign.tiktokcdn-us.com/tos-useast8-avt-0068-tx2/09244579237d164ade090065cc8592f2~tplv-tiktokx-cropcenter:720:720.jpeg?dr=9640&refresh_token=aa294e4d&x-expires=1785031200&x-signature=bGcZxLOUKn4Plf4l88DujowBVWI%3D&t=4d5b0474&ps=13740610&shp=a5d48078&shcp=81f88b70&idc=useast8,,,29800,241600,,956,0,20000000,2425338,pattygaffxoxo,pattygaffxoxo,https://p19-common-sign.tiktokcdn-us.com/tos-useast8-avt-0068-tx2/09244579237d164ade090065cc8592f2~tplv-tiktokx-cropcenter:720:720.jpeg?dr=9640&refresh_token=aa294e4d&x-expires=1785031200&x-signature=bGcZxLOUKn4Plf4l88DujowBVWI%3D&t=4d5b0474&ps=13740610&shp=a5d48078&shcp=81f88b70&idc=useast8,FALSE,https://www.tiktok.com/@pattygaffxoxo,"Healthy haircare is my thing🤍
NY | 26
💌pattygaffxoxo@gmail.com",FALSE,1491,17,7,,1784152171,2026-07-15T21:49:31.000Z,6828520455265403909,dove,Dove Beauty & Personal Care,https://www.tiktok.com/@6828520455265403909,,,,,,,,,,,,,,,,,,,,,,,,,130,2617087625,Soft Retouch,0,,dovepartner,dovedermascalp,,,,,,,,,,,,,,,7662875159459548447,scalpcareroutine,TRUE,FALSE,FALSE,TRUE,,,,,,,@Dove Beauty & Personal Care,,,,,,,https://p16-common-sign.tiktokcdn-us.com/tos-useast8-avt-0068-tx2/09244579237d164ade090065cc8592f2~tplv-tiktokx-cropcenter:720:720.jpeg?dr=9640&refresh_token=b91a1b5d&x-expires=1785031200&x-signature=YC%2BZZ7BMh%2Ffrg0MGE5uRfMfLed4%3D&t=4d5b0474&ps=13740610&shp=a5d48078&shcp=81f88b70&idc=useast5,,pattygaffxoxo,7662875113423653662,original sound,TRUE,https://p16-common-sign.tiktokcdn-us.com/tos-useast8-avt-0068-tx2/09244579237d164ade090065cc8592f2~tplv-tiktokx-cropcenter:720:720.jpeg?dr=9640&refresh_token=b91a1b5d&x-expires=1785031200&x-signature=YC%2BZZ7BMh%2Ffrg0MGE5uRfMfLed4%3D&t=4d5b0474&ps=13740610&shp=a5d48078&shcp=81f88b70&idc=useast5,https://v16m.tiktokcdn-us.com/5e0eeffaeb450e2ed446336a885e2a12/6a631d73/video/tos/useast8/tos-useast8-v-27dcd7-tx2/okaAl4lBg6BOiGyEAAY2jR8zCQAEAviAcVubA/?a=1233&bti=ODszNWYuMDE6&&bt=125&ft=GSDrKInz7Th0_T8GXq8Zmo&mime_type=audio_mpeg&rc=amhnaHY5cnUzPDMzaTU8NEBpamhnaHY5cnUzPDMzaTU8NEBtLmhvMmRrLWBhLS1kMTJzYSNtLmhvMmRrLWBhLS1kMTJzcw%3D%3D&vvpl=1&l=20260724020740439440AD22FF13685252&btag=e00050000,3519,0,scalpcareroutine,128400000,4,,This affordable scalp care routine has been a game changer for my hair @Dove Beauty & Personal Care Density Boost #DovePartner #DoveDermaScalp ,en,https://p19-common-sign.tiktokcdn-us.com/tos-useast8-p-0068-tx2/oAAIdIaGA06CtAdLePUjIHAEQ3weNsQVAPfyNq~tplv-tiktokx-origin.image?dr=9636&x-expires=1785031200&x-signature=taV%2BYIS1IM1o4smZGoDcvdz723Q%3D&t=4d5b0474&ps=13740610&shp=81f88b70&shcp=43f4a2f9&idc=useast5,720p,38,mp4,1280,https://p19-common-sign.tiktokcdn-us.com/tos-useast8-p-0068-tx2/oAAIdIaGA06CtAdLePUjIHAEQ3weNsQVAPfyNq~tplv-tiktokx-origin.image?dr=9636&x-expires=1785031200&x-signature=taV%2BYIS1IM1o4smZGoDcvdz723Q%3D&t=4d5b0474&ps=13740610&shp=81f88b70&shcp=43f4a2f9&idc=useast5,,https://v16m-webapp.tiktokcdn-us.com/41fc14e7f7ef3f7a26e3f3b59b63352b/6a656c14/video/tos/useast8/tos-useast8-v-0068-tx2/f1d8a435aff44a03a8b778f6244b7261/?a=1988&bti=ODszNWYuMDE6&&bt=17353&ft=4KLMeMzm8Zmo08hoVa4jVnrZdpWrKsd.&mime_type=video_mp4&rc=anR0eWs5cjQzPDMzaTczNEBpanR0eWs5cjQzPDMzaTczNEAzcW4zMmRzLWBhLS1kMTJzYSMzcW4zMmRzLWBhLS1kMTJzcw%3D%3D&l=20260724020740439440AD22FF13685252&btag=e00050000,eng-US,ASR,automatic speech recognition,https://v16m-webapp.tiktokcdn-us.com/41fc14e7f7ef3f7a26e3f3b59b63352b/6a656c14/video/tos/useast8/tos-useast8-v-0068-tx2/f1d8a435aff44a03a8b778f6244b7261/?a=1988&bti=ODszNWYuMDE6&&bt=17353&ft=4KLMeMzm8Zmo08hoVa4jVnrZdpWrKsd.&mime_type=video_mp4&rc=anR0eWs5cjQzPDMzaTczNEBpanR0eWs5cjQzPDMzaTczNEAzcW4zMmRzLWBhLS1kMTJzYSMzcW4zMmRzLWBhLS1kMTJzcw%3D%3D&l=20260724020740439440AD22FF13685252&btag=e00050000,1:big_caption,https://api.apify.com/v2/key-value-stores/KtYoKZfFP9mS0CE5o/records/transcription-pattygaffx-20260715214931-7662875159459548447.txt,720,https://www.tiktok.com/@pattygaffxoxo/video/7662875159459548447
https://p19-common-sign.tiktokcdn-us.com/tos-useast5-avt-0068-tx/18794b170001a73f82fba1020bb454d8~tplv-tiktokx-cropcenter:720:720.jpeg?dr=9640&refresh_token=927e0fb7&x-expires=1785031200&x-signature=FKTB9uTuxrcVOzSTaR7mjV%2BZ8FA%3D&t=4d5b0474&ps=13740610&shp=a5d48078&shcp=81f88b70&idc=useast5,,,7915,176000,,565,0,7200000,7054976190906418181,izzychen,izzychen,https://p19-common-sign.tiktokcdn-us.com/tos-useast5-avt-0068-tx/18794b170001a73f82fba1020bb454d8~tplv-tiktokx-cropcenter:720:720.jpeg?dr=9640&refresh_token=927e0fb7&x-expires=1785031200&x-signature=FKTB9uTuxrcVOzSTaR7mjV%2BZ8FA%3D&t=4d5b0474&ps=13740610&shp=a5d48078&shcp=81f88b70&idc=useast5,FALSE,https://www.tiktok.com/@izzychen,"NYC 🍎
skincare, beauty, & building a company
📧 teamizzy@beccamgmt.com",FALSE,671,37,3,,1777149901,2026-04-25T20:45:01.000Z,6702024219062469637,theordinary,theordinary,https://www.tiktok.com/@6702024219062469637,6779644909047022597,cosmedix,cosmedix,https://www.tiktok.com/@6779644909047022597,7444733899500372999,miseenscene_us,miseenscene_us,https://www.tiktok.com/@7444733899500372999,7302112124187542571,drgroothair,drgroothair,https://www.tiktok.com/@7302112124187542571,6958834744068228101,headandshoulders,headandshoulders,https://www.tiktok.com/@6958834744068228101,7325323125338719275,dr.althea_official,dr.althea_official,https://www.tiktok.com/@7325323125338719275,7114470920908457002,growus_us,growus_us,https://www.tiktok.com/@7114470920908457002,80,2617087625,Soft Retouch,0,,,,,,,,hairroutine,everythingshower,scalpcare,,,,,,,,7632800597938343182,scalpcareroutine,FALSE,FALSE,FALSE,FALSE,,,,,,,@theordinary,@cosmedix,@miseenscene_us,@drgroothair,@headandshoulders,@dr.althea_official,@growus_us,https://p19-common-sign.tiktokcdn-us.com/tos-useast5-avt-0068-tx/18794b170001a73f82fba1020bb454d8~tplv-tiktokx-cropcenter:720:720.jpeg?dr=9640&refresh_token=927e0fb7&x-expires=1785031200&x-signature=FKTB9uTuxrcVOzSTaR7mjV%2BZ8FA%3D&t=4d5b0474&ps=13740610&shp=a5d48078&shcp=81f88b70&idc=useast5,,izzychen,7632800687050541837,original sound,TRUE,https://p19-common-sign.tiktokcdn-us.com/tos-useast5-avt-0068-tx/18794b170001a73f82fba1020bb454d8~tplv-tiktokx-cropcenter:720:720.jpeg?dr=9640&refresh_token=927e0fb7&x-expires=1785031200&x-signature=FKTB9uTuxrcVOzSTaR7mjV%2BZ8FA%3D&t=4d5b0474&ps=13740610&shp=a5d48078&shcp=81f88b70&idc=useast5,https://v16m.tiktokcdn-us.com/5584645a8d9f7ef8cbaf54eb6852c786/6a631db0/video/tos/useast5/tos-useast5-v-27dcd7-tx/o8OJ9QB6T7HphE4tChFEAfDVo2ETYmgMIoffkk/?a=1233&bti=ODszNWYuMDE6&&bt=125&ft=GSDrKInz7Th0_T8GXq8Zmo&mime_type=audio_mpeg&rc=ODc4OGY6aWkzNmU4NWRpaUBpMzdrNGo5cm9sOjMzZzU8NEA2Ly5gLzZfNjMxYjAyMTY2YSNxcm9uMmRjY2phLS1kMS9zcw%3D%3D&vvpl=1&l=20260724020740439440AD22FF13685252&btag=e000d8000,2093,0,scalpcareroutine,128400000,2,,"my monthly hair & scalp reset routine & products for the silkiest, softest, no-dandruff hair

products mentioned:
@theordinary glycolic acid 7% toning solution
@cosmedix fortify cooling enzyme scalp treatment
@miseenscene_us perfect argan capsule repair hair mask
@drgroothair hair thickening shampoo
@headandshoulders clinical strength dandruff defense
@dr.althea_official refresh moment perfume hair treatment (fig fog)
@growus_us damage therapy no-wash treatment

#hairroutine #everythingshower #scalpcare",en,https://p16-common-sign.tiktokcdn-us.com/tos-useast5-p-85c255-tx/oQZtg9wIimBC9pFip0AR30JPwwqBAYAaEb9MfI~tplv-tiktokx-dmt-logom:tos-useast8-i-0068-tx2/oIjEPFIwAMcfDu439TBrA9qxVAEIIAf7Df85EA.image?dr=9634&x-expires=1785031200&x-signature=z6kMgV%2BNgwO%2B%2FTHTMrXy6jP4ynU%3D&t=4d5b0474&ps=13740610&shp=81f88b70&shcp=43f4a2f9&idc=useast5,720p,99,mp4,1280,https://p16-common-sign.tiktokcdn-us.com/tos-useast5-p-85c255-tx/oQZtg9wIimBC9pFip0AR30JPwwqBAYAaEb9MfI~tplv-tiktokx-dmt-logom:tos-useast8-i-0068-tx2/oIjEPFIwAMcfDu439TBrA9qxVAEIIAf7Df85EA.image?dr=9634&x-expires=1785031200&x-signature=z6kMgV%2BNgwO%2B%2FTHTMrXy6jP4ynU%3D&t=4d5b0474&ps=13740610&shp=81f88b70&shcp=43f4a2f9&idc=useast5,,https://v16m-webapp.tiktokcdn-us.com/84b5daae50cd53e86aa20e5ea182c8b9/6a656c50/video/tos/useast5/tos-useast5-v-85c255-tx/fbd00c6de6374fc895912515ba3bb1df/?a=1988&bti=ODszNWYuMDE6&&bt=4025&ft=4KLMeMzm8Zmo0UhoVa4jVnrZdpWrKsd.&mime_type=video_mp4&rc=M2ZuN2o5cm1sOjQzZzM2NEBpM2ZuN2o5cm1sOjQzZzM2NEBkZGNpMmRjY2phLS1kLS9zYSNkZGNpMmRjY2phLS1kLS9zcw%3D%3D&l=20260724020740439440AD22FF13685252&btag=e00050000,eng-US,ASR,automatic speech recognition,https://v16m-webapp.tiktokcdn-us.com/84b5daae50cd53e86aa20e5ea182c8b9/6a656c50/video/tos/useast5/tos-useast5-v-85c255-tx/fbd00c6de6374fc895912515ba3bb1df/?a=1988&bti=ODszNWYuMDE6&&bt=4025&ft=4KLMeMzm8Zmo0UhoVa4jVnrZdpWrKsd.&mime_type=video_mp4&rc=M2ZuN2o5cm1sOjQzZzM2NEBpM2ZuN2o5cm1sOjQzZzM2NEBkZGNpMmRjY2phLS1kLS9zYSNkZGNpMmRjY2phLS1kLS9zcw%3D%3D&l=20260724020740439440AD22FF13685252&btag=e00050000,1:big_caption,https://api.apify.com/v2/key-value-stores/KtYoKZfFP9mS0CE5o/records/transcription-izzychen-20260425204501-7632800597938343182.txt,720,https://www.tiktok.com/@izzychen/video/7632800597938343182
https://p16-common-sign.tiktokcdn-us.com/tos-useast5-avt-0068-tx/37f2d5519436eed4af7632474ab085fa~tplv-tiktokx-cropcenter:720:720.jpeg?dr=9640&refresh_token=47317bc0&x-expires=1785031200&x-signature=26gL%2FCtG5RuwEkiJM%2BcihhM5X18%3D&t=4d5b0474&ps=13740610&shp=a5d48078&shcp=81f88b70&idc=useast8,,,21200,3000000,,594,0,82600000,6749373116890629125,abbeyyung,Abbey Yung,https://p16-common-sign.tiktokcdn-us.com/tos-useast5-avt-0068-tx/37f2d5519436eed4af7632474ab085fa~tplv-tiktokx-cropcenter:720:720.jpeg?dr=9640&refresh_token=47317bc0&x-expires=1785031200&x-signature=26gL%2FCtG5RuwEkiJM%2BcihhM5X18%3D&t=4d5b0474&ps=13740610&shp=a5d48078&shcp=81f88b70&idc=useast8,FALSE,https://www.tiktok.com/@abbeyyung,"The Abbey Yung Method™
Certified Trichologist who loves all things beauty
YouTube & Links ⬇️",TRUE,1173,51656,945,,1780435921,2026-06-02T21:32:01.000Z,,,,,,,,,,,,,,,,,,,,,,,,,,,,,133300,2617087625,Soft Retouch,0,healthyhair,scalpcare,hairgrowth,shampoo,,,,,,,,,,,,,,7646913995521150238,scalpcareroutine,FALSE,FALSE,FALSE,FALSE,,,,,,,,,,,,,,https://p16-common-sign.tiktokcdn-us.com/tos-useast5-avt-0068-tx/37f2d5519436eed4af7632474ab085fa~tplv-tiktokx-cropcenter:720:720.jpeg?dr=9640&refresh_token=47317bc0&x-expires=1785031200&x-signature=26gL%2FCtG5RuwEkiJM%2BcihhM5X18%3D&t=4d5b0474&ps=13740610&shp=a5d48078&shcp=81f88b70&idc=useast5,,Abbey Yung,7646914038445935390,original sound,TRUE,https://p16-common-sign.tiktokcdn-us.com/tos-useast5-avt-0068-tx/37f2d5519436eed4af7632474ab085fa~tplv-tiktokx-cropcenter:720:720.jpeg?dr=9640&refresh_token=47317bc0&x-expires=1785031200&x-signature=26gL%2FCtG5RuwEkiJM%2BcihhM5X18%3D&t=4d5b0474&ps=13740610&shp=a5d48078&shcp=81f88b70&idc=useast5,https://v16m.tiktokcdn-us.com/7c200ed2ad8b080eabb9a6f890b4a376/6a631dee/video/tos/useast8/tos-useast8-v-27dcd7-tx2/ocCfWZvE8XJCgY0Q4BFqCSQDA2ViEEk9f0HUGo/?a=1233&bti=ODszNWYuMDE6&&bt=125&ft=GSDrKInz7Th0_T8GXq8Zmo&mime_type=audio_mpeg&rc=aWg0Ozw7NThnZWZnN2k3ZUBpajQ3ZG45cm9uOzMzaTU8NEBgYS40M2IvXzYxNTQxNl42YSNhM3AzMmRra2NhLS1kMTJzcw%3D%3D&vvpl=1&l=20260724020740439440AD22FF13685252&btag=e000d0000,2100000,0,scalpcareroutine,128400000,3862,,"The Abbey Yung Method scalp health shampoo recommendations! I’ve spent the last 8-9 months testing and researching products in this category to find options that I not only love, but also truly believe in when it comes to their potential to improve scalp health and grow healthier hair- and that landed me with this Top 7! While some of these shampoos share benefits, there are some important differences I wanted to point out in this initial overview. Let me know if you want me to do a full deep dive on this (like I did for my product comparison guide series) to talk more about scalp & hair types I think that these are best for, but hopefully this gives you enough information to consider for now! 

#healthyhair #scalpcare #hairgrowth #shampoo",en,https://p16-common-sign.tiktokcdn-us.com/tos-useast8-p-0068-tx2/oUNxVgf3ATFgHG6QMSoLIp0fQKTebNTeeAGliw~tplv-tiktokx-origin.image?dr=9636&x-expires=1785031200&x-signature=ZxpXi%2Fy79rxGFTME2dPXrjH9VJA%3D&t=4d5b0474&ps=13740610&shp=81f88b70&shcp=43f4a2f9&idc=useast5,720p,161,mp4,1280,https://p16-common-sign.tiktokcdn-us.com/tos-useast8-p-0068-tx2/oUNxVgf3ATFgHG6QMSoLIp0fQKTebNTeeAGliw~tplv-tiktokx-origin.image?dr=9636&x-expires=1785031200&x-signature=ZxpXi%2Fy79rxGFTME2dPXrjH9VJA%3D&t=4d5b0474&ps=13740610&shp=81f88b70&shcp=43f4a2f9&idc=useast5,,https://v16m-webapp.tiktokcdn-us.com/5537ba88a4841218072793cdf02ee733/6a656c8f/video/tos/useast8/tos-useast8-v-0068-tx2/32a75f3162ea47bbbe1889deee4be9cf/?a=1988&bti=ODszNWYuMDE6&&bt=11798&ft=4KLMeMzm8Zmo08hoVa4jVnrZdpWrKsd.&mime_type=video_mp4&rc=ajRxNG45cjpuOzMzaTczNEBpajRxNG45cjpuOzMzaTczNEBtbjRyMmRzaWNhLS1kMTJzYSNtbjRyMmRzaWNhLS1kMTJzcw%3D%3D&l=20260724020740439440AD22FF13685252&btag=e00050000,eng-US,ASR,automatic speech recognition,https://v16m-webapp.tiktokcdn-us.com/5537ba88a4841218072793cdf02ee733/6a656c8f/video/tos/useast8/tos-useast8-v-0068-tx2/32a75f3162ea47bbbe1889deee4be9cf/?a=1988&bti=ODszNWYuMDE6&&bt=11798&ft=4KLMeMzm8Zmo08hoVa4jVnrZdpWrKsd.&mime_type=video_mp4&rc=ajRxNG45cjpuOzMzaTczNEBpajRxNG45cjpuOzMzaTczNEBtbjRyMmRzaWNhLS1kMTJzYSNtbjRyMmRzaWNhLS1kMTJzcw%3D%3D&l=20260724020740439440AD22FF13685252&btag=e00050000,1:big_caption,https://api.apify.com/v2/key-value-stores/KtYoKZfFP9mS0CE5o/records/transcription-abbeyyung-20260602213201-7646913995521150238.txt,720,https://www.tiktok.com/@abbeyyung/video/7646913995521150238
https://p16-common-sign.tiktokcdn-us.com/tos-useast5-avt-0068-tx/37f2d5519436eed4af7632474ab085fa~tplv-tiktokx-cropcenter:720:720.jpeg?dr=9640&refresh_token=47317bc0&x-expires=1785031200&x-signature=26gL%2FCtG5RuwEkiJM%2BcihhM5X18%3D&t=4d5b0474&ps=13740610&shp=a5d48078&shcp=81f88b70&idc=useast8,,,21200,3000000,,594,0,82600000,6749373116890629125,abbeyyung,Abbey Yung,https://p16-common-sign.tiktokcdn-us.com/tos-useast5-avt-0068-tx/37f2d5519436eed4af7632474ab085fa~tplv-tiktokx-cropcenter:720:720.jpeg?dr=9640&refresh_token=47317bc0&x-expires=1785031200&x-signature=26gL%2FCtG5RuwEkiJM%2BcihhM5X18%3D&t=4d5b0474&ps=13740610&shp=a5d48078&shcp=81f88b70&idc=useast8,FALSE,https://www.tiktok.com/@abbeyyung,"The Abbey Yung Method™
Certified Trichologist who loves all things beauty
YouTube & Links ⬇️",TRUE,1173,25840,560,,1779996328,2026-05-28T19:25:28.000Z,,,,,,,,,,,,,,,,,,,,,,,,,,,,,97200,2617087625,Soft Retouch,0,scalpcare,abbeyyungmethod,hairloss,hairgrowth,,,,,,,,,,,,,,7645025963461463326,scalpcareroutine,FALSE,FALSE,FALSE,FALSE,,,,,,,,,,,,,,https://p16-common-sign.tiktokcdn-us.com/tos-useast5-avt-0068-tx/37f2d5519436eed4af7632474ab085fa~tplv-tiktokx-cropcenter:720:720.jpeg?dr=9640&refresh_token=47317bc0&x-expires=1785031200&x-signature=26gL%2FCtG5RuwEkiJM%2BcihhM5X18%3D&t=4d5b0474&ps=13740610&shp=a5d48078&shcp=81f88b70&idc=useast5,,Abbey Yung,7645025970827217694,original sound,TRUE,https://p16-common-sign.tiktokcdn-us.com/tos-useast5-avt-0068-tx/37f2d5519436eed4af7632474ab085fa~tplv-tiktokx-cropcenter:720:720.jpeg?dr=9640&refresh_token=47317bc0&x-expires=1785031200&x-signature=26gL%2FCtG5RuwEkiJM%2BcihhM5X18%3D&t=4d5b0474&ps=13740610&shp=a5d48078&shcp=81f88b70&idc=useast5,https://v16m.tiktokcdn-us.com/a891962c42bf87bb2c5009f421eeaa8d/6a631dcd/video/tos/useast5/tos-useast5-v-27dcd7-tx/oMADqEJ5qE65YIsuCDBuYabGFgaQVYfJfUg470/?a=1233&bti=ODszNWYuMDE6&&bt=125&ft=GSDrKInz7Th0_T8GXq8Zmo&mime_type=audio_mpeg&rc=ZWc4OzNmaTc3ZmhnN2RmOkBpMzdtN3E5cmU8OzMzaTU8NEAuXzBhNi9gXjMxX2ItXzM2YSNhXjBiMmQ0YWBhLS1kMTJzcw%3D%3D&vvpl=1&l=20260724020740439440AD22FF13685252&btag=e000d8000,1800000,0,scalpcareroutine,128400000,2183,,"My step by step scalp serum routine that I’ve been doing every night for months now! My goal is to take a bit of extra time to make sure the serum is spread along my scalp as evenly as possible and not getting stuck in my hair. Because whether your goals in using a scalp treatment are decreasing shedding, improving signs of hair loss, promoting hair growth, or just improving the health of your scalp and new hair growth, if most of it is getting stuck in your hair, you’re not going to get the results that you’re looking for! 

#scalpcare #abbeyyungmethod #hairloss #hairgrowth ",en,https://p19-common-sign.tiktokcdn-us.com/tos-useast8-p-0068-tx2/ooIiPhEB6YqcIByASaQIi5Rmz1liDTuiApliV~tplv-tiktokx-origin.image?dr=9636&x-expires=1785031200&x-signature=xSd9LQAea5y54IToZNwsOwD0SKA%3D&t=4d5b0474&ps=13740610&shp=81f88b70&shcp=43f4a2f9&idc=useast5,720p,128,mp4,1280,https://p19-common-sign.tiktokcdn-us.com/tos-useast8-p-0068-tx2/ooIiPhEB6YqcIByASaQIi5Rmz1liDTuiApliV~tplv-tiktokx-origin.image?dr=9636&x-expires=1785031200&x-signature=xSd9LQAea5y54IToZNwsOwD0SKA%3D&t=4d5b0474&ps=13740610&shp=81f88b70&shcp=43f4a2f9&idc=useast5,,https://v16m-webapp.tiktokcdn-us.com/8ccf9b60c90fc278225310424efff4dd/6a656c6d/video/tos/useast8/tos-useast8-v-0068-tx2/c70ecfcb2161404ca4d8d7d37a2ef03e/?a=1988&bti=ODszNWYuMDE6&&bt=11909&ft=4KLMeMzm8Zmo0UhoVa4jVnrZdpWrKsd.&mime_type=video_mp4&rc=MztwaGw5cjU8OzMzaTczNEBpMztwaGw5cjU8OzMzaTczNEBlZmJrMmQ0NGBhLS1kMTJzYSNlZmJrMmQ0NGBhLS1kMTJzcw%3D%3D&l=20260724020740439440AD22FF13685252&btag=e00050000,eng-US,ASR,automatic speech recognition,https://v16m-webapp.tiktokcdn-us.com/8ccf9b60c90fc278225310424efff4dd/6a656c6d/video/tos/useast8/tos-useast8-v-0068-tx2/c70ecfcb2161404ca4d8d7d37a2ef03e/?a=1988&bti=ODszNWYuMDE6&&bt=11909&ft=4KLMeMzm8Zmo0UhoVa4jVnrZdpWrKsd.&mime_type=video_mp4&rc=MztwaGw5cjU8OzMzaTczNEBpMztwaGw5cjU8OzMzaTczNEBlZmJrMmQ0NGBhLS1kMTJzYSNlZmJrMmQ0NGBhLS1kMTJzcw%3D%3D&l=20260724020740439440AD22FF13685252&btag=e00050000,1:big_caption,https://api.apify.com/v2/key-value-stores/KtYoKZfFP9mS0CE5o/records/transcription-abbeyyung-20260528192528-7645025963461463326.txt,720,https://www.tiktok.com/@abbeyyung/video/7645025963461463326
https://p19-common-sign.tiktokcdn-us.com/tos-useast5-avt-0068-tx/48b4df9c6b4cde6bd4358f9dd1148277~tplv-tiktokx-cropcenter:720:720.jpeg?dr=9640&refresh_token=07cf30fe&x-expires=1785031200&x-signature=hULUrzFlrhPxl6%2B2jrnWhkMaM4M%3D&t=4d5b0474&ps=13740610&shp=a5d48078&shcp=81f88b70&idc=useast5,,,202500,554600,,1306,0,18700000,28649218,kimberlycherrell,Kimberly Cherrell,https://p19-common-sign.tiktokcdn-us.com/tos-useast5-avt-0068-tx/48b4df9c6b4cde6bd4358f9dd1148277~tplv-tiktokx-cropcenter:720:720.jpeg?dr=9640&refresh_token=07cf30fe&x-expires=1785031200&x-signature=hULUrzFlrhPxl6%2B2jrnWhkMaM4M%3D&t=4d5b0474&ps=13740610&shp=a5d48078&shcp=81f88b70&idc=useast5,FALSE,https://www.tiktok.com/@kimberlycherrell,"📍 Atlanta
📧 kimberlycherrell@gmail.com",FALSE,1496,1383,56,,1783518591,2026-07-08T13:49:51.000Z,6679354228093715461,queendezeree,Genesis Dezeree$$,https://www.tiktok.com/@6679354228093715461,7270250149931320366,cecred,CÉCRED,https://www.tiktok.com/@7270250149931320366,6780093861286724613,vegamour,VEGAMOUR,https://www.tiktok.com/@6780093861286724613,6702024219062469637,theordinary,The Ordinary,https://www.tiktok.com/@6702024219062469637,,,,,,,,,,,,,2600,2617087625,Soft Retouch,0,,,,,,,,,,,,,,,,,,7660153946786368781,scalpcareroutine,FALSE,FALSE,FALSE,FALSE,,,,,,,@Genesis Dezeree$$,@CÉCRED,@VEGAMOUR,@The Ordinary,,,,https://p19-common-sign.tiktokcdn-us.com/tos-useast5-avt-0068-tx/48b4df9c6b4cde6bd4358f9dd1148277~tplv-tiktokx-cropcenter:720:720.jpeg?dr=9640&refresh_token=07cf30fe&x-expires=1785031200&x-signature=hULUrzFlrhPxl6%2B2jrnWhkMaM4M%3D&t=4d5b0474&ps=13740610&shp=a5d48078&shcp=81f88b70&idc=useast5,,Kimberly Cherrell,7660153999802305293,original sound,TRUE,https://p19-common-sign.tiktokcdn-us.com/tos-useast5-avt-0068-tx/48b4df9c6b4cde6bd4358f9dd1148277~tplv-tiktokx-cropcenter:720:720.jpeg?dr=9640&refresh_token=07cf30fe&x-expires=1785031200&x-signature=hULUrzFlrhPxl6%2B2jrnWhkMaM4M%3D&t=4d5b0474&ps=13740610&shp=a5d48078&shcp=81f88b70&idc=useast5,https://v16m.tiktokcdn-us.com/f29b6e09966638d9f209095685321f3f/6a631e11/video/tos/useast5/tos-useast5-v-27dcd7-tx/oEagVAJW3EvCG1EAk4YiUg05BvM9BAiOlRBAV/?a=1233&bti=ODszNWYuMDE6&&bt=125&ft=GSDrKInz7Th0_T8GXq8Zmo&mime_type=audio_mpeg&rc=Mzltb285cjM4PDMzZzU8NEBpMzltb285cjM4PDMzZzU8NEAzbmprMmRrXzRhLS1kMS9zYSMzbmprMmRrXzRhLS1kMS9zcw%3D%3D&vvpl=1&l=20260724020740439440AD22FF13685252&btag=e00058000,24600,0,scalpcareroutine,128400000,147,,"Replying to @Genesis Dezeree$$ Here is my scalp care routine 😊 

~PEPTIDES~
@CÉCRED edge drops OR
@VEGAMOUR Gro hair serum 

~HUMECTANT~
@The Ordinary 

~SEALANT~
The Ordinary: Squalane oil 
Sulfur 8 ",en,https://p16-common-sign.tiktokcdn-us.com/tos-useast5-p-0068-tx/oss2fABT7VBDXiR9qO8eVASEgEDOCb0IAA1lix~tplv-tiktokx-dmt-logom:tos-useast5-i-0068-tx/oUlE7TABGFzqACSAeqy9RJgAVEEtfDzDIOVX1w.image?dr=9634&x-expires=1785031200&x-signature=RHSeoWURyMgNZjmlToHTQGkuWcA%3D&t=4d5b0474&ps=13740610&shp=81f88b70&shcp=43f4a2f9&idc=useast5,720p,196,mp4,1280,https://p16-common-sign.tiktokcdn-us.com/tos-useast5-p-0068-tx/oss2fABT7VBDXiR9qO8eVASEgEDOCb0IAA1lix~tplv-tiktokx-dmt-logom:tos-useast5-i-0068-tx/oUlE7TABGFzqACSAeqy9RJgAVEEtfDzDIOVX1w.image?dr=9634&x-expires=1785031200&x-signature=RHSeoWURyMgNZjmlToHTQGkuWcA%3D&t=4d5b0474&ps=13740610&shp=81f88b70&shcp=43f4a2f9&idc=useast5,,https://v16m-webapp.tiktokcdn-us.com/4990d668d40e60eb959f306428ea8dd1/6a656cb2/video/tos/useast5/tos-useast5-v-0068-tx/a6b2d3177bbe4317a5839d6c3b2415c3/?a=1988&bti=ODszNWYuMDE6&&bt=7880&ft=4KLMeMzm8Zmo08hoVa4jVnrZdpWrKsd.&mime_type=video_mp4&rc=M3F5ZGw5cmQ4PDMzZzczNEBpM3F5ZGw5cmQ4PDMzZzczNEA1bWxyMmRrMzRhLS1kMS9zYSM1bWxyMmRrMzRhLS1kMS9zcw%3D%3D&l=20260724020740439440AD22FF13685252&btag=e00050000,eng-US,ASR,automatic speech recognition,https://v16m-webapp.tiktokcdn-us.com/4990d668d40e60eb959f306428ea8dd1/6a656cb2/video/tos/useast5/tos-useast5-v-0068-tx/a6b2d3177bbe4317a5839d6c3b2415c3/?a=1988&bti=ODszNWYuMDE6&&bt=7880&ft=4KLMeMzm8Zmo08hoVa4jVnrZdpWrKsd.&mime_type=video_mp4&rc=M3F5ZGw5cmQ4PDMzZzczNEBpM3F5ZGw5cmQ4PDMzZzczNEA1bWxyMmRrMzRhLS1kMS9zYSM1bWxyMmRrMzRhLS1kMS9zcw%3D%3D&l=20260724020740439440AD22FF13685252&btag=e00050000,1:big_caption,https://api.apify.com/v2/key-value-stores/KtYoKZfFP9mS0CE5o/records/transcription-kimberlych-20260708134951-7660153946786368781.txt,720,https://www.tiktok.com/@kimberlycherrell/video/7660153946786368781
https://p16-common-sign.tiktokcdn-us.com/tos-maliva-avt-0068/fbac1530402711c3d3365d8c17ca3433~tplv-tiktokx-cropcenter:720:720.jpeg?dr=9640&refresh_token=2cdb0d90&x-expires=1785031200&x-signature=2M5dvF18EsJRCl3NBEebQ9pciso%3D&t=4d5b0474&ps=13740610&shp=a5d48078&shcp=81f88b70&idc=useast5,,,56400,395400,,451,0,11500000,6726171601530422278,lavish_krish,Krishna,https://p16-common-sign.tiktokcdn-us.com/tos-maliva-avt-0068/fbac1530402711c3d3365d8c17ca3433~tplv-tiktokx-cropcenter:720:720.jpeg?dr=9640&refresh_token=2cdb0d90&x-expires=1785031200&x-signature=2M5dvF18EsJRCl3NBEebQ9pciso%3D&t=4d5b0474&ps=13740610&shp=a5d48078&shcp=81f88b70&idc=useast5,FALSE,https://www.tiktok.com/@lavish_krish,"Self care is my hobby 💕📍Toronto 🇨🇦
pr@lavishkrish.com
👇🏼Hair Guide👇🏼",FALSE,874,948,18,,1776107152,2026-04-13T19:05:52.000Z,6800118756607476741,amazon,Amazon,https://www.tiktok.com/@6800118756607476741,6823803488012846086,biolage,BIOLAGE,https://www.tiktok.com/@6823803488012846086,6892088792086299650,garniercan,Garnier Canada,https://www.tiktok.com/@6892088792086299650,6895795665025860610,kerastase.official,Kérastase,https://www.tiktok.com/@6895795665025860610,6826754215660356613,lorealpro,L’Oréal Professionnel,https://www.tiktok.com/@6826754215660356613,6857567711506056198,fhiheat,FHI HEAT,https://www.tiktok.com/@6857567711506056198,,,,,2238,2617087625,Soft Retouch,0,,,,,,,scalpcare,scalpdetox,hairwashday,hairmask,haircare,,,,,,,7628322075605863700,scalpcareroutine,FALSE,FALSE,FALSE,FALSE,,,,,,,@Amazon,@BIOLAGE,@Garnier Canada,@Kérastase,@L’Oréal Professionnel,@FHI HEAT,,https://p16-common-sign.tiktokcdn-us.com/tos-maliva-avt-0068/fbac1530402711c3d3365d8c17ca3433~tplv-tiktokx-cropcenter:720:720.jpeg?dr=9640&refresh_token=2cdb0d90&x-expires=1785031200&x-signature=2M5dvF18EsJRCl3NBEebQ9pciso%3D&t=4d5b0474&ps=13740610&shp=a5d48078&shcp=81f88b70&idc=useast5,,Krishna,7628322137790548754,original sound,TRUE,https://p16-common-sign.tiktokcdn-us.com/tos-maliva-avt-0068/fbac1530402711c3d3365d8c17ca3433~tplv-tiktokx-cropcenter:720:720.jpeg?dr=9640&refresh_token=2cdb0d90&x-expires=1785031200&x-signature=2M5dvF18EsJRCl3NBEebQ9pciso%3D&t=4d5b0474&ps=13740610&shp=a5d48078&shcp=81f88b70&idc=useast5,https://v16m.tiktokcdn-us.com/2f700355b153ae0c7d4c83e9b6efd4f3/6a631da0/video/tos/alisg/tos-alisg-v-27dcd7/ooZdEpQX0EoAKAA5PA7iCD9iEoBAtPB2JwfLpE/?a=1233&bti=ODszNWYuMDE6&&bt=125&ft=GSDrKInz7Th0_T8GXq8Zmo&mime_type=audio_mpeg&rc=M3M2a3M5cjdtOjMzODU8NEBpM3M2a3M5cjdtOjMzODU8NEA1YDJqMmRzcWJhLS1kMS1zYSM1YDJqMmRzcWJhLS1kMS1zcw%3D%3D&vvpl=1&l=20260724020740439440AD22FF13685252&btag=e00050000,59000,0,scalpcareroutine,128400000,79,,"I had so much product buildup from styling my hair a lot last week 😩 so this scalp detox routine was much needed ✨ I have been using this homemade hair mask for years and it really helps with product buildup, flaky and itchy scalps. If you have dandruff this works wonders for it as well 🩷 All products used are linked on my LTK store in bio! 
@Amazon applicator bottle also linked on my Amazon storefront 
@BIOLAGE scalp sync shampoo 
@Garnier Canada honey water whole blends shampoo and conditioner 
@Kérastase symbiose scalp serum 
Garnier whole blends honey milk leave in conditioner
@L’Oréal Professionnel absolut repair oil 
@FHI HEAT unbrush hairbrush 
.
Scalp detox routine 
Hair clarifying routine 
How to get rid of flaky scalp 
How to remove product buildup 

#scalpcare #scalpdetox #hairwashday #hairmask #haircare ",en,https://p16-common-sign.tiktokcdn-us.com/tos-alisg-p-0037/oIPCyiBBwSABV9zifA0IAAA9Eldpo7IrpG0DJO~tplv-tiktokx-origin.image?dr=9636&x-expires=1785031200&x-signature=dym0KK8xn5hKsMWP1p02FkeCUFU%3D&t=4d5b0474&ps=13740610&shp=81f88b70&shcp=43f4a2f9&idc=useast5,540p,83,mp4,1024,https://p16-common-sign.tiktokcdn-us.com/tos-alisg-p-0037/oIPCyiBBwSABV9zifA0IAAA9Eldpo7IrpG0DJO~tplv-tiktokx-origin.image?dr=9636&x-expires=1785031200&x-signature=dym0KK8xn5hKsMWP1p02FkeCUFU%3D&t=4d5b0474&ps=13740610&shp=81f88b70&shcp=43f4a2f9&idc=useast5,,https://v16m-webapp.tiktokcdn-us.com/5a15183780c5b427113e2b3c7695a777/6a656c41/video/tos/alisg/tos-alisg-pv-0037/dbefa3b18160481294702323f0bd882f/?a=1988&bti=ODszNWYuMDE6&&bt=2606&ft=4KLMeMzm8Zmo08hoVa4jVnrZdpWrKsd.&mime_type=video_mp4&rc=anI4NHc5cjRtOjMzODczNEBpanI4NHc5cjRtOjMzODczNEBqMm9uMmRrb2JhLS1kMTFzYSNqMm9uMmRrb2JhLS1kMTFzcw%3D%3D&l=20260724020740439440AD22FF13685252&btag=e00050000,eng-US,ASR,automatic speech recognition,https://v16m-webapp.tiktokcdn-us.com/5a15183780c5b427113e2b3c7695a777/6a656c41/video/tos/alisg/tos-alisg-pv-0037/dbefa3b18160481294702323f0bd882f/?a=1988&bti=ODszNWYuMDE6&&bt=2606&ft=4KLMeMzm8Zmo08hoVa4jVnrZdpWrKsd.&mime_type=video_mp4&rc=anI4NHc5cjRtOjMzODczNEBpanI4NHc5cjRtOjMzODczNEBqMm9uMmRrb2JhLS1kMTFzYSNqMm9uMmRrb2JhLS1kMTFzcw%3D%3D&l=20260724020740439440AD22FF13685252&btag=e00050000,1:whisper_lid,https://api.apify.com/v2/key-value-stores/KtYoKZfFP9mS0CE5o/records/transcription-lavish_kri-20260413190552-7628322075605863700.txt,576,https://www.tiktok.com/@lavish_krish/video/7628322075605863700
https://p19-common-sign.tiktokcdn-us.com/tos-alisg-avt-0068/818a4a5fd29c84c18bb09907eb7f6e05~tplv-tiktokx-cropcenter:720:720.jpeg?dr=9640&refresh_token=9fcba693&x-expires=1785031200&x-signature=boYGl9IqV2DCR5qW8JtL83sOS9w%3D&t=4d5b0474&ps=13740610&shp=a5d48078&shcp=81f88b70&idc=useast8,,,2684,8523,,286,0,197000,6960464768344785921,grahamsnatural,Grahams Natural,https://p19-common-sign.tiktokcdn-us.com/tos-alisg-avt-0068/818a4a5fd29c84c18bb09907eb7f6e05~tplv-tiktokx-cropcenter:720:720.jpeg?dr=9640&refresh_token=9fcba693&x-expires=1785031200&x-signature=boYGl9IqV2DCR5qW8JtL83sOS9w%3D&t=4d5b0474&ps=13740610&shp=a5d48078&shcp=81f88b70&idc=useast8,FALSE,https://www.tiktok.com/@grahamsnatural,"Skincare for sensitive skin 🍃
Australian Family Owned & Made 🇦🇺",FALSE,928,117,7,,1775791193,2026-04-10T03:19:53.000Z,,,,,,,,,,,,,,,,,,,,,,,,,,,,,269,2617087625,Soft Retouch,0,seborrheicdermatitis,dandruff,scalp,scalpcare,dandruffsolution,,,,,,,,,,,,,7626965071440235783,scalpcareroutine,FALSE,FALSE,FALSE,FALSE,,,,,,,,,,,,,,https://p19-common-sign.tiktokcdn-us.com/tos-useast5-avt-0068-tx/7345338731701731371~tplv-tiktokx-cropcenter:720:720.jpeg?dr=9640&refresh_token=da423f2e&x-expires=1785031200&x-signature=GF9ptWW%2Fw5UBg%2FuvDYYTa7dUyb0%3D&t=4d5b0474&ps=13740610&shp=a5d48078&shcp=81f88b70&idc=useast5,,Grayson McFarlin,7620820151377595166,original sound,TRUE,https://p19-common-sign.tiktokcdn-us.com/tos-useast5-avt-0068-tx/7345338731701731371~tplv-tiktokx-cropcenter:720:720.jpeg?dr=9640&refresh_token=da423f2e&x-expires=1785031200&x-signature=GF9ptWW%2Fw5UBg%2FuvDYYTa7dUyb0%3D&t=4d5b0474&ps=13740610&shp=a5d48078&shcp=81f88b70&idc=useast5,https://v16m.tiktokcdn-us.com/96b68369bb790d585ee1b05c17c53eea/6a631d66/video/tos/useast8/tos-useast8-v-27dcd7-tx2/o0EAeXlhEFeoS8qTT8tCIn6m6EEuEAFCADAhfD/?a=1233&bti=ODszNWYuMDE6&&bt=125&ft=GSDrKInz7Th0_T8GXq8Zmo&mime_type=audio_mpeg&rc=anFkaXg5cjs8OjMzaTU8NEBpanFkaXg5cjs8OjMzaTU8NEBqYmsuMmRjYy5hLS1kMTJzYSNqYmsuMmRjYy5hLS1kMTJzcw%3D%3D&vvpl=1&l=20260724020740439440AD22FF13685252&btag=e00078000,59800,0,scalpcareroutine,128400000,68,,"From a scalp that looked like this all the time - to this in 1 night 🤯 Here's the routine that actually works for seborrhoeic dermatitis and chronic dandruff.
Start with the Scalp Relief Oil applied directly to dry hair and scalp - massaging it through from root to tip. Then apply the Scalp Relief Cream directly onto any flaky or scaly spots and leave it to absorb. Leave both on for a minimum of an hour or overnight if you can. Then cleanse with the Scalp Relief Shampoo to wash it all out.
The science behind it - the oil works by softening and loosening built up scale on the scalp while the active ingredients from the cream work to target the flaky spots directly. And the shampoo cleanses without stripping the scalp of what it needs. Most dandruff shampoos are so harsh they leave the scalp more aggravated than before - this one doesn't.
Consistency is everything with scalp conditions. One night you'll see a difference - but doing this regularly is what keeps it from coming back. #seborrheicdermatitis #dandruff #scalp #scalpcare #dandruffsolution ",en,https://p19-common-sign.tiktokcdn-us.com/tos-alisg-p-0037/oMbGpBQzpLDvgBAXQ2nEBmcY2cFFR24EY3S8fe~tplv-tiktokx-origin.image?dr=9636&x-expires=1785031200&x-signature=5qxjvxleeMQ2W45GKbziqENnxW8%3D&t=4d5b0474&ps=13740610&shp=81f88b70&shcp=43f4a2f9&idc=useast5,540p,8,mp4,1024,https://p19-common-sign.tiktokcdn-us.com/tos-alisg-p-0037/oMbGpBQzpLDvgBAXQ2nEBmcY2cFFR24EY3S8fe~tplv-tiktokx-origin.image?dr=9636&x-expires=1785031200&x-signature=5qxjvxleeMQ2W45GKbziqENnxW8%3D&t=4d5b0474&ps=13740610&shp=81f88b70&shcp=43f4a2f9&idc=useast5,,,,,,,,https://api.apify.com/v2/key-value-stores/KtYoKZfFP9mS0CE5o/records/transcription-grahamsnat-20260410031953-7626965071440235783.txt,576,https://www.tiktok.com/@grahamsnatural/video/7626965071440235783
https://p16-common-sign.tiktokcdn-us.com/tos-useast8-avt-0068-tx2/8b8df222865caa8992d662468c8cfd97~tplv-tiktokx-cropcenter:720:720.jpeg?dr=9640&refresh_token=fbddb080&x-expires=1785031200&x-signature=Bc1rroRO7WcC8kMKL%2FM6cqxb8cA%3D&t=4d5b0474&ps=13740610&shp=a5d48078&shcp=81f88b70&idc=useast5,,,3333,14400,,9185,0,27200,7318234921725330475,sunshine__steph,☀️Sunshine Steph🌻,https://p16-common-sign.tiktokcdn-us.com/tos-useast8-avt-0068-tx2/8b8df222865caa8992d662468c8cfd97~tplv-tiktokx-cropcenter:720:720.jpeg?dr=9640&refresh_token=fbddb080&x-expires=1785031200&x-signature=Bc1rroRO7WcC8kMKL%2FM6cqxb8cA%3D&t=4d5b0474&ps=13740610&shp=a5d48078&shcp=81f88b70&idc=useast5,FALSE,https://www.tiktok.com/@sunshine__steph,"🛍️ Busy mom must-haves 🛍️
Home • Pet • Wellness and Beauty",FALSE,1591,2,0,,1783207168,2026-07-04T23:19:28.000Z,,,,,,,,,,,,,,,,,,,,,,,,,,,,,8,2617087625,Soft Retouch,0,divipartner,healthyscalp,haircareroutine,hairgrowthjourney,scalpcare,,,,,,,,,,,,,7658816393290190111,scalpcareroutine,TRUE,FALSE,FALSE,TRUE,,,,,,,,,,,,,,https://p16-common-sign.tiktokcdn-us.com/tos-useast8-avt-0068-tx2/8b8df222865caa8992d662468c8cfd97~tplv-tiktokx-cropcenter:720:720.jpeg?dr=9640&refresh_token=fbddb080&x-expires=1785031200&x-signature=Bc1rroRO7WcC8kMKL%2FM6cqxb8cA%3D&t=4d5b0474&ps=13740610&shp=a5d48078&shcp=81f88b70&idc=useast5,,☀️Sunshine Steph🌻,7658816398809910047,original sound,TRUE,https://p16-common-sign.tiktokcdn-us.com/tos-useast8-avt-0068-tx2/8b8df222865caa8992d662468c8cfd97~tplv-tiktokx-cropcenter:720:720.jpeg?dr=9640&refresh_token=fbddb080&x-expires=1785031200&x-signature=Bc1rroRO7WcC8kMKL%2FM6cqxb8cA%3D&t=4d5b0474&ps=13740610&shp=a5d48078&shcp=81f88b70&idc=useast5,https://v16m.tiktokcdn-us.com/cab7e960b5f2caf75e236d0dea8f6bca/6a631d70/video/tos/useast8/tos-useast8-v-27dcd7-tx2/ooAajAmuBJVVAQAaiiJvkEEdy1lcA0lBTACLR/?a=1233&bti=ODszNWYuMDE6&&bt=125&ft=GSDrKInz7Th0_T8GXq8Zmo&mime_type=audio_mpeg&rc=am1xOmw5cjNzPDMzaTU8NEBpam1xOmw5cjNzPDMzaTU8NEAyNTNhMmRrXjFhLS1kMTJzYSMyNTNhMmRrXjFhLS1kMTJzcw%3D%3D&vvpl=1&l=20260724020740439440AD22FF13685252&btag=e000d0000,593,0,scalpcareroutine,128400000,2,,Don’t Skip Your Scalp! Healthy hair doesn’t just happen—it starts at the scalp. 💚 A few seconds a day can become one of the easiest self-care habits in your routine. #DiviPartner #HealthyScalp #HairCareRoutine #HairGrowthJourney #ScalpCare  ,en,https://p16-common-sign.tiktokcdn-us.com/tos-useast8-p-0068-tx2/owDJxVNrIBlSWIEIQfRlEVfElQSgZAmyEkAnFq~tplv-tiktokx-dmt-logom:tos-useast8-i-0068-tx2/oAzsAJTiZfEySAPqAVAIRlpi2fBC89EVEBCCAA.image?dr=9634&x-expires=1785031200&x-signature=7H%2BUJsV4xOpOzC4tJYq4aUBzCZM%3D&t=4d5b0474&ps=13740610&shp=81f88b70&shcp=43f4a2f9&idc=useast5,720p,35,mp4,1280,https://p16-common-sign.tiktokcdn-us.com/tos-useast8-p-0068-tx2/owDJxVNrIBlSWIEIQfRlEVfElQSgZAmyEkAnFq~tplv-tiktokx-dmt-logom:tos-useast8-i-0068-tx2/oAzsAJTiZfEySAPqAVAIRlpi2fBC89EVEBCCAA.image?dr=9634&x-expires=1785031200&x-signature=7H%2BUJsV4xOpOzC4tJYq4aUBzCZM%3D&t=4d5b0474&ps=13740610&shp=81f88b70&shcp=43f4a2f9&idc=useast5,,https://v16m-webapp.tiktokcdn-us.com/8f31c869b5db6c492654e639cda4a107/6a656c11/video/tos/useast8/tos-useast8-v-0068-tx2/774775b4ee8e4bc5bc5bce16b97159d6/?a=1988&bti=ODszNWYuMDE6&&bt=6929&ft=4KLMeMzm8Zmo08hoVa4jVnrZdpWrKsd.&mime_type=video_mp4&rc=Mzl0Znk5cmRzPDMzaTczNEBpMzl0Znk5cmRzPDMzaTczNEBkX2ZmMmRzNTFhLS1kMTJzYSNkX2ZmMmRzNTFhLS1kMTJzcw%3D%3D&l=20260724020740439440AD22FF13685252&btag=e00050000,eng-US,ASR,automatic speech recognition,https://v16m-webapp.tiktokcdn-us.com/8f31c869b5db6c492654e639cda4a107/6a656c11/video/tos/useast8/tos-useast8-v-0068-tx2/774775b4ee8e4bc5bc5bce16b97159d6/?a=1988&bti=ODszNWYuMDE6&&bt=6929&ft=4KLMeMzm8Zmo08hoVa4jVnrZdpWrKsd.&mime_type=video_mp4&rc=Mzl0Znk5cmRzPDMzaTczNEBpMzl0Znk5cmRzPDMzaTczNEBkX2ZmMmRzNTFhLS1kMTJzYSNkX2ZmMmRzNTFhLS1kMTJzcw%3D%3D&l=20260724020740439440AD22FF13685252&btag=e00050000,1:big_caption,https://api.apify.com/v2/key-value-stores/KtYoKZfFP9mS0CE5o/records/transcription-sunshine__-20260704231928-7658816393290190111.txt,720,https://www.tiktok.com/@sunshine__steph/video/7658816393290190111
https://p16-common-sign.tiktokcdn-us.com/tos-alisg-avt-0068/97350d4ae61c29634c15e3bcf8364de6~tplv-tiktokx-cropcenter:720:720.jpeg?dr=9640&refresh_token=c20a2a28&x-expires=1785031200&x-signature=beHIltE2ezjcTDp7REQnyqUveM8%3D&t=4d5b0474&ps=13740610&shp=a5d48078&shcp=81f88b70&idc=useast5,,,152,72800,,148,0,2200000,7216189430053487621,vidalabsau,vidalabsau,https://p16-common-sign.tiktokcdn-us.com/tos-alisg-avt-0068/97350d4ae61c29634c15e3bcf8364de6~tplv-tiktokx-cropcenter:720:720.jpeg?dr=9640&refresh_token=c20a2a28&x-expires=1785031200&x-signature=beHIltE2ezjcTDp7REQnyqUveM8%3D&t=4d5b0474&ps=13740610&shp=a5d48078&shcp=81f88b70&idc=useast5,FALSE,https://www.tiktok.com/@vidalabsau,"We Formulate Cosmetics🧪
Cosmetic Innovation Formulator & Contract Manufacturer",FALSE,291,938,14,,1715576053,2024-05-13T04:54:13.000Z,,,,,,,,,,,,,,,,,,,,,,,,,,,,,1371,2617087625,Soft Retouch,0,scalpcare,scalp,hairtok,haircare,hairgrowth,scalpscrub,,,,,,,,,,,,7368343008976145671,scalpcareroutine,FALSE,FALSE,FALSE,FALSE,,,,,,,,,,,,,,https://p16-common-sign.tiktokcdn-us.com/tos-alisg-avt-0068/97350d4ae61c29634c15e3bcf8364de6~tplv-tiktokx-cropcenter:720:720.jpeg?dr=9640&refresh_token=c20a2a28&x-expires=1785031200&x-signature=beHIltE2ezjcTDp7REQnyqUveM8%3D&t=4d5b0474&ps=13740610&shp=a5d48078&shcp=81f88b70&idc=useast5,,vidalabsau,7368343054660651792,original sound,TRUE,https://p16-common-sign.tiktokcdn-us.com/tos-alisg-avt-0068/97350d4ae61c29634c15e3bcf8364de6~tplv-tiktokx-cropcenter:720:720.jpeg?dr=9640&refresh_token=c20a2a28&x-expires=1785031200&x-signature=beHIltE2ezjcTDp7REQnyqUveM8%3D&t=4d5b0474&ps=13740610&shp=a5d48078&shcp=81f88b70&idc=useast5,https://v16m.tiktokcdn-us.com/1bc58518c60c28cb5bf395eccdd6a513/6a631d86/video/tos/useast5/tos-useast5-v-27dcd7c799-tx/oENAIDELhQAYETAAnKogYnQze8czGe9CgfUMJG/?a=1233&bti=ODszNWYuMDE6&&bt=125&ft=GSDrKInz7Th0_T8GXq8Zmo&mime_type=audio_mpeg&rc=anBndnA5cnhzczMzODU8NEBpanBndnA5cnhzczMzODU8NEA0ZGYxMmRjbS1gLS1kMS1zYSM0ZGYxMmRjbS1gLS1kMS1zcw%3D%3D&vvpl=1&l=20260724020740439440AD22FF13685252&btag=e00050000,59400,0,scalpcareroutine,128400000,71,,The ultimate scalp care routine for healthy hair growth 🙌🏽 #scalpcare #scalp #hairtok #haircare #hairgrowth #scalpscrub ,en,https://p16-common-sign.tiktokcdn-us.com/tos-alisg-p-0037/oI6hAVB6VBYXAu1ihIPBPHVc0kmnEAGiEiZG2~tplv-tiktokx-dmt-logom:tos-alisg-i-0068/ooYn1AoMMEcC7WeWQAAzfAQ4ID9G8gjA1jgeEp.image?dr=9634&x-expires=1785031200&x-signature=YfgRJb5iaErjpLev38gq2N%2FTqHU%3D&t=4d5b0474&ps=13740610&shp=81f88b70&shcp=43f4a2f9&idc=useast5,540p,57,mp4,1024,https://p16-common-sign.tiktokcdn-us.com/tos-alisg-p-0037/oI6hAVB6VBYXAu1ihIPBPHVc0kmnEAGiEiZG2~tplv-tiktokx-dmt-logom:tos-alisg-i-0068/ooYn1AoMMEcC7WeWQAAzfAQ4ID9G8gjA1jgeEp.image?dr=9634&x-expires=1785031200&x-signature=YfgRJb5iaErjpLev38gq2N%2FTqHU%3D&t=4d5b0474&ps=13740610&shp=81f88b70&shcp=43f4a2f9&idc=useast5,,https://v16m-webapp.tiktokcdn-us.com/e32e9b1df7ef926d7b00e94a11e2f65b/6a656c27/video/tos/alisg/tos-alisg-pv-0037/7a30a5e1ab1a4dbfabd3a3f92c0c2d08/?a=1988&bti=ODszNWYuMDE6&&bt=841&ft=4KLMeMzm8Zmo08hoVa4jVnrZdpWrKsd.&mime_type=video_mp4&rc=anQ7d285cm9zczMzODczNEBpanQ7d285cm9zczMzODczNEAwYTRkMmQ0bC1gLS1kMTFzYSMwYTRkMmQ0bC1gLS1kMTFzcw%3D%3D&l=20260724020740439440AD22FF13685252&btag=e00050000,eng-US,ASR,automatic speech recognition,https://v16m-webapp.tiktokcdn-us.com/e32e9b1df7ef926d7b00e94a11e2f65b/6a656c27/video/tos/alisg/tos-alisg-pv-0037/7a30a5e1ab1a4dbfabd3a3f92c0c2d08/?a=1988&bti=ODszNWYuMDE6&&bt=841&ft=4KLMeMzm8Zmo08hoVa4jVnrZdpWrKsd.&mime_type=video_mp4&rc=anQ7d285cm9zczMzODczNEBpanQ7d285cm9zczMzODczNEAwYTRkMmQ0bC1gLS1kMTFzYSMwYTRkMmQ0bC1gLS1kMTFzcw%3D%3D&l=20260724020740439440AD22FF13685252&btag=e00050000,1:whisper_lid,https://api.apify.com/v2/key-value-stores/KtYoKZfFP9mS0CE5o/records/transcription-vidalabsau-20240513045413-7368343008976145671.txt,576,https://www.tiktok.com/@vidalabsau/video/7368343008976145671
https://p16-common-sign.tiktokcdn-us.com/tos-alisg-avt-0068/165a20a765f3563b98bd486203099cd1~tplv-tiktokx-cropcenter:720:720.jpeg?dr=9640&refresh_token=d3bfd5f2&x-expires=1785031200&x-signature=EPsywoDjFdWaWKh3d5qk5vWBQ2Y%3D&t=4d5b0474&ps=13740610&shp=a5d48078&shcp=81f88b70&idc=useast8,,,354,1300000,,126,0,15600000,7557276577806730257,sasainseoul,sasa,https://p16-common-sign.tiktokcdn-us.com/tos-alisg-avt-0068/165a20a765f3563b98bd486203099cd1~tplv-tiktokx-cropcenter:720:720.jpeg?dr=9640&refresh_token=d3bfd5f2&x-expires=1785031200&x-signature=EPsywoDjFdWaWKh3d5qk5vWBQ2Y%3D&t=4d5b0474&ps=13740610&shp=a5d48078&shcp=81f88b70&idc=useast8,FALSE,https://www.tiktok.com/@sasainseoul,"Your Korean big sis unnie is back ✨
YesStyle code : SASASEOUL44

📨 sasastudio25@gmail.com 
📧 sasa@starlinemgmt.com",FALSE,187,5339,104,,1781536915,2026-06-15T15:21:55.000Z,7612934228712326160,drforhair.global,Dr.FORHAIR,https://www.tiktok.com/@7612934228712326160,,,,,,,,,,,,,,,,,,,,,,,,,16700,2617087625,Soft Retouch,0,,drforhair,folligenshampoo,folligenserum,hairloss,hairgrowth,,,,,,,,,,,,7651642764525899028,scalpcareroutine,TRUE,FALSE,FALSE,FALSE,,,,,,,@Dr.FORHAIR,,,,,,,https://p16-common.tiktokcdn-us.com/tos-alisg-v-2774/21ebc5fa64514d34b1af12efb1dcd385~tplv-tiktokx-cropcenter:200:200.jpeg?dr=9584&t=4d5b0474&ps=933b5bde&shp=08d74b56&shcp=81f88b70&idc=useast5,,TAKANORI ONDA,7146290607604893697,Idyllic jazz bossa nova with piano and guitar(1298871),FALSE,https://p16-common.tiktokcdn-us.com/tos-alisg-v-2774/21ebc5fa64514d34b1af12efb1dcd385~tplv-tiktokx-cropcenter:200:200.jpeg?dr=9584&t=4d5b0474&ps=933b5bde&shp=08d74b56&shcp=81f88b70&idc=useast5,https://sf19.tiktokcdn-us.com/obj/tos-alisg-ve-2774/ee42782997e942df98a95f9f8c2867c0,175200,0,scalpcareroutine,128400000,702,,"Korean hair care routine

This is my go-to shampoo and my real remedies ! This is partnered with @Dr.FORHAIR 

[product recomendation]
Folligen Thickening Shampoo
Folligen Thickening Serum

These are on Dr.for hair TikTok shop and now it is offering an additional up 30% launch discount for a limited time so don’t miss it!

#drforhair#folligenshampoo#folligenserum#hairloss#hairgrowth",en,https://p16-common-sign.tiktokcdn-us.com/tos-alisg-p-0037/oYseAwiEBOEzMAIqAYAIRGkFdfAmw6EcBDBCgg~tplv-tiktokx-origin.image?dr=9636&x-expires=1785031200&x-signature=etu%2Bl2ddzh4kqu5Wht4SeMzvYuo%3D&t=4d5b0474&ps=13740610&shp=81f88b70&shcp=43f4a2f9&idc=useast5,540p,142,mp4,1024,https://p16-common-sign.tiktokcdn-us.com/tos-alisg-p-0037/oYseAwiEBOEzMAIqAYAIRGkFdfAmw6EcBDBCgg~tplv-tiktokx-origin.image?dr=9636&x-expires=1785031200&x-signature=etu%2Bl2ddzh4kqu5Wht4SeMzvYuo%3D&t=4d5b0474&ps=13740610&shp=81f88b70&shcp=43f4a2f9&idc=useast5,,https://v16m-webapp.tiktokcdn-us.com/c3ee3291fa115e198f96ea9f54eec42b/6a656c7b/video/tos/alisg/tos-alisg-pv-0037/5cb09c4d783d49ab8c056b111d7f7f31/?a=1988&bti=ODszNWYuMDE6&&bt=4698&ft=4KLMeMzm8Zmo0UhoVa4jVnrZdpWrKsd.&mime_type=video_mp4&rc=M3hnOmw5cjk0OzMzODczNEBpM3hnOmw5cjk0OzMzODczNEBlZHIxMmRjX2xhLS1kMTFzYSNlZHIxMmRjX2xhLS1kMTFzcw%3D%3D&l=20260724020740439440AD22FF13685252&btag=e00050000,eng-US,ASR,automatic speech recognition,https://v16m-webapp.tiktokcdn-us.com/c3ee3291fa115e198f96ea9f54eec42b/6a656c7b/video/tos/alisg/tos-alisg-pv-0037/5cb09c4d783d49ab8c056b111d7f7f31/?a=1988&bti=ODszNWYuMDE6&&bt=4698&ft=4KLMeMzm8Zmo0UhoVa4jVnrZdpWrKsd.&mime_type=video_mp4&rc=M3hnOmw5cjk0OzMzODczNEBpM3hnOmw5cjk0OzMzODczNEBlZHIxMmRjX2xhLS1kMTFzYSNlZHIxMmRjX2xhLS1kMTFzcw%3D%3D&l=20260724020740439440AD22FF13685252&btag=e00050000,1:big_caption,https://api.apify.com/v2/key-value-stores/KtYoKZfFP9mS0CE5o/records/transcription-sasainseou-20260615152155-7651642764525899028.txt,576,https://www.tiktok.com/@sasainseoul/video/7651642764525899028
https://p16-common-sign.tiktokcdn-us.com/tos-alisg-avt-0068/d340a227b72a3707e53c7f74f304817f~tplv-tiktokx-cropcenter:720:720.jpeg?dr=9640&refresh_token=c9095438&x-expires=1785031200&x-signature=X7qF%2Fhnp3iZ79GsGuY%2Bmz58vw6w%3D&t=4d5b0474&ps=13740610&shp=a5d48078&shcp=81f88b70&idc=useast5,,,5903,128700,,235,0,3800000,7012269249297662981,tashthemillionaire,TashTheMillionaire,https://p16-common-sign.tiktokcdn-us.com/tos-alisg-avt-0068/d340a227b72a3707e53c7f74f304817f~tplv-tiktokx-cropcenter:720:720.jpeg?dr=9640&refresh_token=c9095438&x-expires=1785031200&x-signature=X7qF%2Fhnp3iZ79GsGuY%2Bmz58vw6w%3D&t=4d5b0474&ps=13740610&shp=a5d48078&shcp=81f88b70&idc=useast5,FALSE,https://www.tiktok.com/@tashthemillionaire,"📧 info@tashthemillionaire.com
Food | Lifestyle/Beauty | Travel",FALSE,1168,224,24,,1768229763,2026-01-12T14:56:03.000Z,6961067698340774918,hamilme937,Andrea Hamilton937,https://www.tiktok.com/@6961067698340774918,,,,,,,,,,,,,,,,,,,,,,,,,964,2617087625,Soft Retouch,0,,showerroutine,torontobeautyblogger,beautyroutine,baldwomen,baldgirl,,,,,,,,,,,,7594488949100563732,scalpcareroutine,FALSE,FALSE,FALSE,FALSE,,,,,,,@Andrea Hamilton937,,,,,,,https://p16-common-sign.tiktokcdn-us.com/tos-alisg-avt-0068/d340a227b72a3707e53c7f74f304817f~tplv-tiktokx-cropcenter:720:720.jpeg?dr=9640&refresh_token=c9095438&x-expires=1785031200&x-signature=X7qF%2Fhnp3iZ79GsGuY%2Bmz58vw6w%3D&t=4d5b0474&ps=13740610&shp=a5d48078&shcp=81f88b70&idc=useast5,,TashTheMillionaire,7594489792067275528,original sound,TRUE,https://p16-common-sign.tiktokcdn-us.com/tos-alisg-avt-0068/d340a227b72a3707e53c7f74f304817f~tplv-tiktokx-cropcenter:720:720.jpeg?dr=9640&refresh_token=c9095438&x-expires=1785031200&x-signature=X7qF%2Fhnp3iZ79GsGuY%2Bmz58vw6w%3D&t=4d5b0474&ps=13740610&shp=a5d48078&shcp=81f88b70&idc=useast5,https://v16m.tiktokcdn-us.com/2e4228aacca6c55f28ce7dd2d8842af3/6a631da5/video/tos/useast5/tos-useast5-ve-27dcd7c799-tx/og0F1gCgpLBfNngKB4FEguDqUZCJS9sYQMfgQQ/?a=1233&bti=ODszNWYuMDE6&&bt=125&ft=GSDrKInz7Th0_T8GXq8Zmo&mime_type=audio_mpeg&rc=NTdlOWdnZjk1M2k1ZGU1ZUBpM200OXY5cmRqODMzODU8NEBfMy4tNC5fXjQxYjU0Xi80YSNsLWYwMmRra2ZhLS1kMS1zcw%3D%3D&vvpl=1&l=20260724020740439440AD22FF13685252&btag=e00090000,24300,0,scalpcareroutine,128400000,93,,"Replying to @Andrea Hamilton937 Scalp care is essential as a Baldie 
I have been experimenting with some of my favs and I think I’ve found some solid options but this is where I’ve landed so far. 
Steps include;
- Shampoo
- Conditioner 
- Shave
- Exfoliate 
- Cleanse 
- Eucalyptus oil
- Vitamin C
- Shea Butter 
- Vitamin E
- Sunscreen/Spf 

& Of course my scalp care rolls over into skincare lol 

Scalp and skin care  routine,  ,  scents, vanilla shower routine, January favourites, moisturizer , Toronto creator, body care, scalp care , skin care , hair care  care routine, everything shower, feminine hygiene, 
#showerroutine #torontobeautyblogger #beautyroutine #baldwomen #baldgirl ",en,https://p19-common-sign.tiktokcdn-us.com/tos-alisg-p-0037/o0A2A0oBxFXiC0iI09IA9FAOWCwfvAylABsE4B~tplv-tiktokx-origin.image?dr=9636&x-expires=1785031200&x-signature=9fmp9f1vg8gpPywCTI30Qwm9ObA%3D&t=4d5b0474&ps=13740610&shp=81f88b70&shcp=43f4a2f9&idc=useast5,540p,88,mp4,1024,https://p19-common-sign.tiktokcdn-us.com/tos-alisg-p-0037/o0A2A0oBxFXiC0iI09IA9FAOWCwfvAylABsE4B~tplv-tiktokx-origin.image?dr=9636&x-expires=1785031200&x-signature=9fmp9f1vg8gpPywCTI30Qwm9ObA%3D&t=4d5b0474&ps=13740610&shp=81f88b70&shcp=43f4a2f9&idc=useast5,,https://v16m-webapp.tiktokcdn-us.com/9c0580da5f41ce28ffa1be34490e5cd2/6a656c46/video/tos/alisg/tos-alisg-pv-0037/e12a933595bf4313be4a65ae71e96d71/?a=1988&bti=ODszNWYuMDE6&&bt=12683&ft=4KLMeMzm8Zmo0UhoVa4jVnrZdpWrKsd.&mime_type=video_mp4&rc=M2ltb2o5cm1qODMzODczNEBpM2ltb2o5cm1qODMzODczNEBkbDZjMmRjaWZhLS1kMWBzYSNkbDZjMmRjaWZhLS1kMWBzcw%3D%3D&l=20260724020740439440AD22FF13685252&btag=e00050000,eng-US,ASR,automatic speech recognition,https://v16m-webapp.tiktokcdn-us.com/9c0580da5f41ce28ffa1be34490e5cd2/6a656c46/video/tos/alisg/tos-alisg-pv-0037/e12a933595bf4313be4a65ae71e96d71/?a=1988&bti=ODszNWYuMDE6&&bt=12683&ft=4KLMeMzm8Zmo0UhoVa4jVnrZdpWrKsd.&mime_type=video_mp4&rc=M2ltb2o5cm1qODMzODczNEBpM2ltb2o5cm1qODMzODczNEBkbDZjMmRjaWZhLS1kMWBzYSNkbDZjMmRjaWZhLS1kMWBzcw%3D%3D&l=20260724020740439440AD22FF13685252&btag=e00050000,1:big_caption,https://api.apify.com/v2/key-value-stores/KtYoKZfFP9mS0CE5o/records/transcription-tashthemil-20260112145603-7594488949100563732.txt,576,https://www.tiktok.com/@tashthemillionaire/video/7594488949100563732
https://p16-common-sign.tiktokcdn-us.com/tos-useast8-avt-0068-tx2/8a669ba2f92c1357fb990e13515551f7~tplv-tiktokx-cropcenter:720:720.jpeg?dr=9640&refresh_token=5f647a79&x-expires=1785031200&x-signature=LD7e5V9DCriuAfctznKX1bAsJo4%3D&t=4d5b0474&ps=13740610&shp=a5d48078&shcp=81f88b70&idc=useast5,,,582,39000,,142,0,1800000,6744492851063227397,annabythefoot,annabythefoot,https://p16-common-sign.tiktokcdn-us.com/tos-useast8-avt-0068-tx2/8a669ba2f92c1357fb990e13515551f7~tplv-tiktokx-cropcenter:720:720.jpeg?dr=9640&refresh_token=5f647a79&x-expires=1785031200&x-signature=LD7e5V9DCriuAfctznKX1bAsJo4%3D&t=4d5b0474&ps=13740610&shp=a5d48078&shcp=81f88b70&idc=useast5,FALSE,https://www.tiktok.com/@annabythefoot,"Life by the foot ✨
I do everything…. differently 👣
Beauty | Life | Confidence 

Business 💌: annabythefoot@gmail.com",FALSE,76,1157,308,,1783695906,2026-07-10T15:05:06.000Z,,,,,,,,,,,,,,,,,,,,,,,,,,,,,25000,2617087625,Soft Retouch,0,hairroutine,accessibility,scalpcare,olaplex,haircare,,,,,,,,,,,,,7660915463488097567,scalpcareroutine,FALSE,FALSE,FALSE,FALSE,,,,,,,,,,,,,,https://p16-common.tiktokcdn-us.com/tos-alisg-v-2774/okefl0rgaCDLYYIQAQTAEAFqyFvAeMoFGazWID~tplv-tiktokx-cropcenter:200:200.jpeg?dr=9584&t=4d5b0474&ps=933b5bde&shp=08d74b56&shcp=81f88b70&idc=useast5,Party Tyme Karaoke - Instrumentals 21,Party Tyme Karaoke,6990632737086392321,Piece of Me (Made Popular By Mk ft. Becky Hill) [Instrumental Version],FALSE,https://p16-common.tiktokcdn-us.com/tos-alisg-v-2774/okefl0rgaCDLYYIQAQTAEAFqyFvAeMoFGazWID~tplv-tiktokx-cropcenter:200:200.jpeg?dr=9584&t=4d5b0474&ps=933b5bde&shp=08d74b56&shcp=81f88b70&idc=useast5,https://sf19.tiktokcdn-us.com/obj/tos-alisg-ve-2774/ooWA0MYzACBmWcaUz1OQrIZUpK1OdAIigyijP,513100,0,scalpcareroutine,128400000,4816,,"How I wash my hair with no arms! 🚿 With a scalp scrubber and making sure I can sit down in the shower 🙂

#hairroutine #accessibility #scalpcare #olaplex #haircare ",en,https://p19-common-sign.tiktokcdn-us.com/tos-useast8-p-0068-tx2/okvizIBTBwDg5bEBZARICiVq9XRFJaOEVKlAi~tplv-tiktokx-origin.image?dr=9636&x-expires=1785031200&x-signature=XvN%2F16JHX7W3wuyrbh6%2B8sbEa0Y%3D&t=4d5b0474&ps=13740610&shp=81f88b70&shcp=43f4a2f9&idc=useast5,720p,29,mp4,1280,https://p19-common-sign.tiktokcdn-us.com/tos-useast8-p-0068-tx2/okvizIBTBwDg5bEBZARICiVq9XRFJaOEVKlAi~tplv-tiktokx-origin.image?dr=9636&x-expires=1785031200&x-signature=XvN%2F16JHX7W3wuyrbh6%2B8sbEa0Y%3D&t=4d5b0474&ps=13740610&shp=81f88b70&shcp=43f4a2f9&idc=useast5,,https://v16m-webapp.tiktokcdn-us.com/e66a2ca46d53dbfa4ca1c0b10cb99264/6a656c0b/video/tos/useast8/tos-useast8-v-0068-tx2/1984a57100c244b084987c4f632db923/?a=1988&bti=ODszNWYuMDE6&&bt=16274&ft=4KLMeMzm8Zmo08hoVa4jVnrZdpWrKsd.&mime_type=video_mp4&rc=ajhuNmo5cjRqPDMzaTczNEBpajhuNmo5cjRqPDMzaTczNEBeZmtpMmRraDVhLS1kMTJzYSNeZmtpMmRraDVhLS1kMTJzcw%3D%3D&l=20260724020740439440AD22FF13685252&btag=e00050000,eng-US,ASR,automatic speech recognition,https://v16m-webapp.tiktokcdn-us.com/e66a2ca46d53dbfa4ca1c0b10cb99264/6a656c0b/video/tos/useast8/tos-useast8-v-0068-tx2/1984a57100c244b084987c4f632db923/?a=1988&bti=ODszNWYuMDE6&&bt=16274&ft=4KLMeMzm8Zmo08hoVa4jVnrZdpWrKsd.&mime_type=video_mp4&rc=ajhuNmo5cjRqPDMzaTczNEBpajhuNmo5cjRqPDMzaTczNEBeZmtpMmRraDVhLS1kMTJzYSNeZmtpMmRraDVhLS1kMTJzcw%3D%3D&l=20260724020740439440AD22FF13685252&btag=e00050000,1:big_caption,https://api.apify.com/v2/key-value-stores/KtYoKZfFP9mS0CE5o/records/transcription-annabythef-20260710150506-7660915463488097567.txt,720,https://www.tiktok.com/@annabythefoot/video/7660915463488097567
https://p16-common-sign.tiktokcdn-us.com/tos-maliva-avt-0068/857b6231290d6ad047b232032b10794c~tplv-tiktokx-cropcenter:720:720.jpeg?dr=9640&refresh_token=89257906&x-expires=1785031200&x-signature=zyVtCHEgDQZiRDFsbQ%2BZhI4QsrE%3D&t=4d5b0474&ps=13740610&shp=a5d48078&shcp=81f88b70&idc=useast5,,,115400,64000,,149,0,6800000,6624574544274669574,malaysiamariah,Malaysia Mariah,https://p16-common-sign.tiktokcdn-us.com/tos-maliva-avt-0068/857b6231290d6ad047b232032b10794c~tplv-tiktokx-cropcenter:720:720.jpeg?dr=9640&refresh_token=89257906&x-expires=1785031200&x-signature=zyVtCHEgDQZiRDFsbQ%2BZhI4QsrE%3D&t=4d5b0474&ps=13740610&shp=a5d48078&shcp=81f88b70&idc=useast5,FALSE,https://www.tiktok.com/@malaysiamariah,ma.laysia@outlook.com,FALSE,10,1077,147,,1783361055,2026-07-06T18:04:15.000Z,,,,,,,,,,,,,,,,,,,,,,,,,,,,,17100,2617087625,Soft Retouch,0,,,,,,,,,,,,,,,,,,7659477369136188694,scalpcareroutine,TRUE,FALSE,FALSE,TRUE,,,,,,,,,,,,,,https://p16-common-sign.tiktokcdn-us.com/tos-maliva-avt-0068/857b6231290d6ad047b232032b10794c~tplv-tiktokx-cropcenter:720:720.jpeg?dr=9640&refresh_token=89257906&x-expires=1785031200&x-signature=zyVtCHEgDQZiRDFsbQ%2BZhI4QsrE%3D&t=4d5b0474&ps=13740610&shp=a5d48078&shcp=81f88b70&idc=useast5,,Malaysia Mariah,7659699677683567382,original sound,TRUE,https://p16-common-sign.tiktokcdn-us.com/tos-maliva-avt-0068/857b6231290d6ad047b232032b10794c~tplv-tiktokx-cropcenter:720:720.jpeg?dr=9640&refresh_token=89257906&x-expires=1785031200&x-signature=zyVtCHEgDQZiRDFsbQ%2BZhI4QsrE%3D&t=4d5b0474&ps=13740610&shp=a5d48078&shcp=81f88b70&idc=useast5,https://v16m.tiktokcdn-us.com/3f8141a3cfaf551368ea9d0bc501c8ca/6a631d68/video/tos/no1a/tos-no1a-v-2370-no/oIIA5LfE7AliUhfI4ED4TUEsAvEEF1oADpBe7L/?a=1233&bti=ODszNWYuMDE6&&bt=125&ft=GSDrKInz7Th0_T8GXq8Zmo&mime_type=audio_mpeg&rc=anZkOG45cjt4PDMzbzU8NUBpanZkOG45cjt4PDMzbzU8NUBzaHNyMmRjcDJhLS1kMTFzYSNzaHNyMmRjcDJhLS1kMTFzcw%3D%3D&vvpl=1&l=20260724020740439440AD22FF13685252&btag=e00078000,2600000,0,scalpcareroutine,128400000,252,,,en,https://p16-common-sign.tiktokcdn-us.com/tos-no1a-p-0037-no/oYBPk7caAtP7YkvSBLIDLBiN6IrZiMHCYLEvi~tplv-tiktokx-origin.image?dr=9636&x-expires=1785031200&x-signature=aSx2eWilij9fb%2BT%2FWxe1%2BCiLcC8%3D&t=4d5b0474&ps=13740610&shp=81f88b70&shcp=43f4a2f9&idc=useast5,540p,27,mp4,1024,https://p16-common-sign.tiktokcdn-us.com/tos-no1a-p-0037-no/oYBPk7caAtP7YkvSBLIDLBiN6IrZiMHCYLEvi~tplv-tiktokx-origin.image?dr=9636&x-expires=1785031200&x-signature=aSx2eWilij9fb%2BT%2FWxe1%2BCiLcC8%3D&t=4d5b0474&ps=13740610&shp=81f88b70&shcp=43f4a2f9&idc=useast5,,https://v16m-webapp.tiktokcdn-us.com/1551f99985a548101948018cb8124b39/6a656c09/video/tos/useast5/tos-useast5-v-0068c799-tx/dbe983803ffd4b6f81310bc17ffb6b8a/?a=1988&bti=ODszNWYuMDE6&&bt=17544&ft=4KLMeMzm8Zmo08hoVa4jVnrZdpWrKsd.&mime_type=video_mp4&rc=amVtNnU5cnJ4PDMzbzczNUBpamVtNnU5cnJ4PDMzbzczNUBraTA2MmQ0bjJhLS1kMTFzYSNraTA2MmQ0bjJhLS1kMTFzcw%3D%3D&l=20260724020740439440AD22FF13685252&btag=e00078000,eng-US,ASR,automatic speech recognition,https://v16m-webapp.tiktokcdn-us.com/1551f99985a548101948018cb8124b39/6a656c09/video/tos/useast5/tos-useast5-v-0068c799-tx/dbe983803ffd4b6f81310bc17ffb6b8a/?a=1988&bti=ODszNWYuMDE6&&bt=17544&ft=4KLMeMzm8Zmo08hoVa4jVnrZdpWrKsd.&mime_type=video_mp4&rc=amVtNnU5cnJ4PDMzbzczNUBpamVtNnU5cnJ4PDMzbzczNUBraTA2MmQ0bjJhLS1kMTFzYSNraTA2MmQ0bjJhLS1kMTFzcw%3D%3D&l=20260724020740439440AD22FF13685252&btag=e00078000,1:big_caption,https://api.apify.com/v2/key-value-stores/KtYoKZfFP9mS0CE5o/records/transcription-malaysiama-20260706180415-7659477369136188694.txt,576,https://www.tiktok.com/@malaysiamariah/video/7659477369136188694
https://p19-common-sign.tiktokcdn-us.com/tos-useast8-avt-0068-tx2/d4e8b73f82b8d0d40baa2c2fe168b636~tplv-tiktokx-cropcenter:720:720.jpeg?dr=9640&refresh_token=9db23d2b&x-expires=1785031200&x-signature=W%2FqDQVklY48EMbb0EwSASU5muxw%3D&t=4d5b0474&ps=13740610&shp=a5d48078&shcp=81f88b70&idc=useast5,,,6415,815700,,186,0,25400000,7087629351696827438,dermatologysurgeon,"Dr. Neera, Skin Surgeon",https://p19-common-sign.tiktokcdn-us.com/tos-useast8-avt-0068-tx2/d4e8b73f82b8d0d40baa2c2fe168b636~tplv-tiktokx-cropcenter:720:720.jpeg?dr=9640&refresh_token=9db23d2b&x-expires=1785031200&x-signature=W%2FqDQVklY48EMbb0EwSASU5muxw%3D&t=4d5b0474&ps=13740610&shp=a5d48078&shcp=81f88b70&idc=useast5,FALSE,https://www.tiktok.com/@dermatologysurgeon,"Harvard-trained dermatologist & Mohs micrographic surgeon
drneeranathan@gmail.com",FALSE,935,14600,117,,1784724849,2026-07-22T12:54:09.000Z,6907606737341481986,povslibby,Libby glass,https://www.tiktok.com/@6907606737341481986,,,,,,,,,,,,,,,,,,,,,,,,,31400,2617087625,Soft Retouch,0,,oilyhair,washday,fyp,,,,,,,,,,,,,,7665334668929092895,scalpcareroutine,FALSE,FALSE,FALSE,FALSE,,,,,,,@Libby glass,,,,,,,https://p19-common-sign.tiktokcdn-us.com/tos-useast8-avt-0068-tx2/d4e8b73f82b8d0d40baa2c2fe168b636~tplv-tiktokx-cropcenter:720:720.jpeg?dr=9640&refresh_token=9db23d2b&x-expires=1785031200&x-signature=W%2FqDQVklY48EMbb0EwSASU5muxw%3D&t=4d5b0474&ps=13740610&shp=a5d48078&shcp=81f88b70&idc=useast5,,"Dr. Neera, Skin Surgeon",7665334707600591647,original sound,TRUE,https://p19-common-sign.tiktokcdn-us.com/tos-useast8-avt-0068-tx2/d4e8b73f82b8d0d40baa2c2fe168b636~tplv-tiktokx-cropcenter:720:720.jpeg?dr=9640&refresh_token=9db23d2b&x-expires=1785031200&x-signature=W%2FqDQVklY48EMbb0EwSASU5muxw%3D&t=4d5b0474&ps=13740610&shp=a5d48078&shcp=81f88b70&idc=useast5,https://v16m.tiktokcdn-us.com/111d4ad0af80ffd6e9197c9f909e53a1/6a631d8a/video/tos/useast8/tos-useast8-v-27dcd7-tx2/okc56yApEi6nNhAiFv1KgBXAMErhqzAfABuiBE/?a=1233&bti=ODszNWYuMDE6&&bt=125&ft=GSDrKInz7Th0_T8GXq8Zmo&mime_type=audio_mpeg&rc=anR5O2w5cnZlPDMzaTU8NEBpanR5O2w5cnZlPDMzaTU8NEBoNGBrMmRzbmRhLS1kMTJzYSNoNGBrMmRzbmRhLS1kMTJzcw%3D%3D&vvpl=1&l=20260724020740439440AD22FF13685252&btag=e000d0000,769200,0,scalpcareroutine,128400000,2194,,"need to wash your hair constantly to prevent it from looking greasy? try this 

stitch with @Libby glass 

#oilyhair #washday #fyp ",en,https://p16-common-sign.tiktokcdn-us.com/tos-useast8-p-0068-tx2/oIEjIZA1iAyIQdIhOiJXfDlAgFzBMiz6FqXvTC~tplv-tiktokx-origin.image?dr=9636&x-expires=1785031200&x-signature=ROTGU1mLH1yWcZHWmUMyn4dpMMs%3D&t=4d5b0474&ps=13740610&shp=81f88b70&shcp=43f4a2f9&idc=useast5,720p,61,mp4,1280,https://p16-common-sign.tiktokcdn-us.com/tos-useast8-p-0068-tx2/oIEjIZA1iAyIQdIhOiJXfDlAgFzBMiz6FqXvTC~tplv-tiktokx-origin.image?dr=9636&x-expires=1785031200&x-signature=ROTGU1mLH1yWcZHWmUMyn4dpMMs%3D&t=4d5b0474&ps=13740610&shp=81f88b70&shcp=43f4a2f9&idc=useast5,,https://v16m-webapp.tiktokcdn-us.com/4c09f1d7b4dc1280deb7aa9923a4f35d/6a656c2b/video/tos/useast8/tos-useast8-v-0068-tx2/4cdd5facb3b44f0bb0fb57db7787ffa4/?a=1988&bti=ODszNWYuMDE6&&bt=7003&ft=4KLMeMzm8Zmo08hoVa4jVnrZdpWrKsd.&mime_type=video_mp4&rc=ajhnO205cjVlPDMzaTczNEBpajhnO205cjVlPDMzaTczNEBkY24vMmRzbmRhLS1kMTJzYSNkY24vMmRzbmRhLS1kMTJzcw%3D%3D&l=20260724020740439440AD22FF13685252&btag=e00050000,eng-US,MT,machine translation,https://v16m-webapp.tiktokcdn-us.com/4c09f1d7b4dc1280deb7aa9923a4f35d/6a656c2b/video/tos/useast8/tos-useast8-v-0068-tx2/4cdd5facb3b44f0bb0fb57db7787ffa4/?a=1988&bti=ODszNWYuMDE6&&bt=7003&ft=4KLMeMzm8Zmo08hoVa4jVnrZdpWrKsd.&mime_type=video_mp4&rc=ajhnO205cjVlPDMzaTczNEBpajhnO205cjVlPDMzaTczNEBkY24vMmRzbmRhLS1kMTJzYSNkY24vMmRzbmRhLS1kMTJzcw%3D%3D&l=20260724020740439440AD22FF13685252&btag=e00050000,8:big_caption,https://api.apify.com/v2/key-value-stores/KtYoKZfFP9mS0CE5o/records/transcription-dermatolog-20260722125409-7665334668929092895.txt,720,https://www.tiktok.com/@dermatologysurgeon/video/7665334668929092895
https://p16-common-sign.tiktokcdn-us.com/tos-useast5-avt-0068-tx/37f2d5519436eed4af7632474ab085fa~tplv-tiktokx-cropcenter:720:720.jpeg?dr=9640&refresh_token=47317bc0&x-expires=1785031200&x-signature=26gL%2FCtG5RuwEkiJM%2BcihhM5X18%3D&t=4d5b0474&ps=13740610&shp=a5d48078&shcp=81f88b70&idc=useast8,,,21200,3000000,,594,0,82600000,6749373116890629125,abbeyyung,Abbey Yung,https://p16-common-sign.tiktokcdn-us.com/tos-useast5-avt-0068-tx/37f2d5519436eed4af7632474ab085fa~tplv-tiktokx-cropcenter:720:720.jpeg?dr=9640&refresh_token=47317bc0&x-expires=1785031200&x-signature=26gL%2FCtG5RuwEkiJM%2BcihhM5X18%3D&t=4d5b0474&ps=13740610&shp=a5d48078&shcp=81f88b70&idc=useast8,FALSE,https://www.tiktok.com/@abbeyyung,"The Abbey Yung Method™
Certified Trichologist who loves all things beauty
YouTube & Links ⬇️",TRUE,1173,51941,1159,,1782421682,2026-06-25T21:08:02.000Z,,,,,,,,,,,,,,,,,,,,,,,,,,,,,90600,118507609,Puppy boo 2,0,scalpserum,scalphealth,hairloss,hairgrowth,abbeyyungmethod,,,,,,,,,,,,,7655442788594519326,scalphealth,FALSE,FALSE,FALSE,FALSE,,,,,,,,,,,,,,https://p16-common-sign.tiktokcdn.com/tos-maliva-avt-0068/37f2d5519436eed4af7632474ab085fa~tplv-tiktokx-cropcenter:720:720.jpeg?dr=14579&refresh_token=3c5b9d46&x-expires=1785031200&x-signature=asrIhKx9EzHMXns5Bm5vQndO2Mg%3D&t=4d5b0474&ps=13740610&shp=a5d48078&shcp=81f88b70&idc=my2,,Abbey Yung,7655442811847822110,original sound,TRUE,https://p16-common-sign.tiktokcdn.com/tos-maliva-avt-0068/37f2d5519436eed4af7632474ab085fa~tplv-tiktokx-cropcenter:720:720.jpeg?dr=14579&refresh_token=3c5b9d46&x-expires=1785031200&x-signature=asrIhKx9EzHMXns5Bm5vQndO2Mg%3D&t=4d5b0474&ps=13740610&shp=a5d48078&shcp=81f88b70&idc=my2,https://v77.tiktokcdn.com/c6ddd2389faf19127f5747328e4cad02/6a641b1e/video/tos/maliva/tos-maliva-ve-27dcd7c799-us/o8ArlZmCRiMM4Dg9uaB1AVPYwC1jQ2mzlipI6/?a=1180&bti=ODszNWYuMDE6&&bt=125&ft=.NpOcInz7The_T8GXq8Zmo&mime_type=audio_mpeg&rc=PGUzaWY7aTtoZWc4NTlkZ0BpajxkZ285cmhzOzMzaTU8NEBgXjE2MS4uNTYxLTUxMS1jYSNgYWNkMmQ0ZXJhLS1kMTJzcw%3D%3D&vvpl=1&l=202607241007428297947BE4D84B6165BF&btag=e00090000,1600000,0,scalphealth,2300000000,5368,,"Here are my top 5 recommendations for scalp serums that I am officially adding to The Abbey Yung Method! I’ve spent the last 8+ months researching this category because it’s one I knew I had to approach differently than others. This category is extremely complex not only because of all of the different claimed benefits and the different types of evidence/research available from brands (or lack thereof in many cases), but also because of the FDA restrictions on what brands legally can and cannot say. I also obviously can’t speak to personal results like a reduction in shedding for all of these products at the same time, especially when I wasn’t experiencing hair loss prior to using scalp serums. So what felt right to me is to reach out to all of the brands I was reviewing to get information on key ingredients, clinical testing, patents, publications, etc. so that I could still provide a handful of options for you to choose from that I felt confident recommending. I also of course still tested out every serum to make sure that I liked the texture and that I didn’t have any issues with it (like greasy residue), so that was a key part of my recommendation too. Based on all of that, I landed on this lineup that I think is a good place to start if you’re interested in using a scalp serum for scalp health, healthier hair growth, or improved hair retention. More information on how these serums work, key ingredients, supporting evidence, sources, etc on all of the scalp serums I looked into and why I did/didn’t add them (like Kerastase, The Ordinary & Cecred), is on my YT channel! You’ll see lots of videos with way more info than I have time to share in short videos here. 

#scalpserum #scalphealth #hairloss #hairgrowth #abbeyyungmethod ",en,https://p16-common-sign.tiktokcdn.com/tos-useast8-p-0068-tx2/o0sW7AffzUDdQIQoJeLeQFAJ7MrhFCIoGYG1RP~tplv-tiktokx-origin.image?dr=14575&x-expires=1785031200&x-signature=8wa3JGSJyHfI0UwJP%2BhE71MlnaM%3D&t=4d5b0474&ps=13740610&shp=81f88b70&shcp=43f4a2f9&idc=my2,720p,175,mp4,1280,https://p16-common-sign.tiktokcdn.com/tos-useast8-p-0068-tx2/o0sW7AffzUDdQIQoJeLeQFAJ7MrhFCIoGYG1RP~tplv-tiktokx-origin.image?dr=14575&x-expires=1785031200&x-signature=8wa3JGSJyHfI0UwJP%2BhE71MlnaM%3D&t=4d5b0474&ps=13740610&shp=81f88b70&shcp=43f4a2f9&idc=my2,,https://v16-webapp.tiktok.com/1d09594828a3b2e7c8e0acdb8f51e903/6a656c9e/video/tos/alisg/tos-alisg-v-37c799-sg/1a55276424004b4ba02be1f5eef416c3/?a=1988&bti=ODszNWYuMDE6&&bt=11882&ft=-Elcomb6PD12N6M2xn-UxGw5PY6e3wv25HcAp&mime_type=video_mp4&rc=andqNXc5cjxzOzMzaTczNEBpandqNXc5cjxzOzMzaTczNEBkc2xhMmRzZXJhLS1kMTJzYSNkc2xhMmRzZXJhLS1kMTJzcw%3D%3D&l=202607241007428297947BE4D84B6165BF&btag=e00050000,eng-US,ASR,automatic speech recognition,https://v16-webapp.tiktok.com/1d09594828a3b2e7c8e0acdb8f51e903/6a656c9e/video/tos/alisg/tos-alisg-v-37c799-sg/1a55276424004b4ba02be1f5eef416c3/?a=1988&bti=ODszNWYuMDE6&&bt=11882&ft=-Elcomb6PD12N6M2xn-UxGw5PY6e3wv25HcAp&mime_type=video_mp4&rc=andqNXc5cjxzOzMzaTczNEBpandqNXc5cjxzOzMzaTczNEBkc2xhMmRzZXJhLS1kMTJzYSNkc2xhMmRzZXJhLS1kMTJzcw%3D%3D&l=202607241007428297947BE4D84B6165BF&btag=e00050000,1:big_caption,https://api.apify.com/v2/key-value-stores/KtYoKZfFP9mS0CE5o/records/transcription-abbeyyung-20260625210802-7655442788594519326.txt,720,https://www.tiktok.com/@abbeyyung/video/7655442788594519326
https://p19-common-sign.tiktokcdn-us.com/tos-useast5-avt-0068-tx/f468e381361be760d63749a31850617f~tplv-tiktokx-cropcenter:720:720.jpeg?dr=9640&refresh_token=1439d747&x-expires=1785031200&x-signature=5VEe85zXyNFYxY0Qs%2FA3kjccCL0%3D&t=4d5b0474&ps=13740610&shp=a5d48078&shcp=81f88b70&idc=useast8,,,8173,709900,,1797,0,6000000,6771924418580038662,abbeyjbenson,Abbey 🤍,https://p19-common-sign.tiktokcdn-us.com/tos-useast5-avt-0068-tx/f468e381361be760d63749a31850617f~tplv-tiktokx-cropcenter:720:720.jpeg?dr=9640&refresh_token=1439d747&x-expires=1785031200&x-signature=5VEe85zXyNFYxY0Qs%2FA3kjccCL0%3D&t=4d5b0474&ps=13740610&shp=a5d48078&shcp=81f88b70&idc=useast8,FALSE,https://www.tiktok.com/@abbeyjbenson,"USTI® Certified Hair & Scalp Expert + consultant
8k+ personal hair clients 
Your guide to hair growth🍒
1-1 Custom Hair Consult 🔗 ↓",FALSE,2342,78928,1032,,1740842230,2025-03-01T15:17:10.000Z,,,,,,,,,,,,,,,,,,,,,,,,,,,,,212500,118507609,Puppy boo 2,0,scalphealth,hairtransformation,healthyhairtips,hairgrowthtips,scalpcare,hairjourney,hairtok,,,,,,,,,,,7476860247278193966,scalphealth,FALSE,FALSE,FALSE,FALSE,North America,,4273359,6252001,22535865200907089,United States,,,,,,,,https://p16-common-sign.tiktokcdn.com/tos-maliva-avt-0068/f468e381361be760d63749a31850617f~tplv-tiktokx-cropcenter:720:720.jpeg?dr=14579&refresh_token=eba873f3&x-expires=1785031200&x-signature=lpEwwmYzsYvx7sfcioMP%2FKOkCEI%3D&t=4d5b0474&ps=13740610&shp=a5d48078&shcp=81f88b70&idc=my2,,Abbey 🤍,7476860384025266990,original sound,TRUE,https://p16-common-sign.tiktokcdn.com/tos-maliva-avt-0068/f468e381361be760d63749a31850617f~tplv-tiktokx-cropcenter:720:720.jpeg?dr=14579&refresh_token=eba873f3&x-expires=1785031200&x-signature=lpEwwmYzsYvx7sfcioMP%2FKOkCEI%3D&t=4d5b0474&ps=13740610&shp=a5d48078&shcp=81f88b70&idc=my2,https://v77.tiktokcdn.com/84440d69b75382517a4d2070dedfadab/6a641b59/video/tos/maliva/tos-maliva-v-27dcd7c799-us/o0TM7ynQAKTfAQvQvCWPEkMMAIkhAHff8khoCM/?a=1180&bti=ODszNWYuMDE6&&bt=125&ft=.NpOcInz7The_T8GXq8Zmo&mime_type=audio_mpeg&rc=Mzd5N2s5cnlseTMzZzU8NEBpMzd5N2s5cnlseTMzZzU8NEBtLl5nMmRjNi5gLS1kMS9zYSNtLl5nMmRjNi5gLS1kMS9zcw%3D%3D&vvpl=1&l=202607241007428297947BE4D84B6165BF&btag=e00060000,2400000,0,scalphealth,2300000000,8594,,5 Tips for Scalp Health that will help transform and grow your hair #scalphealth #hairtransformation #healthyhairtips #hairgrowthtips #scalpcare #hairjourney #hairtok ,en,https://p16-common-sign.tiktokcdn.com/tos-useast5-p-0068-tx/oMJAjBZ8k4A9PiuAkikoDGxE1EDAPBMKSgdDI~tplv-tiktokx-origin.image?dr=14575&x-expires=1785031200&x-signature=K29WZqQheWrJJi8dRyUlnIg679o%3D&t=4d5b0474&ps=13740610&shp=81f88b70&shcp=43f4a2f9&idc=my2,540p,234,mp4,1024,https://p16-common-sign.tiktokcdn.com/tos-useast5-p-0068-tx/oMJAjBZ8k4A9PiuAkikoDGxE1EDAPBMKSgdDI~tplv-tiktokx-origin.image?dr=14575&x-expires=1785031200&x-signature=K29WZqQheWrJJi8dRyUlnIg679o%3D&t=4d5b0474&ps=13740610&shp=81f88b70&shcp=43f4a2f9&idc=my2,,https://v16-webapp.tiktok.com/cf76f6cde57a81965c2d7c6c1c04636e/6a656cd9/video/tos/maliva/tos-maliva-v-0068c799-us/3a60034551184f1cbf9e316223a955e6/?a=1988&bti=ODszNWYuMDE6&&bt=12418&ft=-Elcomb6PD12N6M2xn-UxGw5PY6e3wv25HcAp&mime_type=video_mp4&rc=ajxydnA5cmlseTMzZzczNEBpajxydnA5cmlseTMzZzczNEBzcjFqMmRzMy5gLS1kMS9zYSNzcjFqMmRzMy5gLS1kMS9zcw%3D%3D&l=202607241007428297947BE4D84B6165BF&btag=e00058000,eng-US,ASR,automatic speech recognition,https://v16-webapp.tiktok.com/cf76f6cde57a81965c2d7c6c1c04636e/6a656cd9/video/tos/maliva/tos-maliva-v-0068c799-us/3a60034551184f1cbf9e316223a955e6/?a=1988&bti=ODszNWYuMDE6&&bt=12418&ft=-Elcomb6PD12N6M2xn-UxGw5PY6e3wv25HcAp&mime_type=video_mp4&rc=ajxydnA5cmlseTMzZzczNEBpajxydnA5cmlseTMzZzczNEBzcjFqMmRzMy5gLS1kMS9zYSNzcjFqMmRzMy5gLS1kMS9zcw%3D%3D&l=202607241007428297947BE4D84B6165BF&btag=e00058000,1:big_caption,https://api.apify.com/v2/key-value-stores/KtYoKZfFP9mS0CE5o/records/transcription-abbeyjbens-20250301151710-7476860247278193966.txt,576,https://www.tiktok.com/@abbeyjbenson/video/7476860247278193966
https://p19-common-sign.tiktokcdn-us.com/tos-useast5-avt-0068-tx/9bf1667143690d1bb22426107c656c04~tplv-tiktokx-cropcenter:720:720.jpeg?dr=9640&refresh_token=2509e4e6&x-expires=1785031200&x-signature=hRBSiuMbloQJh6eDN9t%2FP7qPMjQ%3D&t=4d5b0474&ps=13740610&shp=a5d48078&shcp=81f88b70&idc=useast5,,,4214,303700,,715,0,2400000,6806116627734922246,caseynicole_7,Casey•Hair Expert•Cosmo,https://p19-common-sign.tiktokcdn-us.com/tos-useast5-avt-0068-tx/9bf1667143690d1bb22426107c656c04~tplv-tiktokx-cropcenter:720:720.jpeg?dr=9640&refresh_token=2509e4e6&x-expires=1785031200&x-signature=hRBSiuMbloQJh6eDN9t%2FP7qPMjQ%3D&t=4d5b0474&ps=13740610&shp=a5d48078&shcp=81f88b70&idc=useast5,FALSE,https://www.tiktok.com/@caseynicole_7,"•THIS IS MY ONLY PAGE•
•COSMETOLOGIST•
HAIR TIPS
Custom Hair Consult & Faves👇🏼",FALSE,979,1726,245,,1746730783,2025-05-08T18:59:43.000Z,,,,,,,,,,,,,,,,,,,,,,,,,,,,,4332,118507609,Puppy boo 2,0,hair,hairstylist,blonde,blonehair,hairtok,hairstylists,growth,haircare,beauty,beautyinfluencer,workfromhome,hairstylistsoftiktok,hairgrowth,colorblock,hairtransformation,mompreneur,cosmetologist,7502151529688845614,scalphealth,FALSE,FALSE,FALSE,FALSE,United States,,116026373,6252001,22535865201606051,California,,,,,,,,https://p16-common-sign.tiktokcdn.com/tos-maliva-avt-0068/9bf1667143690d1bb22426107c656c04~tplv-tiktokx-cropcenter:720:720.jpeg?dr=14579&refresh_token=bd27351c&x-expires=1785031200&x-signature=SHvaqVM5bi856DNfiAkBlTnW0yA%3D&t=4d5b0474&ps=13740610&shp=a5d48078&shcp=81f88b70&idc=my2,,Casey•Hair Expert•Cosmo,7502151468842158894,original sound,TRUE,https://p16-common-sign.tiktokcdn.com/tos-maliva-avt-0068/9bf1667143690d1bb22426107c656c04~tplv-tiktokx-cropcenter:720:720.jpeg?dr=14579&refresh_token=bd27351c&x-expires=1785031200&x-signature=SHvaqVM5bi856DNfiAkBlTnW0yA%3D&t=4d5b0474&ps=13740610&shp=a5d48078&shcp=81f88b70&idc=my2,https://v77.tiktokcdn.com/c3668be23121638488cb395d3d8ff76c/6a641c31/video/tos/maliva/tos-maliva-v-27dcd7c799-us/owIZhAmQIOJeyIA5AgAAfMmnIFL5pfcGfvMNDX/?a=1180&bti=ODszNWYuMDE6&&bt=125&ft=.NpOcInz7The_T8GXq8Zmo&mime_type=audio_mpeg&rc=M242dW85cjxpMzMzZzU8NEBpM242dW85cjxpMzMzZzU8NEBnNHJwMmRrcmJhLS1kMS9zYSNnNHJwMmRrcmJhLS1kMS9zcw%3D%3D&vvpl=1&l=202607241007428297947BE4D84B6165BF&btag=e00060000,99900,0,scalphealth,2300000000,621,,"Healthy hair comes from a healthy scalp! 🖤

#hair #hairstylist #blonde #blonehair #hairtok #hairstylists #growth #haircare #beauty #beautyinfluencer #workfromhome #hairstylistsoftiktok #hairgrowth #colorblock #hairtransformation #mompreneur #cosmetologist ",en,https://p16-common-sign.tiktokcdn.com/tos-useast5-p-0068-tx/o8OAoOfEzAcxgesI2QJ4GdA8AzI5FvRADtAff5~tplv-tiktokx-origin.image?dr=14575&x-expires=1785031200&x-signature=NXjSURbMpEUni588CSaD5wKJ4AI%3D&t=4d5b0474&ps=13740610&shp=81f88b70&shcp=43f4a2f9&idc=my2,540p,450,mp4,1024,https://p16-common-sign.tiktokcdn.com/tos-useast5-p-0068-tx/o8OAoOfEzAcxgesI2QJ4GdA8AzI5FvRADtAff5~tplv-tiktokx-origin.image?dr=14575&x-expires=1785031200&x-signature=NXjSURbMpEUni588CSaD5wKJ4AI%3D&t=4d5b0474&ps=13740610&shp=81f88b70&shcp=43f4a2f9&idc=my2,,https://v16-webapp.tiktok.com/119777479051df192c6c41dae374c056/6a656db1/video/tos/alisg/tos-alisg-v-37c799-sg/bd6802697f5d4ed8874a2871a83c119a/?a=1988&bti=ODszNWYuMDE6&&bt=9568&ft=-Elcomb6PD12N6M2xn-UxGw5PY6e3wv25HcAp&mime_type=video_mp4&rc=anc7M3M5cmZpMzMzZzczNEBpanc7M3M5cmZpMzMzZzczNEAtZDBoMmRrcGJhLS1kMS9zYSMtZDBoMmRrcGJhLS1kMS9zcw%3D%3D&l=202607241007428297947BE4D84B6165BF&btag=e00050000,eng-US,ASR,automatic speech recognition,https://v16-webapp.tiktok.com/119777479051df192c6c41dae374c056/6a656db1/video/tos/alisg/tos-alisg-v-37c799-sg/bd6802697f5d4ed8874a2871a83c119a/?a=1988&bti=ODszNWYuMDE6&&bt=9568&ft=-Elcomb6PD12N6M2xn-UxGw5PY6e3wv25HcAp&mime_type=video_mp4&rc=anc7M3M5cmZpMzMzZzczNEBpanc7M3M5cmZpMzMzZzczNEAtZDBoMmRrcGJhLS1kMS9zYSMtZDBoMmRrcGJhLS1kMS9zcw%3D%3D&l=202607241007428297947BE4D84B6165BF&btag=e00050000,1:big_caption,https://api.apify.com/v2/key-value-stores/KtYoKZfFP9mS0CE5o/records/transcription-caseynicol-20250508185943-7502151529688845614.txt,576,https://www.tiktok.com/@caseynicole_7/video/7502151529688845614
https://p16-common-sign.tiktokcdn.com/tos-alisg-avt-0068/6fcb5098535d7609701fccac7d7c4c54~tplv-tiktokx-cropcenter:720:720.jpeg?dr=14579&refresh_token=187b4475&x-expires=1785031200&x-signature=ZpZutM6D1sOcLD2XWArtEUfzVAQ%3D&t=4d5b0474&ps=13740610&shp=a5d48078&shcp=81f88b70&idc=my,,,27200,4194,,181,0,76900,7245697824712655877,allybiochemist,Dr Ally | Biochemist,https://p16-common-sign.tiktokcdn.com/tos-alisg-avt-0068/6fcb5098535d7609701fccac7d7c4c54~tplv-tiktokx-cropcenter:720:720.jpeg?dr=14579&refresh_token=187b4475&x-expires=1785031200&x-signature=ZpZutM6D1sOcLD2XWArtEUfzVAQ%3D&t=4d5b0474&ps=13740610&shp=a5d48078&shcp=81f88b70&idc=my,FALSE,https://www.tiktok.com/@allybiochemist,"SA🇿🇦 Protein Biochemist obsessed with haircare
Helping you see haircare is fun & unique to you
📩allystresses@gmail.com",FALSE,549,160,35,,1784572345,2026-07-20T18:32:25.000Z,,,,,,,,,,,,,,,,,,,,,,,,,,,,,338,118507609,Puppy boo 2,0,haircaretips,scalpcare,haircareroutine,scalphealth,hairtips,,,,,,,,,,,,,7664679812467887381,scalphealth,FALSE,FALSE,FALSE,FALSE,"Gauteng, South Africa",,993800,953987,22535865206548810,Johannesburg,,,,,,,,https://p77-sg.tiktokcdn.com/aweme/200x200/tos-alisg-v-2774/oQXkPI69amIc9gQIAAgAgB6BWjicivrEBA8iE.jpeg,Brawling in the Barnyard,Leo the Lumberjack,7660442450968463423,Fading Light on Vinyl,FALSE,https://p77-sg.tiktokcdn.com/aweme/200x200/tos-alisg-v-2774/oQXkPI69amIc9gQIAAgAgB6BWjicivrEBA8iE.jpeg,https://sf16-ies-music-sg.tiktokcdn.com/obj/tos-alisg-ve-2774/o8Vr9WPZQcQ7EMIkZAIHiPA8aQBdaEIXwBX2i,4510,0,scalphealth,2300000000,8,,"five things that are worth the money, scalp health edition! 
what are your go to haircare products to keep your scalp healthy? 

#haircaretips #scalpcare #haircareroutine #scalphealth #hairtips ",en,https://p19-common-sign.tiktokcdn.com/tos-alisg-p-0037/oUa7QLIIIQCIAmv0NeeN6ArAjAzVUG4eDA2bEP~tplv-tiktokx-origin.image?dr=14575&x-expires=1785031200&x-signature=sHP2P6Qr21prifVd6LoDND6IVDc%3D&t=4d5b0474&ps=13740610&shp=81f88b70&shcp=43f4a2f9&idc=my2,540p,10,mp4,1024,https://p19-common-sign.tiktokcdn.com/tos-alisg-p-0037/oUa7QLIIIQCIAmv0NeeN6ArAjAzVUG4eDA2bEP~tplv-tiktokx-origin.image?dr=14575&x-expires=1785031200&x-signature=sHP2P6Qr21prifVd6LoDND6IVDc%3D&t=4d5b0474&ps=13740610&shp=81f88b70&shcp=43f4a2f9&idc=my2,,https://v16-webapp.tiktok.com/be7b61e6257b19e6e80dddaf320f4348/6a656bf9/video/tos/alisg/tos-alisg-pv-0037/3500c5b9432f4eab81abe0991364bb2c/?a=1988&bti=ODszNWYuMDE6&&bt=3398&ft=-Elcomb6PD12N6M2xn-UxGw5PY6e3wv25HcAp&mime_type=video_mp4&rc=M3V0ZXI5cmU5PDMzODczNEBpM3V0ZXI5cmU5PDMzODczNEAtaC8vMmRzZ2NhLS1kMWBzYSMtaC8vMmRzZ2NhLS1kMWBzcw%3D%3D&l=202607241007428297947BE4D84B6165BF&btag=e00070000,eng-US,ASR,automatic speech recognition,https://v16-webapp.tiktok.com/be7b61e6257b19e6e80dddaf320f4348/6a656bf9/video/tos/alisg/tos-alisg-pv-0037/3500c5b9432f4eab81abe0991364bb2c/?a=1988&bti=ODszNWYuMDE6&&bt=3398&ft=-Elcomb6PD12N6M2xn-UxGw5PY6e3wv25HcAp&mime_type=video_mp4&rc=M3V0ZXI5cmU5PDMzODczNEBpM3V0ZXI5cmU5PDMzODczNEAtaC8vMmRzZ2NhLS1kMWBzYSMtaC8vMmRzZ2NhLS1kMWBzcw%3D%3D&l=202607241007428297947BE4D84B6165BF&btag=e00070000,1:big_caption,https://api.apify.com/v2/key-value-stores/KtYoKZfFP9mS0CE5o/records/transcription-allybioche-20260720183225-7664679812467887381.txt,576,https://www.tiktok.com/@allybiochemist/video/7664679812467887381
https://p19-common-sign.tiktokcdn-us.com/tos-useast5-avt-0068-tx/f468e381361be760d63749a31850617f~tplv-tiktokx-cropcenter:720:720.jpeg?dr=9640&refresh_token=1439d747&x-expires=1785031200&x-signature=5VEe85zXyNFYxY0Qs%2FA3kjccCL0%3D&t=4d5b0474&ps=13740610&shp=a5d48078&shcp=81f88b70&idc=useast8,,,8173,709900,,1797,0,6000000,6771924418580038662,abbeyjbenson,Abbey 🤍,https://p19-common-sign.tiktokcdn-us.com/tos-useast5-avt-0068-tx/f468e381361be760d63749a31850617f~tplv-tiktokx-cropcenter:720:720.jpeg?dr=9640&refresh_token=1439d747&x-expires=1785031200&x-signature=5VEe85zXyNFYxY0Qs%2FA3kjccCL0%3D&t=4d5b0474&ps=13740610&shp=a5d48078&shcp=81f88b70&idc=useast8,FALSE,https://www.tiktok.com/@abbeyjbenson,"USTI® Certified Hair & Scalp Expert + consultant
8k+ personal hair clients 
Your guide to hair growth🍒
1-1 Custom Hair Consult 🔗 ↓",FALSE,2342,15094,222,,1781987481,2026-06-20T20:31:21.000Z,,,,,,,,,,,,,,,,,,,,,,,,,,,,,80800,118507609,Puppy boo 2,0,monat,hairgrowth,monathaircare,monatresults,hairtok,,,,,,,,,,,,,7653577872296168734,scalphealth,FALSE,FALSE,FALSE,FALSE,,,,,,,,,,,,,,https://p77-sg.tiktokcdn.com/aweme/200x200/tos-alisg-v-2774/oALd7AATvFqRDu3AIDQvNzeCgveeQkpAaSwAQG.jpeg,YOU CAN ASK THE FLOWERS - HORROR MIX,Nia Blake,7540464998919342081,YOU CAN ASK THE FLOWERSYOU CAN ASK THE FLOWERS - HORROR MIX,FALSE,https://p77-sg.tiktokcdn.com/aweme/200x200/tos-alisg-v-2774/oALd7AATvFqRDu3AIDQvNzeCgveeQkpAaSwAQG.jpeg,https://sf16-ies-music-sg.tiktokcdn.com/obj/tos-alisg-ve-2774/owpLcaCBQizgNqqLqeeGKYkoRozSVGfDSdIAFD,1100000,0,scalphealth,2300000000,1169,,"Products that promote scalp health >>>>>>>>> xoxo a certified hair and scalp expert with the US trichology institute and American medical certification association 🤍 

#monat #hairgrowth #monathaircare #monatresults #hairtok ",en,https://p16-common-sign.tiktokcdn.com/tos-useast8-p-0068-tx2/oouReg55bioAUff6d8QnFW2RGQAMeA6Uug8Dgv~tplv-tiktokx-origin.image?dr=14575&x-expires=1785031200&x-signature=yRe7QKRtfh5oh%2F7Xz7xNp%2Fmht8Q%3D&t=4d5b0474&ps=13740610&shp=81f88b70&shcp=43f4a2f9&idc=my2,720p,18,mp4,1280,https://p16-common-sign.tiktokcdn.com/tos-useast8-p-0068-tx2/oouReg55bioAUff6d8QnFW2RGQAMeA6Uug8Dgv~tplv-tiktokx-origin.image?dr=14575&x-expires=1785031200&x-signature=yRe7QKRtfh5oh%2F7Xz7xNp%2Fmht8Q%3D&t=4d5b0474&ps=13740610&shp=81f88b70&shcp=43f4a2f9&idc=my2,,,,,,,,https://api.apify.com/v2/key-value-stores/KtYoKZfFP9mS0CE5o/records/transcription-abbeyjbens-20260620203121-7653577872296168734.txt,720,https://www.tiktok.com/@abbeyjbenson/video/7653577872296168734
https://p16-common-sign.tiktokcdn.com/tos-maliva-avt-0068/e9ba785dbe1fe9600f6f282bb0094cb5~tplv-tiktokx-cropcenter:720:720.jpeg?dr=14579&refresh_token=d042543c&x-expires=1785031200&x-signature=X4KuwUA8mhUBs7zxxIXVNvz6Y20%3D&t=4d5b0474&ps=13740610&shp=a5d48078&shcp=81f88b70&idc=my2,,,243,91300,,78,0,642000,6845393092670718981,dr.ryan.md,dr.ryan.md,https://p16-common-sign.tiktokcdn.com/tos-maliva-avt-0068/e9ba785dbe1fe9600f6f282bb0094cb5~tplv-tiktokx-cropcenter:720:720.jpeg?dr=14579&refresh_token=d042543c&x-expires=1785031200&x-signature=X4KuwUA8mhUBs7zxxIXVNvz6Y20%3D&t=4d5b0474&ps=13740610&shp=a5d48078&shcp=81f88b70&idc=my2,FALSE,https://www.tiktok.com/@dr.ryan.md,"Dermatology + skincare💉
Harvard MD/MBA 👨🏻‍⚕️
⬇️ for products",FALSE,317,1,1,,1784639896,2026-07-21T13:18:16.000Z,,,,,,,,,,,,,,,,,,,,,,,,,,,,,5,118507609,Puppy boo 2,0,greasyhair,scalphealth,dermatologytips,haircareroutines,healthyscalp,,,,,,,,,,,,,7664969031073500447,scalphealth,FALSE,FALSE,FALSE,FALSE,,,,,,,,,,,,,,https://p77-sg.tiktokcdn.com/aweme/200x200/tos-alisg-v-2774/o43GTuWoiY3Vr4wAvxBciAHoURDHAEOEAZBA5.jpeg,,山口夕依,6722656094272883458,She Share Story (for Vlog),FALSE,https://p77-sg.tiktokcdn.com/aweme/200x200/tos-alisg-v-2774/o43GTuWoiY3Vr4wAvxBciAHoURDHAEOEAZBA5.jpeg,https://sf16-ies-music-sg.tiktokcdn.com/obj/tos-alisg-ve-2774/o8MseIwBE5FQku6YXHIl8ETiSBQAuQiRLgWMBA,363,0,scalphealth,2300000000,0,,"Stop fighting greasy hair! Discover four dermatologist-approved strategies to balance your scalp and finally break the frustrating daily wash cycle.

#GreasyHair #ScalpHealth #DermatologyTips #haircareroutines #HealthyScalp",en,https://p16-common-sign.tiktokcdn.com/tos-useast8-p-0068-tx2/okGgtAeRofgAw4tFSfAGQ5LIgeAgASeNG1gcSd~tplv-tiktokx-origin.image?dr=14575&x-expires=1785031200&x-signature=yd9TABfSyU6y40Sy7Gz92SaW7HM%3D&t=4d5b0474&ps=13740610&shp=81f88b70&shcp=43f4a2f9&idc=my2,720p,39,mp4,1280,https://p16-common-sign.tiktokcdn.com/tos-useast8-p-0068-tx2/okGgtAeRofgAw4tFSfAGQ5LIgeAgASeNG1gcSd~tplv-tiktokx-origin.image?dr=14575&x-expires=1785031200&x-signature=yd9TABfSyU6y40Sy7Gz92SaW7HM%3D&t=4d5b0474&ps=13740610&shp=81f88b70&shcp=43f4a2f9&idc=my2,,https://v16-webapp.tiktok.com/4b3d39648f5fdd64191d2a46e7582fdc/6a656c16/video/tos/alisg/tos-alisg-v-37c799-sg/666e28488e0f4638961dc0f2213aaf33/?a=1988&bti=ODszNWYuMDE6&&bt=8834&ft=-Elcomb6PD12N6M2xn-UxGw5PY6e3wv25HcAp&mime_type=video_mp4&rc=M3k3bXI5cjdxPDMzaTgzNEBpM3k3bXI5cjdxPDMzaTgzNEBjZWIvMmRzMGNhLS1kLzJzYSNjZWIvMmRzMGNhLS1kLzJzcw%3D%3D&l=202607241007428297947BE4D84B6165BF&btag=e00048000,eng-US,ASR,automatic speech recognition,https://v16-webapp.tiktok.com/4b3d39648f5fdd64191d2a46e7582fdc/6a656c16/video/tos/alisg/tos-alisg-v-37c799-sg/666e28488e0f4638961dc0f2213aaf33/?a=1988&bti=ODszNWYuMDE6&&bt=8834&ft=-Elcomb6PD12N6M2xn-UxGw5PY6e3wv25HcAp&mime_type=video_mp4&rc=M3k3bXI5cjdxPDMzaTgzNEBpM3k3bXI5cjdxPDMzaTgzNEBjZWIvMmRzMGNhLS1kLzJzYSNjZWIvMmRzMGNhLS1kLzJzcw%3D%3D&l=202607241007428297947BE4D84B6165BF&btag=e00048000,1:big_caption,https://api.apify.com/v2/key-value-stores/KtYoKZfFP9mS0CE5o/records/transcription-drryanmd-20260721131816-7664969031073500447.txt,720,https://www.tiktok.com/@dr.ryan.md/video/7664969031073500447
https://p16-common-sign.tiktokcdn.com/tos-maliva-avt-0068/c285b3a7c5f5e44aefdd49359418ce94~tplv-tiktokx-cropcenter:720:720.jpeg?dr=14579&refresh_token=7715ebe8&x-expires=1785031200&x-signature=ArhUYeke1QMuly7kt7pDtA3eSbQ%3D&t=4d5b0474&ps=13740610&shp=a5d48078&shcp=81f88b70&idc=my,,,7257,415,,98,0,52900,7364405880290493483,isabella.fruto01,isabella.fruto01,https://p16-common-sign.tiktokcdn.com/tos-maliva-avt-0068/c285b3a7c5f5e44aefdd49359418ce94~tplv-tiktokx-cropcenter:720:720.jpeg?dr=14579&refresh_token=7715ebe8&x-expires=1785031200&x-signature=ArhUYeke1QMuly7kt7pDtA3eSbQ%3D&t=4d5b0474&ps=13740610&shp=a5d48078&shcp=81f88b70&idc=my,FALSE,https://www.tiktok.com/@isabella.fruto01,"📍 NJ, 🇺🇸
💌 isabellafruto.pr@gmail.com
Ig: @isabellafrutomuvdi",FALSE,22,37,6,,1783559254,2026-07-09T01:07:34.000Z,,,,,,,,,,,,,,,,,,,,,,,,,,,,,2800,118507609,Puppy boo 2,0,alivelab,scalpcare,healthyscalp,haircareroutine,kbeauty,,,,,,,,,,,,,7660328583067454751,scalphealth,FALSE,FALSE,FALSE,FALSE,"New Jersey, United States",,5101798,6252001,22535796483487828,Kearny,,,,,,,,https://p77-sg.tiktokcdn.com/aweme/200x200/tos-alisg-v-2774/oExOANUABjiiaiEWSkYADGEpEECrCxNAYRApP.jpeg,Venus and Flower,Austin Farwell,7603351654578210832,Venus and Flower,FALSE,https://p77-sg.tiktokcdn.com/aweme/200x200/tos-alisg-v-2774/oExOANUABjiiaiEWSkYADGEpEECrCxNAYRApP.jpeg,https://sf16-ies-music-sg.tiktokcdn.com/obj/tos-alisg-ve-2774/ogxtQuFh6IDPGkOC7SagfeE6pEMnZPnBQ1sIjB,8174,0,scalphealth,2300000000,3,,"Healthy hair starts with a healthy scalp ✨🫧 I’ve been loving how fresh and clean my scalp feels after using the ALIVELAB Scalp Shampoo. If you’re looking to refresh your hair care routine, this is definitely worth trying! 

@alivelab_global

💙 #ALIVELAB #ScalpCare #HealthyScalp #HairCareRoutine #KBeauty ",en,https://p16-common-sign.tiktokcdn.com/tos-useast8-p-0068-tx2/oggfQUcGJGAF9efvZ8LIQGpFdRvAIFaOQgeDOI~tplv-tiktokx-origin.image?dr=14575&x-expires=1785031200&x-signature=4N9XJS0YMoOmchfIQ2sO3MiMo3g%3D&t=4d5b0474&ps=13740610&shp=81f88b70&shcp=43f4a2f9&idc=my2,720p,32,mp4,1280,https://p16-common-sign.tiktokcdn.com/tos-useast8-p-0068-tx2/oggfQUcGJGAF9efvZ8LIQGpFdRvAIFaOQgeDOI~tplv-tiktokx-origin.image?dr=14575&x-expires=1785031200&x-signature=4N9XJS0YMoOmchfIQ2sO3MiMo3g%3D&t=4d5b0474&ps=13740610&shp=81f88b70&shcp=43f4a2f9&idc=my2,,,,,,,,https://api.apify.com/v2/key-value-stores/KtYoKZfFP9mS0CE5o/records/transcription-isabellafr-20260709010734-7660328583067454751.txt,720,https://www.tiktok.com/@isabella.fruto01/video/7660328583067454751
https://p16-common-sign.tiktokcdn.com/tos-maliva-avt-0068/8ac03c77fac7b1dec8c36d4617c159e9~tplv-tiktokx-cropcenter:720:720.jpeg?dr=14579&refresh_token=bfd47da0&x-expires=1785031200&x-signature=CaC55twtYjNGHPNBYYzdslrB5S8%3D&t=4d5b0474&ps=13740610&shp=a5d48078&shcp=81f88b70&idc=my,,,104500,25400,,216,0,2700000,83385498483744768,careaboutyour_hair,careaboutyour_hair💘,https://p16-common-sign.tiktokcdn.com/tos-maliva-avt-0068/8ac03c77fac7b1dec8c36d4617c159e9~tplv-tiktokx-cropcenter:720:720.jpeg?dr=14579&refresh_token=bfd47da0&x-expires=1785031200&x-signature=CaC55twtYjNGHPNBYYzdslrB5S8%3D&t=4d5b0474&ps=13740610&shp=a5d48078&shcp=81f88b70&idc=my,FALSE,https://www.tiktok.com/@careaboutyour_hair,"Use my codes down below 
to safe some $⬇️ 

💌Collabs/PR: maya.larin@web.de
Based in Germany",FALSE,269,2281,932,,1779995996,2026-05-28T19:19:56.000Z,,,,,,,,,,,,,,,,,,,,,,,,,,,,,95900,118507609,Puppy boo 2,0,hairgrowth,hairwash,longhair,scalphealth,hairwashday,,,,,,,,,,,,,7645024578066042144,scalphealth,FALSE,FALSE,FALSE,FALSE,,,,,,,,,,,,,,https://p16-common-sign.tiktokcdn.com/tos-maliva-avt-0068/72f9ec6aeccb8458ef61c9971690e2b1~tplv-tiktokx-cropcenter:720:720.jpeg?dr=14579&refresh_token=aef94855&x-expires=1785031200&x-signature=m6h2cXjFOJ9ww3lu%2BYJune%2Fj6vE%3D&t=4d5b0474&ps=13740610&shp=a5d48078&shcp=81f88b70&idc=my2,,Cartoons Gags,7282442659436530437,original sound,TRUE,https://p16-common-sign.tiktokcdn.com/tos-maliva-avt-0068/72f9ec6aeccb8458ef61c9971690e2b1~tplv-tiktokx-cropcenter:720:720.jpeg?dr=14579&refresh_token=aef94855&x-expires=1785031200&x-signature=m6h2cXjFOJ9ww3lu%2BYJune%2Fj6vE%3D&t=4d5b0474&ps=13740610&shp=a5d48078&shcp=81f88b70&idc=my2,https://v77.tiktokcdn.com/e4701476b0f8c4e3655c496ea59f633a/6a641ac9/video/tos/useast2a/tos-useast2a-v-27dcd7/oIBDEzBlBQAEEAJtAhdwtAJCQAyzEfDeGJjbyU/?a=1180&bti=ODszNWYuMDE6&&bt=125&ft=.NpOcInz7The_T8GXq8Zmo&mime_type=audio_mpeg&rc=ajxkajY6ZjM5bjMzNzU8M0BpajxkajY6ZjM5bjMzNzU8M0BqM3ItcjRfcjVgLS1kMTZzYSNqM3ItcjRfcjVgLS1kMTZzcw%3D%3D&vvpl=1&l=202607241007428297947BE4D84B6165BF&btag=e00050000,1400000,0,scalphealth,2300000000,386,,A clean scalp is basically the VIP lounge for healthy hair growth 🫧#hairgrowth #hairwash  #longhair #scalphealth #hairwashday  ,en,https://p16-common-sign.tiktokcdn.com/tos-useast2a-p-0037-euttp/owVE5fJYvQuRDbAIAH1EAbCmlDGFExdnqfVHAA~tplv-tiktokx-origin.image?dr=14575&x-expires=1785031200&x-signature=A1F8sJyIROkOQ0hOU9gKj41DZuQ%3D&t=4d5b0474&ps=13740610&shp=81f88b70&shcp=43f4a2f9&idc=my2,540p,8,mp4,1024,https://p16-common-sign.tiktokcdn.com/tos-useast2a-p-0037-euttp/owVE5fJYvQuRDbAIAH1EAbCmlDGFExdnqfVHAA~tplv-tiktokx-origin.image?dr=14575&x-expires=1785031200&x-signature=A1F8sJyIROkOQ0hOU9gKj41DZuQ%3D&t=4d5b0474&ps=13740610&shp=81f88b70&shcp=43f4a2f9&idc=my2,,https://v16-webapp.tiktok.com/1c8a1fdbe123f907eea843e3d6b75be2/6a656bf7/video/tos/useast2a/tos-useast2a-v-0037-euttp/433d83563c4d413aaff70beab0f49a53/?a=1988&bti=ODszNWYuMDE6&&bt=12154&ft=-Elcomb6PD12N6M2xn-UxGw5PY6e3wv25HcAp&mime_type=video_mp4&rc=anZ4dHc5cnQ8OzMzZjczNUBpanZ4dHc5cnQ8OzMzZjczNUBjZmhyMmRrNGBhLS1kMTNzYSNjZmhyMmRrNGBhLS1kMTNzcw%3D%3D&l=202607241007428297947BE4D84B6165BF&btag=e00070000,eng-US,ASR,automatic speech recognition,https://v16-webapp.tiktok.com/1c8a1fdbe123f907eea843e3d6b75be2/6a656bf7/video/tos/useast2a/tos-useast2a-v-0037-euttp/433d83563c4d413aaff70beab0f49a53/?a=1988&bti=ODszNWYuMDE6&&bt=12154&ft=-Elcomb6PD12N6M2xn-UxGw5PY6e3wv25HcAp&mime_type=video_mp4&rc=anZ4dHc5cnQ8OzMzZjczNUBpanZ4dHc5cnQ8OzMzZjczNUBjZmhyMmRrNGBhLS1kMTNzYSNjZmhyMmRrNGBhLS1kMTNzcw%3D%3D&l=202607241007428297947BE4D84B6165BF&btag=e00070000,1:big_caption,https://api.apify.com/v2/key-value-stores/KtYoKZfFP9mS0CE5o/records/transcription-careabouty-20260528191956-7645024578066042144.txt,576,https://www.tiktok.com/@careaboutyour_hair/video/7645024578066042144
https://p16-common-sign.tiktokcdn.com/tos-maliva-avt-0068/951a1ec2c919e2fce98e9d3889983652~tplv-tiktokx-cropcenter:720:720.jpeg?dr=14579&refresh_token=13945d9d&x-expires=1785031200&x-signature=eJjB%2F8FaymfUM5BXgFMM43224IQ%3D&t=4d5b0474&ps=13740610&shp=a5d48078&shcp=81f88b70&idc=my2,,,80,2695,,3,0,15700,7593875767164306445,scalplogical,Scalp Logical,https://p16-common-sign.tiktokcdn.com/tos-maliva-avt-0068/951a1ec2c919e2fce98e9d3889983652~tplv-tiktokx-cropcenter:720:720.jpeg?dr=14579&refresh_token=13945d9d&x-expires=1785031200&x-signature=eJjB%2F8FaymfUM5BXgFMM43224IQ%3D&t=4d5b0474&ps=13740610&shp=a5d48078&shcp=81f88b70&idc=my2,FALSE,https://www.tiktok.com/@scalplogical,"🔬 The Science of Density.
🌱 Scalp First. Hair Second.
🛡️ Education Only. Not Medical Advice.
🔽 Gateway to Better Hair.",FALSE,73,68,5,,1772553270,2026-03-03T15:54:30.000Z,,,,,,,,,,,,,,,,,,,,,,,,,,,,,1333,118507609,Puppy boo 2,0,preworkout,hairloss,fitnessmotivation,scalphealth,gymadvice,,,,,,,,,,,,,7613045450039430413,scalphealth,FALSE,FALSE,FALSE,FALSE,,,,,,,,,,,,,,https://p77-sg.tiktokcdn.com/aweme/200x200/tos-alisg-v-2774/1a24974b2f9649338d54a7565e79c22a.jpeg,,P&P Music,7383024774152325130,临床试验 - Clinical Trials376,FALSE,https://p77-sg.tiktokcdn.com/aweme/200x200/tos-alisg-v-2774/1a24974b2f9649338d54a7565e79c22a.jpeg,https://sf16-ies-music-sg.tiktokcdn.com/obj/tos-alisg-ve-2774/osj4kDbQqEFcAvZftg1r4DmbjTZJdCbfEYaBg1,59000,0,scalphealth,2300000000,12,,"Is your pre-workout starving your scalp? Learn how common ingredients impact hair health.
 هل مكملات الـ Pre-workout تجوع فروة رأسك؟ اكتشف كيف تؤثر المكونات الشائعة على صحة شعرك.
Disclaimer: Content provided by ScalpLogical is for educational and informational purposes only and does not constitute medical advice. Always consult with a qualified healthcare professional for specific scalp or skin conditions.
#preworkout #hairloss #fitnessmotivation #scalphealth #gymadvice ",en,https://p16-common-sign.tiktokcdn.com/tos-useast5-p-0068-tx/okDN3TiIEBw0WW0foBipnFC9MDHAoCAEBA4IC3~tplv-tiktokx-origin.image?dr=14575&x-expires=1785031200&x-signature=d7Ksd5waFljwPBvgeOqx%2Fub%2B6b4%3D&t=4d5b0474&ps=13740610&shp=81f88b70&shcp=43f4a2f9&idc=my2,720p,34,mp4,1280,https://p16-common-sign.tiktokcdn.com/tos-useast5-p-0068-tx/okDN3TiIEBw0WW0foBipnFC9MDHAoCAEBA4IC3~tplv-tiktokx-origin.image?dr=14575&x-expires=1785031200&x-signature=d7Ksd5waFljwPBvgeOqx%2Fub%2B6b4%3D&t=4d5b0474&ps=13740610&shp=81f88b70&shcp=43f4a2f9&idc=my2,,https://v16-webapp.tiktok.com/dad68bd119480cc300288e32dae7cbed/6a656c11/video/tos/alisg/tos-alisg-v-37c799-sg/0ee8777649c1407f8dfedeca377695f7/?a=1988&bti=ODszNWYuMDE6&&bt=9527&ft=-Elcomb6PD12N6M2xn-UxGw5PY6e3wv25HcAp&mime_type=video_mp4&rc=M3E2ZHE5cmVqOTMzZzczNEBpM3E2ZHE5cmVqOTMzZzczNEAzby0vMmRjNGdhLS1kMS9zYSMzby0vMmRjNGdhLS1kMS9zcw%3D%3D&l=202607241007428297947BE4D84B6165BF&btag=e00050000,eng-US,ASR,automatic speech recognition,https://v16-webapp.tiktok.com/dad68bd119480cc300288e32dae7cbed/6a656c11/video/tos/alisg/tos-alisg-v-37c799-sg/0ee8777649c1407f8dfedeca377695f7/?a=1988&bti=ODszNWYuMDE6&&bt=9527&ft=-Elcomb6PD12N6M2xn-UxGw5PY6e3wv25HcAp&mime_type=video_mp4&rc=M3E2ZHE5cmVqOTMzZzczNEBpM3E2ZHE5cmVqOTMzZzczNEAzby0vMmRjNGdhLS1kMS9zYSMzby0vMmRjNGdhLS1kMS9zcw%3D%3D&l=202607241007428297947BE4D84B6165BF&btag=e00050000,1:big_caption,https://api.apify.com/v2/key-value-stores/KtYoKZfFP9mS0CE5o/records/transcription-scalplogic-20260303155430-7613045450039430413.txt,720,https://www.tiktok.com/@scalplogical/video/7613045450039430413
https://p16-common-sign.tiktokcdn-us.com/tos-useast8-avt-0068-tx2/7840a6ad7a4b4dfe4cc332de504eee7e~tplv-tiktokx-cropcenter:720:720.jpeg?dr=9640&refresh_token=8b10bd8d&x-expires=1785031200&x-signature=N6RyPvFa5lzKX0m96C2YLbfXYBU%3D&t=4d5b0474&ps=13740610&shp=a5d48078&shcp=81f88b70&idc=useast5,,,26000,107700,,66,0,5300000,7452112668931441710,ava.roxana,Ava 🐆,https://p16-common-sign.tiktokcdn-us.com/tos-useast8-avt-0068-tx2/7840a6ad7a4b4dfe4cc332de504eee7e~tplv-tiktokx-cropcenter:720:720.jpeg?dr=9640&refresh_token=8b10bd8d&x-expires=1785031200&x-signature=N6RyPvFa5lzKX0m96C2YLbfXYBU%3D&t=4d5b0474&ps=13740610&shp=a5d48078&shcp=81f88b70&idc=useast5,FALSE,https://www.tiktok.com/@ava.roxana,"19 ⭐️ SoCal📍
I have the best tips 
💌 ava@rapturemind.com
All products linked ⬇️",FALSE,191,4519,83,,1782878193,2026-07-01T03:56:33.000Z,7343874764794577927,epais.global,epais,https://www.tiktok.com/@7343874764794577927,,,,,,,,,,,,,,,,,,,,,,,,,13800,118507609,Puppy boo 2,0,,hair,scalpcare,hairtransformation,epais,scalpboostingampoule,,,,,,,,,,,,7657403460542844191,scalphealth,TRUE,FALSE,FALSE,FALSE,,,,,,,@epais,,,,,,,https://p16-common-sign.tiktokcdn.com/tos-maliva-avt-0068/7840a6ad7a4b4dfe4cc332de504eee7e~tplv-tiktokx-cropcenter:720:720.jpeg?dr=14579&refresh_token=2bdb156e&x-expires=1785031200&x-signature=Gf76oolvaeKGL3zPIRQVf0VHdsU%3D&t=4d5b0474&ps=13740610&shp=a5d48078&shcp=81f88b70&idc=my2,,Ava 🐆,7657403477157874463,original sound,TRUE,https://p16-common-sign.tiktokcdn.com/tos-maliva-avt-0068/7840a6ad7a4b4dfe4cc332de504eee7e~tplv-tiktokx-cropcenter:720:720.jpeg?dr=14579&refresh_token=2bdb156e&x-expires=1785031200&x-signature=Gf76oolvaeKGL3zPIRQVf0VHdsU%3D&t=4d5b0474&ps=13740610&shp=a5d48078&shcp=81f88b70&idc=my2,https://v77.tiktokcdn.com/32b6cae9f351acfdf268fae3f2fda2a1/6a641a96/video/tos/maliva/tos-maliva-v-27dcd7c799-us/oERCAy4fCJ2UFIEpIff4THPDAEboqhA8wEiGIA/?a=1180&bti=ODszNWYuMDE6&&bt=125&ft=.NpOcInz7The_T8GXq8Zmo&mime_type=audio_mpeg&rc=Mzo8Om45cng7PDMzaTU8NEBpMzo8Om45cng7PDMzaTU8NEByZmRwMmQ0cy9hLS1kMTJzYSNyZmRwMmQ0cy9hLS1kMTJzcw%3D%3D&vvpl=1&l=202607241007428297947BE4D84B6165BF&btag=e00060000,182400,0,scalphealth,2300000000,484,,"The one l swear by @epais Scalp
Boosting Ampoule #hair#scalpcare#hairtransformation #EPAIS #ScalpBoostingAmpoule",en,https://p16-common-sign.tiktokcdn.com/tos-useast8-p-0068-tx2/oMQAQUa8j9jIaARGdHEpfAXfeAeMFCAQA4Y2JJ~tplv-tiktokx-origin.image?dr=14575&x-expires=1785031200&x-signature=wans3s4OOrqOsqTxJMoPvIxGXTA%3D&t=4d5b0474&ps=13740610&shp=81f88b70&shcp=43f4a2f9&idc=my2,720p,39,mp4,1280,https://p16-common-sign.tiktokcdn.com/tos-useast8-p-0068-tx2/oMQAQUa8j9jIaARGdHEpfAXfeAeMFCAQA4Y2JJ~tplv-tiktokx-origin.image?dr=14575&x-expires=1785031200&x-signature=wans3s4OOrqOsqTxJMoPvIxGXTA%3D&t=4d5b0474&ps=13740610&shp=81f88b70&shcp=43f4a2f9&idc=my2,,https://v16-webapp.tiktok.com/12309ba7e5b604fd8c79e2c23ce47403/6a656c16/video/tos/alisg/tos-alisg-v-37c799-sg/89aa040cf3494dbd8019bc5a3d6f01dd/?a=1988&bti=ODszNWYuMDE6&&bt=11050&ft=-Elcomb6PD12N6M2xn-UxGw5PY6e3wv25HcAp&mime_type=video_mp4&rc=M2xsZHg5cmY7PDMzaTczNEBpM2xsZHg5cmY7PDMzaTczNEBqa2ViMmRzZy9hLS1kMTJzYSNqa2ViMmRzZy9hLS1kMTJzcw%3D%3D&l=202607241007428297947BE4D84B6165BF&btag=e00050000,eng-US,ASR,automatic speech recognition,https://v16-webapp.tiktok.com/12309ba7e5b604fd8c79e2c23ce47403/6a656c16/video/tos/alisg/tos-alisg-v-37c799-sg/89aa040cf3494dbd8019bc5a3d6f01dd/?a=1988&bti=ODszNWYuMDE6&&bt=11050&ft=-Elcomb6PD12N6M2xn-UxGw5PY6e3wv25HcAp&mime_type=video_mp4&rc=M2xsZHg5cmY7PDMzaTczNEBpM2xsZHg5cmY7PDMzaTczNEBqa2ViMmRzZy9hLS1kMTJzYSNqa2ViMmRzZy9hLS1kMTJzcw%3D%3D&l=202607241007428297947BE4D84B6165BF&btag=e00050000,1:big_caption,https://api.apify.com/v2/key-value-stores/KtYoKZfFP9mS0CE5o/records/transcription-avaroxana-20260701035633-7657403460542844191.txt,720,https://www.tiktok.com/@ava.roxana/video/7657403460542844191
https://p16-common-sign.tiktokcdn.com/tos-maliva-avt-0068/1920815555a00047dc051f3184edfc44~tplv-tiktokx-cropcenter:720:720.jpeg?dr=14579&refresh_token=8bd5f605&x-expires=1785031200&x-signature=%2BVv0BJ9mxJm1zNpU3YbLpN5aJ%2FQ%3D&t=4d5b0474&ps=13740610&shp=a5d48078&shcp=81f88b70&idc=my2,,,29,280400,,13,0,1800000,7593534384159769613,yaofacial,Yao Facial,https://p16-common-sign.tiktokcdn.com/tos-maliva-avt-0068/1920815555a00047dc051f3184edfc44~tplv-tiktokx-cropcenter:720:720.jpeg?dr=14579&refresh_token=8bd5f605&x-expires=1785031200&x-signature=%2BVv0BJ9mxJm1zNpU3YbLpN5aJ%2FQ%3D&t=4d5b0474&ps=13740610&shp=a5d48078&shcp=81f88b70&idc=my2,FALSE,https://www.tiktok.com/@yaofacial,"💌Business: yao@glowgroup.studio
Eastern Facial Anti-Aging
Massage • Posture • Daily Practice
Full Program 👇",FALSE,80,7140,80,,1783557351,2026-07-09T00:35:51.000Z,,,,,,,,,,,,,,,,,,,,,,,,,,,,,14300,118507609,Puppy boo 2,0,hairline,scalpmassage,scalphealth,haircaretips,healthyhair,,,,,,,,,,,,,7660320399430929694,scalphealth,FALSE,FALSE,FALSE,FALSE,"Los Angeles, United States",,116023605,6252001,21568295348705277,Los Angeles,,,,,,,,https://p16-common-sign.tiktokcdn.com/tos-maliva-avt-0068/1920815555a00047dc051f3184edfc44~tplv-tiktokx-cropcenter:720:720.jpeg?dr=14579&refresh_token=8bd5f605&x-expires=1785031200&x-signature=%2BVv0BJ9mxJm1zNpU3YbLpN5aJ%2FQ%3D&t=4d5b0474&ps=13740610&shp=a5d48078&shcp=81f88b70&idc=my2,,Yao Facial,7660320431148206879,original sound,TRUE,https://p16-common-sign.tiktokcdn.com/tos-maliva-avt-0068/1920815555a00047dc051f3184edfc44~tplv-tiktokx-cropcenter:720:720.jpeg?dr=14579&refresh_token=8bd5f605&x-expires=1785031200&x-signature=%2BVv0BJ9mxJm1zNpU3YbLpN5aJ%2FQ%3D&t=4d5b0474&ps=13740610&shp=a5d48078&shcp=81f88b70&idc=my2,https://v77.tiktokcdn.com/ff38f2a232d68884e777f01283048de6/6a641ad2/video/tos/maliva/tos-maliva-v-27dcd7c799-us/oYkBAO8EvOVLoE7iAP82bAlqRCiBA6A6sa7dY/?a=1180&bti=ODszNWYuMDE6&&bt=125&ft=.NpOcInz7The_T8GXq8Zmo&mime_type=audio_mpeg&rc=M3Y0aHY5cnRoPDMzaTU8NEBpM3Y0aHY5cnRoPDMzaTU8NEBgb2lvMmRrbTRhLS1kMTJzYSNgb2lvMmRrbTRhLS1kMTJzcw%3D%3D&vvpl=1&l=202607241007428297947BE4D84B6165BF&btag=e00060000,474200,0,scalphealth,2300000000,2880,,"Hairline receding? Try these 3 scalp massage techniques to release scalp tension, improve scalp mobility, and support a healthier scalp environment. Consistency matters! Save this routine and try it for a few minutes each day.

💬 Which move feels the best? Let me know below!#hairline #scalpmassage #scalphealth #haircaretips #healthyhair ",en,https://p16-common-sign.tiktokcdn.com/tos-useast8-p-0068-tx2/oEmETZFTbEDaHzBAzAwAflEfqOIdRvvEVmOu7B~tplv-tiktokx-origin.image?dr=14575&x-expires=1785031200&x-signature=sQLJohEFwy8NMfff8jRNkP1dbmc%3D&t=4d5b0474&ps=13740610&shp=81f88b70&shcp=43f4a2f9&idc=my2,720p,99,mp4,1280,https://p16-common-sign.tiktokcdn.com/tos-useast8-p-0068-tx2/oEmETZFTbEDaHzBAzAwAflEfqOIdRvvEVmOu7B~tplv-tiktokx-origin.image?dr=14575&x-expires=1785031200&x-signature=sQLJohEFwy8NMfff8jRNkP1dbmc%3D&t=4d5b0474&ps=13740610&shp=81f88b70&shcp=43f4a2f9&idc=my2,,,,,,,,https://api.apify.com/v2/key-value-stores/KtYoKZfFP9mS0CE5o/records/transcription-yaofacial-20260709003551-7660320399430929694.txt,720,https://www.tiktok.com/@yaofacial/video/7660320399430929694
https://p16-common-sign.tiktokcdn.com/tos-maliva-avt-0068/3f9e78f9ff82ea91d26a7e83507d9edc~tplv-tiktokx-cropcenter:720:720.jpeg?dr=14579&refresh_token=338feab6&x-expires=1785031200&x-signature=9oDbK16olOE4abh%2FP0YZAhpWHlc%3D&t=4d5b0474&ps=13740610&shp=a5d48078&shcp=81f88b70&idc=my2,,,5657,1600000,,214,0,84000000,6744160224883540998,aylennpark,Aylen Park,https://p16-common-sign.tiktokcdn.com/tos-maliva-avt-0068/3f9e78f9ff82ea91d26a7e83507d9edc~tplv-tiktokx-cropcenter:720:720.jpeg?dr=14579&refresh_token=338feab6&x-expires=1785031200&x-signature=9oDbK16olOE4abh%2FP0YZAhpWHlc%3D&t=4d5b0474&ps=13740610&shp=a5d48078&shcp=81f88b70&idc=my2,FALSE,https://www.tiktok.com/@aylennpark,"✨IG: aylenpark 
✨aylen@underscoretalent.com 
⇓ Amazon Storefront ⇓",TRUE,1318,8350,123,,1716342162,2024-05-22T01:42:42.000Z,7312371480766202885,parkjun_daechi,박준뷰티랩 대치점,https://www.tiktok.com/@7312371480766202885,6685560783122187265,parkjun_mx,parkjun_mx,https://www.tiktok.com/@6685560783122187265,6875696118446081026,parkjun_geantae,parkjun_geaontae,https://www.tiktok.com/@6875696118446081026,,,,,,,,,,,,,,,,,37000,118507609,Puppy boo 2,0,,,,korea,scalptreatment,hair,koreanhair,koreanhairsalon,koreatravel,kbeauty,thingstodoinkorea,fyp,,,,,,7371633430074920238,scalphealth,FALSE,FALSE,FALSE,FALSE,,,,,,,@박준뷰티랩 대치점,@parkjun_mx,@parkjun_geaontae,,,,,https://p16-common-sign.tiktokcdn.com/tos-maliva-avt-0068/3f9e78f9ff82ea91d26a7e83507d9edc~tplv-tiktokx-cropcenter:720:720.jpeg?dr=14579&refresh_token=338feab6&x-expires=1785031200&x-signature=9oDbK16olOE4abh%2FP0YZAhpWHlc%3D&t=4d5b0474&ps=13740610&shp=a5d48078&shcp=81f88b70&idc=my2,,Aylen Park,7371633470679812910,original sound,TRUE,https://p16-common-sign.tiktokcdn.com/tos-maliva-avt-0068/3f9e78f9ff82ea91d26a7e83507d9edc~tplv-tiktokx-cropcenter:720:720.jpeg?dr=14579&refresh_token=338feab6&x-expires=1785031200&x-signature=9oDbK16olOE4abh%2FP0YZAhpWHlc%3D&t=4d5b0474&ps=13740610&shp=a5d48078&shcp=81f88b70&idc=my2,https://v77.tiktokcdn.com/30a49da7eaf4f4263e9adba9eb9a0f83/6a641ac5/video/tos/maliva/tos-maliva-v-27dcd7c799-us/oYNa2mHwEeSUCFoC3ASIAgDmRXATBEDrUIyfJB/?a=1180&bti=ODszNWYuMDE6&&bt=125&ft=.NpOcInz7The_T8GXq8Zmo&mime_type=audio_mpeg&rc=MzN1M285cjhuczMzZzU8NEBpMzN1M285cjhuczMzZzU8NEBla3BwMmRzbzNgLS1kMS9zYSNla3BwMmRzbzNgLS1kMS9zcw%3D%3D&vvpl=1&l=202607241007428297947BE4D84B6165BF&btag=e00060000,645400,0,scalphealth,2300000000,4579,,"This 15 step scalp treatment was one of the best things I’ve done in Korea so far😍  
📍ParkJun Beauty Lab (Daechi Branch) @박준뷰티랩 대치점 @parkjun_mx @parkjun_geaontae 

#korea #scalptreatment #hair #koreanhair #koreanhairsalon #koreatravel #kbeauty #thingstodoinkorea #fyp ",en,https://p16-common-sign.tiktokcdn.com/tos-useast5-p-0068-tx/oMMreDSDmBmgXhuFEniUhAInEDaafTsgzRQxCl~tplv-tiktokx-dmt-logom:tos-useast5-i-0068-tx/ookCjBAk8vmE4TIZNA1mPBgSiiGVC4AAYEBNb.image?dr=14573&x-expires=1785031200&x-signature=%2FWyRbfxs%2F%2BacRHCwtorN2Xh4jOA%3D&t=4d5b0474&ps=13740610&shp=81f88b70&shcp=43f4a2f9&idc=my2,540p,86,mp4,1024,https://p16-common-sign.tiktokcdn.com/tos-useast5-p-0068-tx/oMMreDSDmBmgXhuFEniUhAInEDaafTsgzRQxCl~tplv-tiktokx-dmt-logom:tos-useast5-i-0068-tx/ookCjBAk8vmE4TIZNA1mPBgSiiGVC4AAYEBNb.image?dr=14573&x-expires=1785031200&x-signature=%2FWyRbfxs%2F%2BacRHCwtorN2Xh4jOA%3D&t=4d5b0474&ps=13740610&shp=81f88b70&shcp=43f4a2f9&idc=my2,,https://v16-webapp.tiktok.com/3e2ea1c424b40498d1a243e9afbd6197/6a656c45/video/tos/alisg/tos-alisg-v-37c799-sg/cd30819fa3b147efb76e58813c367bb3/?a=1988&bti=ODszNWYuMDE6&&bt=12481&ft=-Elcomb6PD12N6M2xn-UxGw5PY6e3wv25HcAp&mime_type=video_mp4&rc=M2VveGo5cnNuczMzZzczNEBpM2VveGo5cnNuczMzZzczNEBnYmE2MmRjaTNgLS1kMS9zYSNnYmE2MmRjaTNgLS1kMS9zcw%3D%3D&l=202607241007428297947BE4D84B6165BF&btag=e00050000,eng-US,ASR,automatic speech recognition,https://v16-webapp.tiktok.com/3e2ea1c424b40498d1a243e9afbd6197/6a656c45/video/tos/alisg/tos-alisg-v-37c799-sg/cd30819fa3b147efb76e58813c367bb3/?a=1988&bti=ODszNWYuMDE6&&bt=12481&ft=-Elcomb6PD12N6M2xn-UxGw5PY6e3wv25HcAp&mime_type=video_mp4&rc=M2VveGo5cnNuczMzZzczNEBpM2VveGo5cnNuczMzZzczNEBnYmE2MmRjaTNgLS1kMS9zYSNnYmE2MmRjaTNgLS1kMS9zcw%3D%3D&l=202607241007428297947BE4D84B6165BF&btag=e00050000,1:whisper_lid,https://api.apify.com/v2/key-value-stores/KtYoKZfFP9mS0CE5o/records/transcription-aylennpark-20240522014242-7371633430074920238.txt,576,https://www.tiktok.com/@aylennpark/video/7371633430074920238
https://p16-common-sign.tiktokcdn.com/tos-maliva-avt-0068/c24f5dbfec3a85b6c34d9bc8710937a6~tplv-tiktokx-cropcenter:720:720.jpeg?dr=14579&refresh_token=b5906593&x-expires=1785031200&x-signature=91VAiHp%2FmFkvmSObVUVFCaEMxLg%3D&t=4d5b0474&ps=13740610&shp=a5d48078&shcp=81f88b70&idc=my,,,49900,173200,,108,0,3800000,7254256970375758894,lenecares,JAS LENÉ,https://p16-common-sign.tiktokcdn.com/tos-maliva-avt-0068/c24f5dbfec3a85b6c34d9bc8710937a6~tplv-tiktokx-cropcenter:720:720.jpeg?dr=14579&refresh_token=b5906593&x-expires=1785031200&x-signature=91VAiHp%2FmFkvmSObVUVFCaEMxLg%3D&t=4d5b0474&ps=13740610&shp=a5d48078&shcp=81f88b70&idc=my,FALSE,https://www.tiktok.com/@lenecares,"🌞 Nurture Your Crown
🪻 Herbal hair & nail recipes & tips
🌗 Scalp massage tutorials & rituals",FALSE,360,1364,24,,1783369459,2026-07-06T20:24:19.000Z,,,,,,,,,,,,,,,,,,,,,,,,,,,,,2513,118507609,Puppy boo 2,0,hairgrowth,haircare,scalpmassage,hairgrowthtips,haircaretips,,,,,,,,,,,,,7659513415316081950,scalphealth,FALSE,FALSE,FALSE,FALSE,,,,,,,,,,,,,,https://p16-common-sign.tiktokcdn.com/tos-maliva-avt-0068/4f043ac24f377a4e8b97d1f01e407828~tplv-tiktokx-cropcenter:720:720.jpeg?dr=14579&refresh_token=2cdf4735&x-expires=1785031200&x-signature=tdWGkU7Q6dWJfAEEjID3bcLwYzU%3D&t=4d5b0474&ps=13740610&shp=a5d48078&shcp=81f88b70&idc=my2,,Carritos económicos,7596418848174344982,sonido original,TRUE,https://p16-common-sign.tiktokcdn.com/tos-maliva-avt-0068/4f043ac24f377a4e8b97d1f01e407828~tplv-tiktokx-cropcenter:720:720.jpeg?dr=14579&refresh_token=2cdf4735&x-expires=1785031200&x-signature=tdWGkU7Q6dWJfAEEjID3bcLwYzU%3D&t=4d5b0474&ps=13740610&shp=a5d48078&shcp=81f88b70&idc=my2,https://v77.tiktokcdn.com/ee2023ec4bc29a103613d7d6e354be11/6a641cba/video/tos/no1a/tos-no1a-v-2370-no/okD8TADz1DefaAgQX4gSIe3EA81FIoStLIAEWT/?a=1180&bti=ODszNWYuMDE6&&bt=125&ft=.NpOcInz7The_T8GXq8Zmo&mime_type=audio_mpeg&rc=Mzw0NXQ5cmd4ODMzbzU8NUBpMzw0NXQ5cmd4ODMzbzU8NUBzYTZyMmRzYWlhLS1kMTFzYSNzYTZyMmRzYWlhLS1kMTFzcw%3D%3D&vvpl=1&l=202607241007428297947BE4D84B6165BF&btag=e00060000,52400,0,scalphealth,2300000000,277,,"Short scalp massage routine for stimulating the scalp and healthy circulation for hair health.

#hairgrowth #haircare #scalpmassage #hairgrowthtips #haircaretips ",en,https://p16-common-sign.tiktokcdn.com/tos-useast8-p-0068-tx2/ok3EA7qIMsaDqCLDAxVvAfEVFEARBATkEeILAE~tplv-tiktokx-dmt-logom:tos-useast8-i-0068-tx2/oYUAqfwPjELQBALj8IbgEeNAAmISAweEU3OGII.image?dr=14573&x-expires=1785031200&x-signature=4sL6mffiYsKH7yQcQguYhaurxkM%3D&t=4d5b0474&ps=13740610&shp=81f88b70&shcp=43f4a2f9&idc=my2,720p,184,mp4,1280,https://p16-common-sign.tiktokcdn.com/tos-useast8-p-0068-tx2/ok3EA7qIMsaDqCLDAxVvAfEVFEARBATkEeILAE~tplv-tiktokx-dmt-logom:tos-useast8-i-0068-tx2/oYUAqfwPjELQBALj8IbgEeNAAmISAweEU3OGII.image?dr=14573&x-expires=1785031200&x-signature=4sL6mffiYsKH7yQcQguYhaurxkM%3D&t=4d5b0474&ps=13740610&shp=81f88b70&shcp=43f4a2f9&idc=my2,,https://v16-webapp.tiktok.com/3ecc121a5f269b22d6b8320faaf12118/6a656ca7/video/tos/alisg/tos-alisg-v-37c799-sg/03cb25d1fcb4495dbd6a53f45d6e1eb8/?a=1988&bti=ODszNWYuMDE6&&bt=11694&ft=-Elcomb6PD12N6M2xn-UxGw5PY6e3wv25HcAp&mime_type=video_mp4&rc=M3A5ank5cmozPDMzaTczNEBpM3A5ank5cmozPDMzaTczNEAwLXJiMmRjbTNhLS1kMTJzYSMwLXJiMmRjbTNhLS1kMTJzcw%3D%3D&l=202607241007428297947BE4D84B6165BF&btag=e00048000,eng-US,ASR,automatic speech recognition,https://v16-webapp.tiktok.com/3ecc121a5f269b22d6b8320faaf12118/6a656ca7/video/tos/alisg/tos-alisg-v-37c799-sg/03cb25d1fcb4495dbd6a53f45d6e1eb8/?a=1988&bti=ODszNWYuMDE6&&bt=11694&ft=-Elcomb6PD12N6M2xn-UxGw5PY6e3wv25HcAp&mime_type=video_mp4&rc=M3A5ank5cmozPDMzaTczNEBpM3A5ank5cmozPDMzaTczNEAwLXJiMmRjbTNhLS1kMTJzYSMwLXJiMmRjbTNhLS1kMTJzcw%3D%3D&l=202607241007428297947BE4D84B6165BF&btag=e00048000,1:big_caption,https://api.apify.com/v2/key-value-stores/KtYoKZfFP9mS0CE5o/records/transcription-lenecares-20260706202419-7659513415316081950.txt,720,https://www.tiktok.com/@lenecares/video/7659513415316081950
https://p19-common-sign.tiktokcdn.com/tos-maliva-avt-0068/e8c3f2ae33cba98baf6daef7d5bb12b6~tplv-tiktokx-cropcenter:720:720.jpeg?dr=14579&refresh_token=fae4787b&x-expires=1785031200&x-signature=1oz0k80K4WeGfIOq0xjEXHYeBRw%3D&t=4d5b0474&ps=13740610&shp=a5d48078&shcp=81f88b70&idc=my2,,,132000,1605,,472,0,336300,6962003448657740806,marshennnn,marshenn,https://p19-common-sign.tiktokcdn.com/tos-maliva-avt-0068/e8c3f2ae33cba98baf6daef7d5bb12b6~tplv-tiktokx-cropcenter:720:720.jpeg?dr=14579&refresh_token=fae4787b&x-expires=1785031200&x-signature=1oz0k80K4WeGfIOq0xjEXHYeBRw%3D&t=4d5b0474&ps=13740610&shp=a5d48078&shcp=81f88b70&idc=my2,FALSE,https://www.tiktok.com/@marshennnn,"daily digital diary
⋅˚₊‧ ୨୧ ‧₊˚ ⋅
💌: mars.co.photos@gmail.com
STYLEVANA Code: INF105MARS
YesStyle Code: MARSHENN09",FALSE,375,82,16,,1774464624,2026-03-25T18:50:24.000Z,6730236910469547013,influenster,influenster,https://www.tiktok.com/@6730236910469547013,6958834744068228101,headandshoulders,Head and Shoulders,https://www.tiktok.com/@6958834744068228101,,,,,,,,,,,,,,,,,,,,,141,118507609,Puppy boo 2,0,,,complimentary,mintycoolrelief,giftedbyheadandshoulders,scalpcare,hairroutine,,,,,,,,,,,7621267399957925151,scalphealth,TRUE,FALSE,FALSE,FALSE,,,,,,,@influenster,@Head and Shoulders,,,,,,https://p16-common-sign.tiktokcdn.com/tos-alisg-avt-0068/a9ebd5fef00f49d997a296ce8fd3d5b6~tplv-tiktokx-cropcenter:720:720.jpeg?dr=14579&refresh_token=f65b1164&x-expires=1785031200&x-signature=RnXKK6WSzfc5MoFdf50CqBeSFcE%3D&t=4d5b0474&ps=13740610&shp=a5d48078&shcp=81f88b70&idc=my2,,Gom.P,7570944984359193362,nhạc nền - RyanFlynn,TRUE,https://p16-common-sign.tiktokcdn.com/tos-alisg-avt-0068/a9ebd5fef00f49d997a296ce8fd3d5b6~tplv-tiktokx-cropcenter:720:720.jpeg?dr=14579&refresh_token=f65b1164&x-expires=1785031200&x-signature=RnXKK6WSzfc5MoFdf50CqBeSFcE%3D&t=4d5b0474&ps=13740610&shp=a5d48078&shcp=81f88b70&idc=my2,https://v77.tiktokcdn.com/bcbb03914af5613096ccea15a1f0c06a/6a641a90/video/tos/alisg/tos-alisg-v-27dcd7/oQRKiAiiYEBst4ABMcAwfEid0REtET8AoAlLZA/?a=1180&bti=ODszNWYuMDE6&&bt=125&ft=.NpOcInz7The_T8GXq8Zmo&mime_type=audio_mpeg&rc=M3Jsa3I5cnBwNzMzODU8NEBpM3Jsa3I5cnBwNzMzODU8NEBiMTRiMmRzYDVhLS1kMS1zYSNiMTRiMmRzYDVhLS1kMS1zcw%3D%3D&vvpl=1&l=202607241007428297947BE4D84B6165BF&btag=e00048000,8024,0,scalphealth,2300000000,29,,"Perfect & Easy Scalp Treatment 🧖🏻‍♀️🫧

Head & Shoulders Bare Itchy Scalp Relief Serum 🤍

Thank you @influenster & @Head and Shoulders 💝💝

#complimentary #MintyCoolRelief #GiftedByHeadandShoulders #scalpcare #hairroutine ",en,https://p16-common-sign.tiktokcdn.com/tos-useast8-p-0068-tx2/oIYEuHAxfAE4V5D4ADRpVmC8LEEVFEAeHCAIt2~tplv-tiktokx-origin.image?dr=14575&x-expires=1785031200&x-signature=BINwzy0rhbfQE8C6vAYrY%2FpRnZM%3D&t=4d5b0474&ps=13740610&shp=81f88b70&shcp=43f4a2f9&idc=my2,720p,21,mp4,1280,https://p16-common-sign.tiktokcdn.com/tos-useast8-p-0068-tx2/oIYEuHAxfAE4V5D4ADRpVmC8LEEVFEAeHCAIt2~tplv-tiktokx-origin.image?dr=14575&x-expires=1785031200&x-signature=BINwzy0rhbfQE8C6vAYrY%2FpRnZM%3D&t=4d5b0474&ps=13740610&shp=81f88b70&shcp=43f4a2f9&idc=my2,,,,,,,,https://api.apify.com/v2/key-value-stores/KtYoKZfFP9mS0CE5o/records/transcription-marshennnn-20260325185024-7621267399957925151.txt,720,https://www.tiktok.com/@marshennnn/video/7621267399957925151
https://p16-common-sign.tiktokcdn.com/tos-useast2a-avt-0068-euttp/f529ece48092d955e228faf03911582a~tplv-tiktokx-cropcenter:720:720.jpeg?dr=14579&refresh_token=2482a769&x-expires=1785031200&x-signature=bM8NWi2KKmuMXc8iye1CtzquB3k%3D&t=4d5b0474&ps=13740610&shp=a5d48078&shcp=81f88b70&idc=my2,,,6586,112200,,170,0,10800000,7023779002071712773,carolineloves.you,caroline,https://p16-common-sign.tiktokcdn.com/tos-useast2a-avt-0068-euttp/f529ece48092d955e228faf03911582a~tplv-tiktokx-cropcenter:720:720.jpeg?dr=14579&refresh_token=2482a769&x-expires=1785031200&x-signature=bM8NWi2KKmuMXc8iye1CtzquB3k%3D&t=4d5b0474&ps=13740610&shp=a5d48078&shcp=81f88b70&idc=my2,FALSE,https://www.tiktok.com/@carolineloves.you,"fashion/beauty/lifestyle
hamburg, germany
💌caroline@socialcreate.de",FALSE,1052,2849,36,,1738832418,2025-02-06T09:00:18.000Z,,,,,,,,,,,,,,,,,,,,,,,,,,,,,16100,118507609,Puppy boo 2,0,,,,,,,,,,,,,,,,,,7468228314403065110,scalphealth,FALSE,FALSE,FALSE,FALSE,,,,,,,,,,,,,,https://p16-common-sign.tiktokcdn.com/tos-maliva-avt-0068/f37ca2e90cfb75543d441b50e9f26b2b~tplv-tiktokx-cropcenter:720:720.jpeg?dr=14579&refresh_token=a0542697&x-expires=1785031200&x-signature=O1v6%2FfY7CDb5XECp5bLbh871%2Brk%3D&t=4d5b0474&ps=13740610&shp=a5d48078&shcp=81f88b70&idc=my2,,ꜰɪɪʀᴍᴇᴏʟᴅɪᴇꜱᥫ᭡,7057302525195799342,original sound,TRUE,https://p16-common-sign.tiktokcdn.com/tos-maliva-avt-0068/f37ca2e90cfb75543d441b50e9f26b2b~tplv-tiktokx-cropcenter:720:720.jpeg?dr=14579&refresh_token=a0542697&x-expires=1785031200&x-signature=O1v6%2FfY7CDb5XECp5bLbh871%2Brk%3D&t=4d5b0474&ps=13740610&shp=a5d48078&shcp=81f88b70&idc=my2,https://v77.tiktokcdn.com/00de9d7df7ac164aa462769d95a0eb49/6a641a8b/video/tos/maliva/tos-maliva-v-27dcd7c799-us/32487d01db2b4498aba0067cb563469b/?a=1180&bti=ODszNWYuMDE6&&bt=104&ft=.NpOcInz7The_T8GXq8Zmo&mime_type=audio_mp4&rc=M2l1bDs6Zms8OjMzZzU8NEBpM2l1bDs6Zms8OjMzZzU8NEAwNC1ocjRvM2xgLS1kMS9zYSMwNC1ocjRvM2xgLS1kMS9zcw%3D%3D&vvpl=1&l=202607241007428297947BE4D84B6165BF&btag=e00078000,205200,0,scalphealth,2300000000,421,,just moisturize your scalp pleaseeeee /ad,en,https://p16-common-sign.tiktokcdn.com/tos-no1a-p-0037-no/oIFFoEDKFAYhp9IeARiAACFEK35IQkAfgnHXGE~tplv-tiktokx-origin.image?dr=14575&x-expires=1785031200&x-signature=EWvWgbQb2WPyRw%2F0yg69ZBEKDXc%3D&t=4d5b0474&ps=13740610&shp=81f88b70&shcp=43f4a2f9&idc=my2,540p,21,mp4,1024,https://p16-common-sign.tiktokcdn.com/tos-no1a-p-0037-no/oIFFoEDKFAYhp9IeARiAACFEK35IQkAfgnHXGE~tplv-tiktokx-origin.image?dr=14575&x-expires=1785031200&x-signature=EWvWgbQb2WPyRw%2F0yg69ZBEKDXc%3D&t=4d5b0474&ps=13740610&shp=81f88b70&shcp=43f4a2f9&idc=my2,,,,,,,,https://api.apify.com/v2/key-value-stores/KtYoKZfFP9mS0CE5o/records/transcription-carolinelo-20250206090018-7468228314403065110.txt,576,https://www.tiktok.com/@carolineloves.you/video/7468228314403065110